id_pedido,data_pedido,data_prometida,data_envio,frete,pais_entrega,regiao_entrega,id_cliente,cliente,cidade_cliente,pais_cliente,produto,descontinuado,categoria,preco_unitario,quantidade,desconto,receita,dias_entrega,entrega_atrasada
10248,1996-07-04,1996-08-01,1996-07-16,32.38,France,NAO INFORMADO,VINET,Vins et alcools Chevalier,Reims,France,Queso Cabrales,0,Dairy Products,14.0,12,0.0,168.0,12,False
10248,1996-07-04,1996-08-01,1996-07-16,32.38,France,NAO INFORMADO,VINET,Vins et alcools Chevalier,Reims,France,Mozzarella di Giovanni,0,Dairy Products,34.8,5,0.0,174.0,12,False
10249,1996-07-05,1996-08-16,1996-07-10,11.61,Germany,NAO INFORMADO,TOMSP,Toms Spezialitäten,Münster,Germany,Tofu,0,Produce,18.6,9,0.0,167.4,5,False
10249,1996-07-05,1996-08-16,1996-07-10,11.61,Germany,NAO INFORMADO,TOMSP,Toms Spezialitäten,Münster,Germany,Manjimup Dried Apples,0,Produce,42.4,40,0.0,1696.0,5,False
10250,1996-07-08,1996-08-05,1996-07-12,65.83,Brazil,RJ,HANAR,Hanari Carnes,Rio de Janeiro,Brazil,Jack's New England Clam Chowder,0,Seafood,7.7,10,0.0,77.0,4,False
10250,1996-07-08,1996-08-05,1996-07-12,65.83,Brazil,RJ,HANAR,Hanari Carnes,Rio de Janeiro,Brazil,Manjimup Dried Apples,0,Produce,42.4,35,0.15,1261.4,4,False
10250,1996-07-08,1996-08-05,1996-07-12,65.83,Brazil,RJ,HANAR,Hanari Carnes,Rio de Janeiro,Brazil,Louisiana Fiery Hot Pepper Sauce,0,Condiments,16.8,15,0.15,214.2,4,False
10251,1996-07-08,1996-08-05,1996-07-15,41.34,France,NAO INFORMADO,VICTE,Victuailles en stock,Lyon,France,Gustaf's Knäckebröd,0,Grains/Cereals,16.8,6,0.05,95.76,7,False
10251,1996-07-08,1996-08-05,1996-07-15,41.34,France,NAO INFORMADO,VICTE,Victuailles en stock,Lyon,France,Ravioli Angelo,0,Grains/Cereals,15.6,15,0.05,222.3,7,False
10251,1996-07-08,1996-08-05,1996-07-15,41.34,France,NAO INFORMADO,VICTE,Victuailles en stock,Lyon,France,Louisiana Fiery Hot Pepper Sauce,0,Condiments,16.8,20,0.0,336.0,7,False
10252,1996-07-09,1996-08-06,1996-07-11,51.3,Belgium,NAO INFORMADO,SUPRD,Suprêmes délices,Charleroi,Belgium,Sir Rodney's Marmalade,0,Confections,64.8,40,0.05,2462.4,2,False
10252,1996-07-09,1996-08-06,1996-07-11,51.3,Belgium,NAO INFORMADO,SUPRD,Suprêmes délices,Charleroi,Belgium,Geitost,0,Dairy Products,2.0,25,0.05,47.5,2,False
10252,1996-07-09,1996-08-06,1996-07-11,51.3,Belgium,NAO INFORMADO,SUPRD,Suprêmes délices,Charleroi,Belgium,Camembert Pierrot,0,Dairy Products,27.2,40,0.0,1088.0,2,False
10253,1996-07-10,1996-07-24,1996-07-16,58.17,Brazil,RJ,HANAR,Hanari Carnes,Rio de Janeiro,Brazil,Gorgonzola Telino,0,Dairy Products,10.0,20,0.0,200.0,6,False
10253,1996-07-10,1996-07-24,1996-07-16,58.17,Brazil,RJ,HANAR,Hanari Carnes,Rio de Janeiro,Brazil,Chartreuse verte,0,Beverages,14.4,42,0.0,604.8,6,False
10253,1996-07-10,1996-07-24,1996-07-16,58.17,Brazil,RJ,HANAR,Hanari Carnes,Rio de Janeiro,Brazil,Maxilaku,0,Confections,16.0,40,0.0,640.0,6,False
10254,1996-07-11,1996-08-08,1996-07-23,22.98,Switzerland,NAO INFORMADO,CHOPS,Chop-suey Chinese,Bern,Switzerland,Pâté chinois,0,Meat/Poultry,19.2,21,0.15,342.72,12,False
10254,1996-07-11,1996-08-08,1996-07-23,22.98,Switzerland,NAO INFORMADO,CHOPS,Chop-suey Chinese,Bern,Switzerland,Longlife Tofu,0,Produce,8.0,21,0.0,168.0,12,False
10255,1996-07-12,1996-08-09,1996-07-15,148.33,Switzerland,NAO INFORMADO,RICSU,Richter Supermarkt,Genève,Switzerland,Pavlova,0,Confections,13.9,35,0.0,486.5,3,False
10255,1996-07-12,1996-08-09,1996-07-15,148.33,Switzerland,NAO INFORMADO,RICSU,Richter Supermarkt,Genève,Switzerland,Inlagd Sill,0,Seafood,15.2,25,0.0,380.0,3,False
10255,1996-07-12,1996-08-09,1996-07-15,148.33,Switzerland,NAO INFORMADO,RICSU,Richter Supermarkt,Genève,Switzerland,Raclette Courdavault,0,Dairy Products,44.0,30,0.0,1320.0,3,False
10256,1996-07-15,1996-08-12,1996-07-17,13.97,Brazil,SP,WELLI,Wellington Importadora,Resende,Brazil,Original Frankfurter grüne Soße,0,Condiments,10.4,12,0.0,124.8,2,False
10257,1996-07-16,1996-08-13,1996-07-22,81.91,Venezuela,Táchira,HILAA,HILARION-Abastos,San Cristóbal,Venezuela,Schoggi Schokolade,0,Confections,35.1,25,0.0,877.5,6,False
10257,1996-07-16,1996-08-13,1996-07-22,81.91,Venezuela,Táchira,HILAA,HILARION-Abastos,San Cristóbal,Venezuela,Chartreuse verte,0,Beverages,14.4,6,0.0,86.4,6,False
10257,1996-07-16,1996-08-13,1996-07-22,81.91,Venezuela,Táchira,HILAA,HILARION-Abastos,San Cristóbal,Venezuela,Original Frankfurter grüne Soße,0,Condiments,10.4,15,0.0,156.0,6,False
10258,1996-07-17,1996-08-14,1996-07-23,140.51,Austria,NAO INFORMADO,ERNSH,Ernst Handel,Graz,Austria,Mascarpone Fabioli,0,Dairy Products,25.6,6,0.2,122.88,6,False
10259,1996-07-18,1996-08-15,1996-07-25,3.25,Mexico,NAO INFORMADO,CENTC,Centro comercial Moctezuma,México D.F.,Mexico,Sir Rodney's Scones,0,Confections,8.0,10,0.0,80.0,7,False
10259,1996-07-18,1996-08-15,1996-07-25,3.25,Mexico,NAO INFORMADO,CENTC,Centro comercial Moctezuma,México D.F.,Mexico,Gravad lax,0,Seafood,20.8,1,0.0,20.8,7,False
10260,1996-07-19,1996-08-16,1996-07-29,55.09,Germany,NAO INFORMADO,OTTIK,Ottilies Käseladen,Köln,Germany,Jack's New England Clam Chowder,0,Seafood,7.7,16,0.25,92.4,10,False
10260,1996-07-19,1996-08-16,1996-07-29,55.09,Germany,NAO INFORMADO,OTTIK,Ottilies Käseladen,Köln,Germany,Ravioli Angelo,0,Grains/Cereals,15.6,50,0.0,780.0,10,False
10260,1996-07-19,1996-08-16,1996-07-29,55.09,Germany,NAO INFORMADO,OTTIK,Ottilies Käseladen,Köln,Germany,Tarte au sucre,0,Confections,39.4,15,0.25,443.25,10,False
10260,1996-07-19,1996-08-16,1996-07-29,55.09,Germany,NAO INFORMADO,OTTIK,Ottilies Käseladen,Köln,Germany,Outback Lager,0,Beverages,12.0,21,0.25,189.0,10,False
10261,1996-07-19,1996-08-16,1996-07-30,3.05,Brazil,RJ,QUEDE,Que Delícia,Rio de Janeiro,Brazil,Sir Rodney's Scones,0,Confections,8.0,20,0.0,160.0,11,False
10261,1996-07-19,1996-08-16,1996-07-30,3.05,Brazil,RJ,QUEDE,Que Delícia,Rio de Janeiro,Brazil,Steeleye Stout,0,Beverages,14.4,20,0.0,288.0,11,False
10262,1996-07-22,1996-08-19,1996-07-25,48.29,USA,NM,RATTC,Rattlesnake Canyon Grocery,Albuquerque,USA,Uncle Bob's Organic Dried Pears,0,Produce,24.0,15,0.0,360.0,3,False
10262,1996-07-22,1996-08-19,1996-07-25,48.29,USA,NM,RATTC,Rattlesnake Canyon Grocery,Albuquerque,USA,Gnocchi di nonna Alice,0,Grains/Cereals,30.4,2,0.0,60.8,3,False
10263,1996-07-23,1996-08-20,1996-07-31,146.06,Austria,NAO INFORMADO,ERNSH,Ernst Handel,Graz,Austria,Pavlova,0,Confections,13.9,60,0.25,625.5,8,False
10263,1996-07-23,1996-08-20,1996-07-31,146.06,Austria,NAO INFORMADO,ERNSH,Ernst Handel,Graz,Austria,Nord-Ost Matjeshering,0,Seafood,20.7,60,0.25,931.5,8,False
10263,1996-07-23,1996-08-20,1996-07-31,146.06,Austria,NAO INFORMADO,ERNSH,Ernst Handel,Graz,Austria,Longlife Tofu,0,Produce,8.0,36,0.25,216.0,8,False
10264,1996-07-24,1996-08-21,1996-08-23,3.67,Sweden,NAO INFORMADO,FOLKO,Folk och fä HB,Bräcke,Sweden,Jack's New England Clam Chowder,0,Seafood,7.7,25,0.15,163.62,30,True
10265,1996-07-25,1996-08-22,1996-08-12,55.28,France,NAO INFORMADO,BLONP,Blondesddsl père et fils,Strasbourg,France,Outback Lager,0,Beverages,12.0,20,0.0,240.0,18,False
10266,1996-07-26,1996-09-06,1996-07-31,25.73,Finland,NAO INFORMADO,WARTH,Wartian Herkku,Oulu,Finland,Queso Manchego La Pastora,0,Dairy Products,30.4,12,0.05,346.56,5,False
10267,1996-07-29,1996-08-26,1996-08-06,208.58,Germany,NAO INFORMADO,FRANK,Frankenversand,München,Germany,Boston Crab Meat,0,Seafood,14.7,50,0.0,735.0,8,False
10267,1996-07-29,1996-08-26,1996-08-06,208.58,Germany,NAO INFORMADO,FRANK,Frankenversand,München,Germany,Raclette Courdavault,0,Dairy Products,44.0,70,0.15,2618.0,8,False
10267,1996-07-29,1996-08-26,1996-08-06,208.58,Germany,NAO INFORMADO,FRANK,Frankenversand,München,Germany,Lakkalikööri,0,Beverages,14.4,15,0.15,183.6,8,False
10268,1996-07-30,1996-08-27,1996-08-02,66.29,Venezuela,DF,GROSR,GROSELLA-Restaurante,Caracas,Venezuela,Mozzarella di Giovanni,0,Dairy Products,27.8,4,0.0,111.2,3,False
10269,1996-07-31,1996-08-14,1996-08-09,4.56,USA,WA,WHITC,White Clover Markets,Seattle,USA,Geitost,0,Dairy Products,2.0,60,0.05,114.0,9,False
10269,1996-07-31,1996-08-14,1996-08-09,4.56,USA,WA,WHITC,White Clover Markets,Seattle,USA,Mozzarella di Giovanni,0,Dairy Products,27.8,20,0.05,528.2,9,False
10270,1996-08-01,1996-08-29,1996-08-02,136.54,Finland,NAO INFORMADO,WARTH,Wartian Herkku,Oulu,Finland,Inlagd Sill,0,Seafood,15.2,30,0.0,456.0,1,False
10270,1996-08-01,1996-08-29,1996-08-02,136.54,Finland,NAO INFORMADO,WARTH,Wartian Herkku,Oulu,Finland,Ipoh Coffee,0,Beverages,36.8,25,0.0,920.0,1,False
10271,1996-08-01,1996-08-29,1996-08-30,4.54,USA,WY,SPLIR,Split Rail Beer & Ale,Lander,USA,Geitost,0,Dairy Products,2.0,24,0.0,48.0,29,True
10272,1996-08-02,1996-08-30,1996-08-06,98.03,USA,NM,RATTC,Rattlesnake Canyon Grocery,Albuquerque,USA,Sir Rodney's Marmalade,0,Confections,64.8,6,0.0,388.8,4,False
10272,1996-08-02,1996-08-30,1996-08-06,98.03,USA,NM,RATTC,Rattlesnake Canyon Grocery,Albuquerque,USA,Gorgonzola Telino,0,Dairy Products,10.0,40,0.0,400.0,4,False
10272,1996-08-02,1996-08-30,1996-08-06,98.03,USA,NM,RATTC,Rattlesnake Canyon Grocery,Albuquerque,USA,Mozzarella di Giovanni,0,Dairy Products,27.8,24,0.0,667.2,4,False
10273,1996-08-05,1996-09-02,1996-08-12,76.07,Germany,NAO INFORMADO,QUICK,QUICK-Stop,Cunewalde,Germany,Ikura,0,Seafood,24.8,24,0.05,565.44,7,False
10273,1996-08-05,1996-09-02,1996-08-12,76.07,Germany,NAO INFORMADO,QUICK,QUICK-Stop,Cunewalde,Germany,Gorgonzola Telino,0,Dairy Products,10.0,15,0.05,142.5,7,False
10273,1996-08-05,1996-09-02,1996-08-12,76.07,Germany,NAO INFORMADO,QUICK,QUICK-Stop,Cunewalde,Germany,Geitost,0,Dairy Products,2.0,20,0.0,40.0,7,False
10273,1996-08-05,1996-09-02,1996-08-12,76.07,Germany,NAO INFORMADO,QUICK,QUICK-Stop,Cunewalde,Germany,Boston Crab Meat,0,Seafood,14.7,60,0.05,837.9,7,False
10273,1996-08-05,1996-09-02,1996-08-12,76.07,Germany,NAO INFORMADO,QUICK,QUICK-Stop,Cunewalde,Germany,Lakkalikööri,0,Beverages,14.4,33,0.05,451.44,7,False
10274,1996-08-06,1996-09-03,1996-08-16,6.01,France,NAO INFORMADO,VINET,Vins et alcools Chevalier,Reims,France,Flotemysost,0,Dairy Products,17.2,20,0.0,344.0,10,False
10274,1996-08-06,1996-09-03,1996-08-16,6.01,France,NAO INFORMADO,VINET,Vins et alcools Chevalier,Reims,France,Mozzarella di Giovanni,0,Dairy Products,27.8,7,0.0,194.6,10,False
10275,1996-08-07,1996-09-04,1996-08-09,26.93,Italy,NAO INFORMADO,MAGAA,Magazzini Alimentari Riuniti,Bergamo,Italy,Raclette Courdavault,0,Dairy Products,44.0,6,0.05,250.8,2,False
10276,1996-08-08,1996-08-22,1996-08-14,13.84,Mexico,NAO INFORMADO,TORTU,Tortuga Restaurante,México D.F.,Mexico,Ikura,0,Seafood,24.8,15,0.0,372.0,6,False
10276,1996-08-08,1996-08-22,1996-08-14,13.84,Mexico,NAO INFORMADO,TORTU,Tortuga Restaurante,México D.F.,Mexico,Konbu,0,Seafood,4.8,10,0.0,48.0,6,False
10277,1996-08-09,1996-09-06,1996-08-13,125.77,Germany,NAO INFORMADO,MORGK,Morgenstern Gesundkost,Leipzig,Germany,Tarte au sucre,0,Confections,39.4,12,0.0,472.8,4,False
10278,1996-08-12,1996-09-09,1996-08-16,92.69,Sweden,NAO INFORMADO,BERGS,Berglunds snabbköp,Luleå,Sweden,Gula Malacca,0,Condiments,15.5,16,0.0,248.0,4,False
10278,1996-08-12,1996-09-09,1996-08-16,92.69,Sweden,NAO INFORMADO,BERGS,Berglunds snabbköp,Luleå,Sweden,Raclette Courdavault,0,Dairy Products,44.0,15,0.0,660.0,4,False
10278,1996-08-12,1996-09-09,1996-08-16,92.69,Sweden,NAO INFORMADO,BERGS,Berglunds snabbköp,Luleå,Sweden,Vegie-spread,0,Condiments,35.1,8,0.0,280.8,4,False
10278,1996-08-12,1996-09-09,1996-08-16,92.69,Sweden,NAO INFORMADO,BERGS,Berglunds snabbköp,Luleå,Sweden,Röd Kaviar,0,Seafood,12.0,25,0.0,300.0,4,False
10280,1996-08-14,1996-09-11,1996-09-12,8.98,Sweden,NAO INFORMADO,BERGS,Berglunds snabbköp,Luleå,Sweden,Pâté chinois,0,Meat/Poultry,19.2,20,0.0,384.0,29,True
10280,1996-08-14,1996-09-11,1996-09-12,8.98,Sweden,NAO INFORMADO,BERGS,Berglunds snabbköp,Luleå,Sweden,Rhönbräu Klosterbier,0,Beverages,6.2,30,0.0,186.0,29,True
10281,1996-08-14,1996-08-28,1996-08-21,2.94,Spain,NAO INFORMADO,ROMEY,Romero y tomillo,Madrid,Spain,Teatime Chocolate Biscuits,0,Confections,7.3,1,0.0,7.3,7,False
10281,1996-08-14,1996-08-28,1996-08-21,2.94,Spain,NAO INFORMADO,ROMEY,Romero y tomillo,Madrid,Spain,Steeleye Stout,0,Beverages,14.4,4,0.0,57.6,7,False
10282,1996-08-15,1996-09-12,1996-08-21,12.69,Spain,NAO INFORMADO,ROMEY,Romero y tomillo,Madrid,Spain,Nord-Ost Matjeshering,0,Seafood,20.7,6,0.0,124.2,6,False
10282,1996-08-15,1996-09-12,1996-08-21,12.69,Spain,NAO INFORMADO,ROMEY,Romero y tomillo,Madrid,Spain,Ravioli Angelo,0,Grains/Cereals,15.6,2,0.0,31.2,6,False
10283,1996-08-16,1996-09-13,1996-08-23,84.81,Venezuela,Lara,LILAS,LILA-Supermercado,Barquisimeto,Venezuela,Genen Shouyu,0,Condiments,12.4,20,0.0,248.0,7,False
10283,1996-08-16,1996-09-13,1996-08-23,84.81,Venezuela,Lara,LILAS,LILA-Supermercado,Barquisimeto,Venezuela,Teatime Chocolate Biscuits,0,Confections,7.3,18,0.0,131.4,7,False
10283,1996-08-16,1996-09-13,1996-08-23,84.81,Venezuela,Lara,LILAS,LILA-Supermercado,Barquisimeto,Venezuela,Camembert Pierrot,0,Dairy Products,27.2,35,0.0,952.0,7,False
10283,1996-08-16,1996-09-13,1996-08-23,84.81,Venezuela,Lara,LILAS,LILA-Supermercado,Barquisimeto,Venezuela,Mozzarella di Giovanni,0,Dairy Products,27.8,3,0.0,83.4,7,False
10284,1996-08-19,1996-09-16,1996-08-27,76.56,Germany,NAO INFORMADO,LEHMS,Lehmanns Marktstand,Frankfurt a.M.,Germany,Schoggi Schokolade,0,Confections,35.1,15,0.25,394.88,8,False
10284,1996-08-19,1996-09-16,1996-08-27,76.56,Germany,NAO INFORMADO,LEHMS,Lehmanns Marktstand,Frankfurt a.M.,Germany,Gula Malacca,0,Condiments,15.5,21,0.0,325.5,8,False
10284,1996-08-19,1996-09-16,1996-08-27,76.56,Germany,NAO INFORMADO,LEHMS,Lehmanns Marktstand,Frankfurt a.M.,Germany,Camembert Pierrot,0,Dairy Products,27.2,20,0.25,408.0,8,False
10284,1996-08-19,1996-09-16,1996-08-27,76.56,Germany,NAO INFORMADO,LEHMS,Lehmanns Marktstand,Frankfurt a.M.,Germany,Laughing Lumberjack Lager,0,Beverages,11.2,5,0.25,42.0,8,False
10285,1996-08-20,1996-09-17,1996-08-26,76.83,Germany,NAO INFORMADO,QUICK,QUICK-Stop,Cunewalde,Germany,Boston Crab Meat,0,Seafood,14.7,40,0.2,470.4,6,False
10286,1996-08-21,1996-09-18,1996-08-30,229.24,Germany,NAO INFORMADO,QUICK,QUICK-Stop,Cunewalde,Germany,Steeleye Stout,0,Beverages,14.4,100,0.0,1440.0,9,False
10286,1996-08-21,1996-09-18,1996-08-30,229.24,Germany,NAO INFORMADO,QUICK,QUICK-Stop,Cunewalde,Germany,Tarte au sucre,0,Confections,39.4,40,0.0,1576.0,9,False
10287,1996-08-22,1996-09-19,1996-08-28,12.76,Brazil,RJ,RICAR,Ricardo Adocicados,Rio de Janeiro,Brazil,Pavlova,0,Confections,13.9,40,0.15,472.6,6,False
10287,1996-08-22,1996-09-19,1996-08-28,12.76,Brazil,RJ,RICAR,Ricardo Adocicados,Rio de Janeiro,Brazil,Sasquatch Ale,0,Beverages,11.2,20,0.0,224.0,6,False
10287,1996-08-22,1996-09-19,1996-08-28,12.76,Brazil,RJ,RICAR,Ricardo Adocicados,Rio de Janeiro,Brazil,Spegesild,0,Seafood,9.6,15,0.15,122.4,6,False
10288,1996-08-23,1996-09-20,1996-09-03,7.45,Italy,NAO INFORMADO,REGGC,Reggiani Caseifici,Reggio Emilia,Italy,Tourtière,0,Meat/Poultry,5.9,10,0.1,53.1,11,False
10288,1996-08-23,1996-09-20,1996-09-03,7.45,Italy,NAO INFORMADO,REGGC,Reggiani Caseifici,Reggio Emilia,Italy,Scottish Longbreads,0,Confections,10.0,3,0.1,27.0,11,False
10289,1996-08-26,1996-09-23,1996-08-28,22.77,UK,NAO INFORMADO,BSBEV,B's Beverages,London,UK,Aniseed Syrup,0,Condiments,8.0,30,0.0,240.0,2,False
10289,1996-08-26,1996-09-23,1996-08-28,22.77,UK,NAO INFORMADO,BSBEV,B's Beverages,London,UK,Wimmers gute Semmelknödel,0,Grains/Cereals,26.6,9,0.0,239.4,2,False
10290,1996-08-27,1996-09-24,1996-09-03,79.7,Brazil,SP,COMMI,Comércio Mineiro,Sao Paulo,Brazil,Maxilaku,0,Confections,16.0,15,0.0,240.0,7,False
10290,1996-08-27,1996-09-24,1996-09-03,79.7,Brazil,SP,COMMI,Comércio Mineiro,Sao Paulo,Brazil,Original Frankfurter grüne Soße,0,Condiments,10.4,10,0.0,104.0,7,False
10291,1996-08-27,1996-09-24,1996-09-04,6.4,Brazil,RJ,QUEDE,Que Delícia,Rio de Janeiro,Brazil,Konbu,0,Seafood,4.8,20,0.1,86.4,8,False
10291,1996-08-27,1996-09-24,1996-09-04,6.4,Brazil,RJ,QUEDE,Que Delícia,Rio de Janeiro,Brazil,Gula Malacca,0,Condiments,15.5,24,0.1,334.8,8,False
10291,1996-08-27,1996-09-24,1996-09-04,6.4,Brazil,RJ,QUEDE,Que Delícia,Rio de Janeiro,Brazil,Manjimup Dried Apples,0,Produce,42.4,2,0.1,76.32,8,False
10292,1996-08-28,1996-09-25,1996-09-02,1.35,Brazil,SP,TRADH,Tradição Hipermercados,Sao Paulo,Brazil,Sir Rodney's Marmalade,0,Confections,64.8,20,0.0,1296.0,5,False
10293,1996-08-29,1996-09-26,1996-09-11,21.18,Mexico,NAO INFORMADO,TORTU,Tortuga Restaurante,México D.F.,Mexico,Carnarvon Tigers,0,Seafood,50.0,12,0.0,600.0,13,False
10293,1996-08-29,1996-09-26,1996-09-11,21.18,Mexico,NAO INFORMADO,TORTU,Tortuga Restaurante,México D.F.,Mexico,Vegie-spread,0,Condiments,35.1,5,0.0,175.5,13,False
10293,1996-08-29,1996-09-26,1996-09-11,21.18,Mexico,NAO INFORMADO,TORTU,Tortuga Restaurante,México D.F.,Mexico,Rhönbräu Klosterbier,0,Beverages,6.2,6,0.0,37.2,13,False
10294,1996-08-30,1996-09-27,1996-09-05,147.26,USA,NM,RATTC,Rattlesnake Canyon Grocery,Albuquerque,USA,Ipoh Coffee,0,Beverages,36.8,15,0.0,552.0,6,False
10294,1996-08-30,1996-09-27,1996-09-05,147.26,USA,NM,RATTC,Rattlesnake Canyon Grocery,Albuquerque,USA,Camembert Pierrot,0,Dairy Products,27.2,21,0.0,571.2,6,False
10294,1996-08-30,1996-09-27,1996-09-05,147.26,USA,NM,RATTC,Rattlesnake Canyon Grocery,Albuquerque,USA,Rhönbräu Klosterbier,0,Beverages,6.2,6,0.0,37.2,6,False
10295,1996-09-02,1996-09-30,1996-09-10,1.15,France,NAO INFORMADO,VINET,Vins et alcools Chevalier,Reims,France,Gnocchi di nonna Alice,0,Grains/Cereals,30.4,4,0.0,121.6,8,False
10296,1996-09-03,1996-10-01,1996-09-11,0.12,Venezuela,Lara,LILAS,LILA-Supermercado,Barquisimeto,Venezuela,Queso Cabrales,0,Dairy Products,16.8,12,0.0,201.6,8,False
10296,1996-09-03,1996-10-01,1996-09-11,0.12,Venezuela,Lara,LILAS,LILA-Supermercado,Barquisimeto,Venezuela,Pavlova,0,Confections,13.9,30,0.0,417.0,8,False
10296,1996-09-03,1996-10-01,1996-09-11,0.12,Venezuela,Lara,LILAS,LILA-Supermercado,Barquisimeto,Venezuela,Gudbrandsdalsost,0,Dairy Products,28.8,15,0.0,432.0,8,False
10297,1996-09-04,1996-10-16,1996-09-10,5.74,France,NAO INFORMADO,BLONP,Blondesddsl père et fils,Strasbourg,France,Chartreuse verte,0,Beverages,14.4,60,0.0,864.0,6,False
10297,1996-09-04,1996-10-16,1996-09-10,5.74,France,NAO INFORMADO,BLONP,Blondesddsl père et fils,Strasbourg,France,Mozzarella di Giovanni,0,Dairy Products,27.8,20,0.0,556.0,6,False
10298,1996-09-05,1996-10-03,1996-09-11,168.22,Ireland,Co. Cork,HUNGO,Hungry Owl All-Night Grocers,Cork,Ireland,Inlagd Sill,0,Seafood,15.2,40,0.25,456.0,6,False
10298,1996-09-05,1996-10-03,1996-09-11,168.22,Ireland,Co. Cork,HUNGO,Hungry Owl All-Night Grocers,Cork,Ireland,Raclette Courdavault,0,Dairy Products,44.0,30,0.25,990.0,6,False
10298,1996-09-05,1996-10-03,1996-09-11,168.22,Ireland,Co. Cork,HUNGO,Hungry Owl All-Night Grocers,Cork,Ireland,Tarte au sucre,0,Confections,39.4,15,0.0,591.0,6,False
10299,1996-09-06,1996-10-04,1996-09-13,29.76,Brazil,RJ,RICAR,Ricardo Adocicados,Rio de Janeiro,Brazil,Teatime Chocolate Biscuits,0,Confections,7.3,15,0.0,109.5,7,False
10299,1996-09-06,1996-10-04,1996-09-13,29.76,Brazil,RJ,RICAR,Ricardo Adocicados,Rio de Janeiro,Brazil,Outback Lager,0,Beverages,12.0,20,0.0,240.0,7,False
10300,1996-09-09,1996-10-07,1996-09-18,17.68,Italy,NAO INFORMADO,MAGAA,Magazzini Alimentari Riuniti,Bergamo,Italy,Louisiana Hot Spiced Okra,0,Condiments,13.6,30,0.0,408.0,9,False
10300,1996-09-09,1996-10-07,1996-09-18,17.68,Italy,NAO INFORMADO,MAGAA,Magazzini Alimentari Riuniti,Bergamo,Italy,Scottish Longbreads,0,Confections,10.0,20,0.0,200.0,9,False
10301,1996-09-09,1996-10-07,1996-09-17,45.08,Germany,NAO INFORMADO,WANDK,Die Wandernde Kuh,Stuttgart,Germany,Boston Crab Meat,0,Seafood,14.7,10,0.0,147.0,8,False
10301,1996-09-09,1996-10-07,1996-09-17,45.08,Germany,NAO INFORMADO,WANDK,Die Wandernde Kuh,Stuttgart,Germany,Gnocchi di nonna Alice,0,Grains/Cereals,30.4,20,0.0,608.0,8,False
10302,1996-09-10,1996-10-08,1996-10-09,6.27,Belgium,NAO INFORMADO,SUPRD,Suprêmes délices,Charleroi,Belgium,Ipoh Coffee,0,Beverages,36.8,12,0.0,441.6,29,True
10303,1996-09-11,1996-10-09,1996-09-18,107.83,Spain,NAO INFORMADO,GODOS,Godos Cocina Típica,Sevilla,Spain,Boston Crab Meat,0,Seafood,14.7,40,0.1,529.2,7,False
10303,1996-09-11,1996-10-09,1996-09-18,107.83,Spain,NAO INFORMADO,GODOS,Godos Cocina Típica,Sevilla,Spain,Louisiana Fiery Hot Pepper Sauce,0,Condiments,16.8,30,0.1,453.6,7,False
10303,1996-09-11,1996-10-09,1996-09-18,107.83,Spain,NAO INFORMADO,GODOS,Godos Cocina Típica,Sevilla,Spain,Scottish Longbreads,0,Confections,10.0,15,0.1,135.0,7,False
10304,1996-09-12,1996-10-10,1996-09-17,63.79,Mexico,NAO INFORMADO,TORTU,Tortuga Restaurante,México D.F.,Mexico,Maxilaku,0,Confections,16.0,30,0.0,480.0,5,False
10304,1996-09-12,1996-10-10,1996-09-17,63.79,Mexico,NAO INFORMADO,TORTU,Tortuga Restaurante,México D.F.,Mexico,Raclette Courdavault,0,Dairy Products,44.0,10,0.0,440.0,5,False
10304,1996-09-12,1996-10-10,1996-09-17,63.79,Mexico,NAO INFORMADO,TORTU,Tortuga Restaurante,México D.F.,Mexico,Flotemysost,0,Dairy Products,17.2,2,0.0,34.4,5,False
10305,1996-09-13,1996-10-11,1996-10-09,257.62,USA,AK,OLDWO,Old World Delicatessen,Anchorage,USA,Carnarvon Tigers,0,Seafood,50.0,25,0.1,1125.0,26,False
10305,1996-09-13,1996-10-11,1996-10-09,257.62,USA,AK,OLDWO,Old World Delicatessen,Anchorage,USA,Chartreuse verte,0,Beverages,14.4,30,0.1,388.8,26,False
10306,1996-09-16,1996-10-14,1996-09-23,7.56,Spain,NAO INFORMADO,ROMEY,Romero y tomillo,Madrid,Spain,Nord-Ost Matjeshering,0,Seafood,20.7,10,0.0,207.0,7,False
10306,1996-09-16,1996-10-14,1996-09-23,7.56,Spain,NAO INFORMADO,ROMEY,Romero y tomillo,Madrid,Spain,Tourtière,0,Meat/Poultry,5.9,5,0.0,29.5,7,False
10307,1996-09-17,1996-10-15,1996-09-25,0.56,USA,OR,LONEP,Lonesome Pine Restaurant,Portland,USA,Tarte au sucre,0,Confections,39.4,10,0.0,394.0,8,False
10307,1996-09-17,1996-10-15,1996-09-25,0.56,USA,OR,LONEP,Lonesome Pine Restaurant,Portland,USA,Scottish Longbreads,0,Confections,10.0,3,0.0,30.0,8,False
10308,1996-09-18,1996-10-16,1996-09-24,1.61,Mexico,NAO INFORMADO,ANATR,Ana Trujillo Emparedados y helados,México D.F.,Mexico,Gudbrandsdalsost,0,Dairy Products,28.8,1,0.0,28.8,6,False
10308,1996-09-18,1996-10-16,1996-09-24,1.61,Mexico,NAO INFORMADO,ANATR,Ana Trujillo Emparedados y helados,México D.F.,Mexico,Outback Lager,0,Beverages,12.0,5,0.0,60.0,6,False
10309,1996-09-19,1996-10-17,1996-10-23,47.3,Ireland,Co. Cork,HUNGO,Hungry Owl All-Night Grocers,Cork,Ireland,Chef Anton's Cajun Seasoning,0,Condiments,17.6,20,0.0,352.0,34,True
10309,1996-09-19,1996-10-17,1996-10-23,47.3,Ireland,Co. Cork,HUNGO,Hungry Owl All-Night Grocers,Cork,Ireland,Grandma's Boysenberry Spread,0,Condiments,20.0,30,0.0,600.0,34,True
10309,1996-09-19,1996-10-17,1996-10-23,47.3,Ireland,Co. Cork,HUNGO,Hungry Owl All-Night Grocers,Cork,Ireland,Ipoh Coffee,0,Beverages,36.8,20,0.0,736.0,34,True
10309,1996-09-19,1996-10-17,1996-10-23,47.3,Ireland,Co. Cork,HUNGO,Hungry Owl All-Night Grocers,Cork,Ireland,Flotemysost,0,Dairy Products,17.2,3,0.0,51.6,34,True
10310,1996-09-20,1996-10-18,1996-09-27,17.52,USA,OR,THEBI,The Big Cheese,Portland,USA,Pavlova,0,Confections,13.9,10,0.0,139.0,7,False
10310,1996-09-20,1996-10-18,1996-09-27,17.52,USA,OR,THEBI,The Big Cheese,Portland,USA,Tarte au sucre,0,Confections,39.4,5,0.0,197.0,7,False
10311,1996-09-20,1996-10-04,1996-09-26,24.69,France,NAO INFORMADO,DUMON,Du monde entier,Nantes,France,Gudbrandsdalsost,0,Dairy Products,28.8,7,0.0,201.6,6,False
10312,1996-09-23,1996-10-21,1996-10-03,40.26,Germany,NAO INFORMADO,WANDK,Die Wandernde Kuh,Stuttgart,Germany,Ipoh Coffee,0,Beverages,36.8,24,0.0,883.2,10,False
10312,1996-09-23,1996-10-21,1996-10-03,40.26,Germany,NAO INFORMADO,WANDK,Die Wandernde Kuh,Stuttgart,Germany,Rhönbräu Klosterbier,0,Beverages,6.2,10,0.0,62.0,10,False
10313,1996-09-24,1996-10-22,1996-10-04,1.96,Germany,NAO INFORMADO,QUICK,QUICK-Stop,Cunewalde,Germany,Inlagd Sill,0,Seafood,15.2,12,0.0,182.4,10,False
10314,1996-09-25,1996-10-23,1996-10-04,74.16,USA,NM,RATTC,Rattlesnake Canyon Grocery,Albuquerque,USA,Mascarpone Fabioli,0,Dairy Products,25.6,40,0.1,921.6,9,False
10314,1996-09-25,1996-10-23,1996-10-04,74.16,USA,NM,RATTC,Rattlesnake Canyon Grocery,Albuquerque,USA,Escargots de Bourgogne,0,Seafood,10.6,30,0.1,286.2,9,False
10314,1996-09-25,1996-10-23,1996-10-04,74.16,USA,NM,RATTC,Rattlesnake Canyon Grocery,Albuquerque,USA,Tarte au sucre,0,Confections,39.4,25,0.1,886.5,9,False
10315,1996-09-26,1996-10-24,1996-10-03,41.76,UK,Isle of Wight,ISLAT,Island Trading,Cowes,UK,Sasquatch Ale,0,Beverages,11.2,14,0.0,156.8,7,False
10315,1996-09-26,1996-10-24,1996-10-03,41.76,UK,Isle of Wight,ISLAT,Island Trading,Cowes,UK,Outback Lager,0,Beverages,12.0,30,0.0,360.0,7,False
10316,1996-09-27,1996-10-25,1996-10-08,150.15,USA,NM,RATTC,Rattlesnake Canyon Grocery,Albuquerque,USA,Jack's New England Clam Chowder,0,Seafood,7.7,10,0.0,77.0,11,False
10316,1996-09-27,1996-10-25,1996-10-08,150.15,USA,NM,RATTC,Rattlesnake Canyon Grocery,Albuquerque,USA,Tarte au sucre,0,Confections,39.4,70,0.0,2758.0,11,False
10318,1996-10-01,1996-10-29,1996-10-04,4.73,UK,Isle of Wight,ISLAT,Island Trading,Cowes,UK,Jack's New England Clam Chowder,0,Seafood,7.7,20,0.0,154.0,3,False
10318,1996-10-01,1996-10-29,1996-10-04,4.73,UK,Isle of Wight,ISLAT,Island Trading,Cowes,UK,Lakkalikööri,0,Beverages,14.4,6,0.0,86.4,3,False
10319,1996-10-02,1996-10-30,1996-10-11,64.5,Mexico,NAO INFORMADO,TORTU,Tortuga Restaurante,México D.F.,Mexico,Lakkalikööri,0,Beverages,14.4,30,0.0,432.0,9,False
10320,1996-10-03,1996-10-17,1996-10-18,34.57,Finland,NAO INFORMADO,WARTH,Wartian Herkku,Oulu,Finland,Flotemysost,0,Dairy Products,17.2,30,0.0,516.0,15,True
10321,1996-10-03,1996-10-31,1996-10-11,3.43,UK,Isle of Wight,ISLAT,Island Trading,Cowes,UK,Steeleye Stout,0,Beverages,14.4,10,0.0,144.0,8,False
10322,1996-10-04,1996-11-01,1996-10-23,0.4,Mexico,NAO INFORMADO,PERIC,Pericles Comidas clásicas,México D.F.,Mexico,Filo Mix,0,Grains/Cereals,5.6,20,0.0,112.0,19,False
10323,1996-10-07,1996-11-04,1996-10-14,4.88,Germany,NAO INFORMADO,KOENE,Königlich Essen,Brandenburg,Germany,Genen Shouyu,0,Condiments,12.4,5,0.0,62.0,7,False
10323,1996-10-07,1996-11-04,1996-10-14,4.88,Germany,NAO INFORMADO,KOENE,Königlich Essen,Brandenburg,Germany,NuNuCa Nuß-Nougat-Creme,0,Confections,11.2,4,0.0,44.8,7,False
10323,1996-10-07,1996-11-04,1996-10-14,4.88,Germany,NAO INFORMADO,KOENE,Königlich Essen,Brandenburg,Germany,Chartreuse verte,0,Beverages,14.4,4,0.0,57.6,7,False
10324,1996-10-08,1996-11-05,1996-10-10,214.27,USA,ID,SAVEA,Save-a-lot Markets,Boise,USA,Pavlova,0,Confections,13.9,21,0.15,248.12,2,False
10324,1996-10-08,1996-11-05,1996-10-10,214.27,USA,ID,SAVEA,Save-a-lot Markets,Boise,USA,Steeleye Stout,0,Beverages,14.4,70,0.15,856.8,2,False
10324,1996-10-08,1996-11-05,1996-10-10,214.27,USA,ID,SAVEA,Save-a-lot Markets,Boise,USA,Spegesild,0,Seafood,9.6,30,0.0,288.0,2,False
10324,1996-10-08,1996-11-05,1996-10-10,214.27,USA,ID,SAVEA,Save-a-lot Markets,Boise,USA,Raclette Courdavault,0,Dairy Products,44.0,40,0.15,1496.0,2,False
10324,1996-10-08,1996-11-05,1996-10-10,214.27,USA,ID,SAVEA,Save-a-lot Markets,Boise,USA,Vegie-spread,0,Condiments,35.1,80,0.15,2386.8,2,False
10325,1996-10-09,1996-10-23,1996-10-14,64.86,Germany,NAO INFORMADO,KOENE,Königlich Essen,Brandenburg,Germany,Grandma's Boysenberry Spread,0,Condiments,20.0,6,0.0,120.0,5,False
10325,1996-10-09,1996-10-23,1996-10-14,64.86,Germany,NAO INFORMADO,KOENE,Königlich Essen,Brandenburg,Germany,Konbu,0,Seafood,4.8,12,0.0,57.6,5,False
10325,1996-10-09,1996-10-23,1996-10-14,64.86,Germany,NAO INFORMADO,KOENE,Königlich Essen,Brandenburg,Germany,Tofu,0,Produce,18.6,9,0.0,167.4,5,False
10325,1996-10-09,1996-10-23,1996-10-14,64.86,Germany,NAO INFORMADO,KOENE,Königlich Essen,Brandenburg,Germany,Gorgonzola Telino,0,Dairy Products,10.0,4,0.0,40.0,5,False
10325,1996-10-09,1996-10-23,1996-10-14,64.86,Germany,NAO INFORMADO,KOENE,Königlich Essen,Brandenburg,Germany,Mozzarella di Giovanni,0,Dairy Products,27.8,40,0.0,1112.0,5,False
10326,1996-10-10,1996-11-07,1996-10-14,77.92,Spain,NAO INFORMADO,BOLID,Bólido Comidas preparadas,Madrid,Spain,Chef Anton's Cajun Seasoning,0,Condiments,17.6,24,0.0,422.4,4,False
10326,1996-10-10,1996-11-07,1996-10-14,77.92,Spain,NAO INFORMADO,BOLID,Bólido Comidas preparadas,Madrid,Spain,Ravioli Angelo,0,Grains/Cereals,15.6,16,0.0,249.6,4,False
10326,1996-10-10,1996-11-07,1996-10-14,77.92,Spain,NAO INFORMADO,BOLID,Bólido Comidas preparadas,Madrid,Spain,Rhönbräu Klosterbier,0,Beverages,6.2,50,0.0,310.0,4,False
10327,1996-10-11,1996-11-08,1996-10-14,63.36,Sweden,NAO INFORMADO,FOLKO,Folk och fä HB,Bräcke,Sweden,Queso Cabrales,0,Dairy Products,16.8,50,0.2,672.0,3,False
10327,1996-10-11,1996-11-08,1996-10-14,63.36,Sweden,NAO INFORMADO,FOLKO,Folk och fä HB,Bräcke,Sweden,Nord-Ost Matjeshering,0,Seafood,20.7,35,0.2,579.6,3,False
10327,1996-10-11,1996-11-08,1996-10-14,63.36,Sweden,NAO INFORMADO,FOLKO,Folk och fä HB,Bräcke,Sweden,Escargots de Bourgogne,0,Seafood,10.6,30,0.2,254.4,3,False
10328,1996-10-14,1996-11-11,1996-10-17,87.03,Portugal,NAO INFORMADO,FURIB,Furia Bacalhau e Frutos do Mar,Lisboa,Portugal,Raclette Courdavault,0,Dairy Products,44.0,9,0.0,396.0,3,False
10328,1996-10-14,1996-11-11,1996-10-17,87.03,Portugal,NAO INFORMADO,FURIB,Furia Bacalhau e Frutos do Mar,Lisboa,Portugal,Louisiana Fiery Hot Pepper Sauce,0,Condiments,16.8,40,0.0,672.0,3,False
10328,1996-10-14,1996-11-11,1996-10-17,87.03,Portugal,NAO INFORMADO,FURIB,Furia Bacalhau e Frutos do Mar,Lisboa,Portugal,Scottish Longbreads,0,Confections,10.0,10,0.0,100.0,3,False
10329,1996-10-15,1996-11-26,1996-10-23,191.67,USA,WY,SPLIR,Split Rail Beer & Ale,Lander,USA,Teatime Chocolate Biscuits,0,Confections,7.3,10,0.05,69.35,8,False
10329,1996-10-15,1996-11-26,1996-10-23,191.67,USA,WY,SPLIR,Split Rail Beer & Ale,Lander,USA,Nord-Ost Matjeshering,0,Seafood,20.7,8,0.05,157.32,8,False
10329,1996-10-15,1996-11-26,1996-10-23,191.67,USA,WY,SPLIR,Split Rail Beer & Ale,Lander,USA,Côte de Blaye,0,Beverages,210.8,20,0.05,4005.2,8,False
10329,1996-10-15,1996-11-26,1996-10-23,191.67,USA,WY,SPLIR,Split Rail Beer & Ale,Lander,USA,Gnocchi di nonna Alice,0,Grains/Cereals,30.4,12,0.05,346.56,8,False
10330,1996-10-16,1996-11-13,1996-10-28,12.75,Venezuela,Lara,LILAS,LILA-Supermercado,Barquisimeto,Venezuela,Gumbär Gummibärchen,0,Confections,24.9,50,0.15,1058.25,12,False
10330,1996-10-16,1996-11-13,1996-10-28,12.75,Venezuela,Lara,LILAS,LILA-Supermercado,Barquisimeto,Venezuela,Mozzarella di Giovanni,0,Dairy Products,27.8,25,0.15,590.75,12,False
10331,1996-10-16,1996-11-27,1996-10-21,10.19,France,NAO INFORMADO,BONAP,Bon app',Marseille,France,Tourtière,0,Meat/Poultry,5.9,15,0.0,88.5,5,False
10332,1996-10-17,1996-11-28,1996-10-21,52.84,Canada,Québec,MEREP,Mère Paillarde,Montréal,Canada,Carnarvon Tigers,0,Seafood,50.0,40,0.2,1600.0,4,False
10332,1996-10-17,1996-11-28,1996-10-21,52.84,Canada,Québec,MEREP,Mère Paillarde,Montréal,Canada,Zaanse koeken,0,Confections,7.6,16,0.2,97.28,4,False
10333,1996-10-18,1996-11-15,1996-10-25,0.59,Finland,NAO INFORMADO,WARTH,Wartian Herkku,Oulu,Finland,Tofu,0,Produce,18.6,10,0.0,186.0,7,False
10333,1996-10-18,1996-11-15,1996-10-25,0.59,Finland,NAO INFORMADO,WARTH,Wartian Herkku,Oulu,Finland,Sir Rodney's Scones,0,Confections,8.0,10,0.1,72.0,7,False
10333,1996-10-18,1996-11-15,1996-10-25,0.59,Finland,NAO INFORMADO,WARTH,Wartian Herkku,Oulu,Finland,Flotemysost,0,Dairy Products,17.2,40,0.1,619.2,7,False
10334,1996-10-21,1996-11-18,1996-10-28,8.56,France,NAO INFORMADO,VICTE,Victuailles en stock,Lyon,France,Filo Mix,0,Grains/Cereals,5.6,8,0.0,44.8,7,False
10334,1996-10-21,1996-11-18,1996-10-28,8.56,France,NAO INFORMADO,VICTE,Victuailles en stock,Lyon,France,Scottish Longbreads,0,Confections,10.0,10,0.0,100.0,7,False
10335,1996-10-22,1996-11-19,1996-10-24,42.11,Ireland,Co. Cork,HUNGO,Hungry Owl All-Night Grocers,Cork,Ireland,Gorgonzola Telino,0,Dairy Products,10.0,25,0.2,200.0,2,False
10335,1996-10-22,1996-11-19,1996-10-24,42.11,Ireland,Co. Cork,HUNGO,Hungry Owl All-Night Grocers,Cork,Ireland,Mascarpone Fabioli,0,Dairy Products,25.6,6,0.2,122.88,2,False
10335,1996-10-22,1996-11-19,1996-10-24,42.11,Ireland,Co. Cork,HUNGO,Hungry Owl All-Night Grocers,Cork,Ireland,Manjimup Dried Apples,0,Produce,42.4,48,0.2,1628.16,2,False
10336,1996-10-23,1996-11-20,1996-10-25,15.51,Portugal,NAO INFORMADO,PRINI,Princesa Isabel Vinhos,Lisboa,Portugal,Chef Anton's Cajun Seasoning,0,Condiments,17.6,18,0.1,285.12,2,False
10337,1996-10-24,1996-11-21,1996-10-29,108.26,Germany,NAO INFORMADO,FRANK,Frankenversand,München,Germany,Tunnbröd,0,Grains/Cereals,7.2,40,0.0,288.0,5,False
10337,1996-10-24,1996-11-21,1996-10-29,108.26,Germany,NAO INFORMADO,FRANK,Frankenversand,München,Germany,Gumbär Gummibärchen,0,Confections,24.9,24,0.0,597.6,5,False
10337,1996-10-24,1996-11-21,1996-10-29,108.26,Germany,NAO INFORMADO,FRANK,Frankenversand,München,Germany,Inlagd Sill,0,Seafood,15.2,20,0.0,304.0,5,False
10337,1996-10-24,1996-11-21,1996-10-29,108.26,Germany,NAO INFORMADO,FRANK,Frankenversand,München,Germany,Gravad lax,0,Seafood,20.8,28,0.0,582.4,5,False
10337,1996-10-24,1996-11-21,1996-10-29,108.26,Germany,NAO INFORMADO,FRANK,Frankenversand,München,Germany,Mozzarella di Giovanni,0,Dairy Products,27.8,25,0.0,695.0,5,False
10338,1996-10-25,1996-11-22,1996-10-29,84.21,USA,AK,OLDWO,Old World Delicatessen,Anchorage,USA,Nord-Ost Matjeshering,0,Seafood,20.7,15,0.0,310.5,4,False
10339,1996-10-28,1996-11-25,1996-11-04,15.66,Canada,Québec,MEREP,Mère Paillarde,Montréal,Canada,Chef Anton's Cajun Seasoning,0,Condiments,17.6,10,0.0,176.0,7,False
10339,1996-10-28,1996-11-25,1996-11-04,15.66,Canada,Québec,MEREP,Mère Paillarde,Montréal,Canada,Tarte au sucre,0,Confections,39.4,28,0.0,1103.2,7,False
10340,1996-10-29,1996-11-26,1996-11-08,166.31,France,NAO INFORMADO,BONAP,Bon app',Marseille,France,Carnarvon Tigers,0,Seafood,50.0,20,0.05,950.0,10,False
10340,1996-10-29,1996-11-26,1996-11-08,166.31,France,NAO INFORMADO,BONAP,Bon app',Marseille,France,Jack's New England Clam Chowder,0,Seafood,7.7,12,0.05,87.78,10,False
10340,1996-10-29,1996-11-26,1996-11-08,166.31,France,NAO INFORMADO,BONAP,Bon app',Marseille,France,Ipoh Coffee,0,Beverages,36.8,40,0.05,1398.4,10,False
10341,1996-10-29,1996-11-26,1996-11-05,26.78,Denmark,NAO INFORMADO,SIMOB,Simons bistro,Kobenhavn,Denmark,Geitost,0,Dairy Products,2.0,8,0.0,16.0,7,False
10341,1996-10-29,1996-11-26,1996-11-05,26.78,Denmark,NAO INFORMADO,SIMOB,Simons bistro,Kobenhavn,Denmark,Raclette Courdavault,0,Dairy Products,44.0,9,0.15,336.6,7,False
10342,1996-10-30,1996-11-13,1996-11-04,54.83,Germany,NAO INFORMADO,FRANK,Frankenversand,München,Germany,Gorgonzola Telino,0,Dairy Products,10.0,56,0.2,448.0,5,False
10342,1996-10-30,1996-11-13,1996-11-04,54.83,Germany,NAO INFORMADO,FRANK,Frankenversand,München,Germany,Inlagd Sill,0,Seafood,15.2,40,0.2,486.4,5,False
10342,1996-10-30,1996-11-13,1996-11-04,54.83,Germany,NAO INFORMADO,FRANK,Frankenversand,München,Germany,Pâté chinois,0,Meat/Poultry,19.2,40,0.2,614.4,5,False
10343,1996-10-31,1996-11-28,1996-11-06,110.37,Germany,NAO INFORMADO,LEHMS,Lehmanns Marktstand,Frankfurt a.M.,Germany,Wimmers gute Semmelknödel,0,Grains/Cereals,26.6,50,0.0,1330.0,6,False
10343,1996-10-31,1996-11-28,1996-11-06,110.37,Germany,NAO INFORMADO,LEHMS,Lehmanns Marktstand,Frankfurt a.M.,Germany,Scottish Longbreads,0,Confections,10.0,4,0.05,38.0,6,False
10343,1996-10-31,1996-11-28,1996-11-06,110.37,Germany,NAO INFORMADO,LEHMS,Lehmanns Marktstand,Frankfurt a.M.,Germany,Lakkalikööri,0,Beverages,14.4,15,0.0,216.0,6,False
10344,1996-11-01,1996-11-29,1996-11-05,23.29,USA,WA,WHITC,White Clover Markets,Seattle,USA,Chef Anton's Cajun Seasoning,0,Condiments,17.6,35,0.0,616.0,4,False
10344,1996-11-01,1996-11-29,1996-11-05,23.29,USA,WA,WHITC,White Clover Markets,Seattle,USA,Northwoods Cranberry Sauce,0,Condiments,32.0,70,0.25,1680.0,4,False
10345,1996-11-04,1996-12-02,1996-11-11,249.06,Germany,NAO INFORMADO,QUICK,QUICK-Stop,Cunewalde,Germany,Northwoods Cranberry Sauce,0,Condiments,32.0,70,0.0,2240.0,7,False
10345,1996-11-04,1996-12-02,1996-11-11,249.06,Germany,NAO INFORMADO,QUICK,QUICK-Stop,Cunewalde,Germany,Teatime Chocolate Biscuits,0,Confections,7.3,80,0.0,584.0,7,False
10346,1996-11-05,1996-12-17,1996-11-08,142.08,USA,NM,RATTC,Rattlesnake Canyon Grocery,Albuquerque,USA,Gnocchi di nonna Alice,0,Grains/Cereals,30.4,20,0.0,608.0,3,False
10347,1996-11-06,1996-12-04,1996-11-08,3.1,Brazil,SP,FAMIA,Familia Arquibaldo,Sao Paulo,Brazil,NuNuCa Nuß-Nougat-Creme,0,Confections,11.2,10,0.0,112.0,2,False
10347,1996-11-06,1996-12-04,1996-11-08,3.1,Brazil,SP,FAMIA,Familia Arquibaldo,Sao Paulo,Brazil,Chartreuse verte,0,Beverages,14.4,50,0.15,612.0,2,False
10347,1996-11-06,1996-12-04,1996-11-08,3.1,Brazil,SP,FAMIA,Familia Arquibaldo,Sao Paulo,Brazil,Boston Crab Meat,0,Seafood,14.7,4,0.0,58.8,2,False
10347,1996-11-06,1996-12-04,1996-11-08,3.1,Brazil,SP,FAMIA,Familia Arquibaldo,Sao Paulo,Brazil,Rhönbräu Klosterbier,0,Beverages,6.2,6,0.15,31.62,2,False
10348,1996-11-07,1996-12-05,1996-11-15,0.78,Germany,NAO INFORMADO,WANDK,Die Wandernde Kuh,Stuttgart,Germany,Tunnbröd,0,Grains/Cereals,7.2,25,0.0,180.0,8,False
10349,1996-11-08,1996-12-06,1996-11-15,8.63,USA,WY,SPLIR,Split Rail Beer & Ale,Lander,USA,Tourtière,0,Meat/Poultry,5.9,24,0.0,141.6,7,False
10350,1996-11-11,1996-12-09,1996-12-03,64.19,France,NAO INFORMADO,LAMAI,La maison d'Asie,Toulouse,France,Valkoinen suklaa,0,Confections,13.0,15,0.1,175.5,22,False
10350,1996-11-11,1996-12-09,1996-12-03,64.19,France,NAO INFORMADO,LAMAI,La maison d'Asie,Toulouse,France,Gudbrandsdalsost,0,Dairy Products,28.8,18,0.1,466.56,22,False
10351,1996-11-11,1996-12-09,1996-11-20,162.33,Austria,NAO INFORMADO,ERNSH,Ernst Handel,Graz,Austria,Côte de Blaye,0,Beverages,210.8,20,0.05,4005.2,9,False
10351,1996-11-11,1996-12-09,1996-11-20,162.33,Austria,NAO INFORMADO,ERNSH,Ernst Handel,Graz,Austria,Jack's New England Clam Chowder,0,Seafood,7.7,13,0.0,100.1,9,False
10351,1996-11-11,1996-12-09,1996-11-20,162.33,Austria,NAO INFORMADO,ERNSH,Ernst Handel,Graz,Austria,Gula Malacca,0,Condiments,15.5,77,0.05,1133.82,9,False
10351,1996-11-11,1996-12-09,1996-11-20,162.33,Austria,NAO INFORMADO,ERNSH,Ernst Handel,Graz,Austria,Louisiana Fiery Hot Pepper Sauce,0,Condiments,16.8,10,0.05,159.6,9,False
10352,1996-11-12,1996-11-26,1996-11-18,1.3,Portugal,NAO INFORMADO,FURIB,Furia Bacalhau e Frutos do Mar,Lisboa,Portugal,Tourtière,0,Meat/Poultry,5.9,20,0.15,100.3,6,False
10353,1996-11-13,1996-12-11,1996-11-25,360.63,Austria,NAO INFORMADO,PICCO,Piccolo und mehr,Salzburg,Austria,Queso Cabrales,0,Dairy Products,16.8,12,0.2,161.28,12,False
10353,1996-11-13,1996-12-11,1996-11-25,360.63,Austria,NAO INFORMADO,PICCO,Piccolo und mehr,Salzburg,Austria,Côte de Blaye,0,Beverages,210.8,50,0.2,8432.0,12,False
10355,1996-11-15,1996-12-13,1996-11-20,41.95,UK,Essex,AROUT,Around the Horn,London,UK,Ravioli Angelo,0,Grains/Cereals,15.6,25,0.0,390.0,5,False
10356,1996-11-18,1996-12-16,1996-11-27,36.71,Germany,NAO INFORMADO,WANDK,Die Wandernde Kuh,Stuttgart,Germany,Gorgonzola Telino,0,Dairy Products,10.0,30,0.0,300.0,9,False
10356,1996-11-18,1996-12-16,1996-11-27,36.71,Germany,NAO INFORMADO,WANDK,Die Wandernde Kuh,Stuttgart,Germany,Pâté chinois,0,Meat/Poultry,19.2,12,0.0,230.4,9,False
10356,1996-11-18,1996-12-16,1996-11-27,36.71,Germany,NAO INFORMADO,WANDK,Die Wandernde Kuh,Stuttgart,Germany,Gudbrandsdalsost,0,Dairy Products,28.8,20,0.0,576.0,9,False
10357,1996-11-19,1996-12-17,1996-12-02,34.88,Venezuela,Lara,LILAS,LILA-Supermercado,Barquisimeto,Venezuela,Ikura,0,Seafood,24.8,30,0.2,595.2,13,False
10357,1996-11-19,1996-12-17,1996-12-02,34.88,Venezuela,Lara,LILAS,LILA-Supermercado,Barquisimeto,Venezuela,Gumbär Gummibärchen,0,Confections,24.9,16,0.0,398.4,13,False
10357,1996-11-19,1996-12-17,1996-12-02,34.88,Venezuela,Lara,LILAS,LILA-Supermercado,Barquisimeto,Venezuela,Camembert Pierrot,0,Dairy Products,27.2,8,0.2,174.08,13,False
10358,1996-11-20,1996-12-18,1996-11-27,19.64,France,NAO INFORMADO,LAMAI,La maison d'Asie,Toulouse,France,Sasquatch Ale,0,Beverages,11.2,10,0.05,106.4,7,False
10358,1996-11-20,1996-12-18,1996-11-27,19.64,France,NAO INFORMADO,LAMAI,La maison d'Asie,Toulouse,France,Inlagd Sill,0,Seafood,15.2,20,0.05,288.8,7,False
10359,1996-11-21,1996-12-19,1996-11-26,288.43,UK,NAO INFORMADO,SEVES,Seven Seas Imports,London,UK,Pavlova,0,Confections,13.9,56,0.05,739.48,5,False
10359,1996-11-21,1996-12-19,1996-11-26,288.43,UK,NAO INFORMADO,SEVES,Seven Seas Imports,London,UK,Gorgonzola Telino,0,Dairy Products,10.0,70,0.05,665.0,5,False
10359,1996-11-21,1996-12-19,1996-11-26,288.43,UK,NAO INFORMADO,SEVES,Seven Seas Imports,London,UK,Camembert Pierrot,0,Dairy Products,27.2,80,0.05,2067.2,5,False
10360,1996-11-22,1996-12-20,1996-12-02,131.7,France,NAO INFORMADO,BLONP,Blondesddsl père et fils,Strasbourg,France,Côte de Blaye,0,Beverages,210.8,10,0.0,2108.0,10,False
10360,1996-11-22,1996-12-20,1996-12-02,131.7,France,NAO INFORMADO,BLONP,Blondesddsl père et fils,Strasbourg,France,Maxilaku,0,Confections,16.0,35,0.0,560.0,10,False
10360,1996-11-22,1996-12-20,1996-12-02,131.7,France,NAO INFORMADO,BLONP,Blondesddsl père et fils,Strasbourg,France,Tourtière,0,Meat/Poultry,5.9,28,0.0,165.2,10,False
10361,1996-11-22,1996-12-20,1996-12-03,183.17,Germany,NAO INFORMADO,QUICK,QUICK-Stop,Cunewalde,Germany,Chartreuse verte,0,Beverages,14.4,54,0.1,699.84,11,False
10361,1996-11-22,1996-12-20,1996-12-03,183.17,Germany,NAO INFORMADO,QUICK,QUICK-Stop,Cunewalde,Germany,Camembert Pierrot,0,Dairy Products,27.2,55,0.1,1346.4,11,False
10362,1996-11-25,1996-12-23,1996-11-28,96.04,France,NAO INFORMADO,BONAP,Bon app',Marseille,France,NuNuCa Nuß-Nougat-Creme,0,Confections,11.2,50,0.0,560.0,3,False
10362,1996-11-25,1996-12-23,1996-11-28,96.04,France,NAO INFORMADO,BONAP,Bon app',Marseille,France,Manjimup Dried Apples,0,Produce,42.4,20,0.0,848.0,3,False
10362,1996-11-25,1996-12-23,1996-11-28,96.04,France,NAO INFORMADO,BONAP,Bon app',Marseille,France,Tourtière,0,Meat/Poultry,5.9,24,0.0,141.6,3,False
10363,1996-11-26,1996-12-24,1996-12-04,30.54,Germany,NAO INFORMADO,DRACD,Drachenblut Delikatessen,Aachen,Germany,Gorgonzola Telino,0,Dairy Products,10.0,20,0.0,200.0,8,False
10363,1996-11-26,1996-12-24,1996-12-04,30.54,Germany,NAO INFORMADO,DRACD,Drachenblut Delikatessen,Aachen,Germany,Rhönbräu Klosterbier,0,Beverages,6.2,12,0.0,74.4,8,False
10363,1996-11-26,1996-12-24,1996-12-04,30.54,Germany,NAO INFORMADO,DRACD,Drachenblut Delikatessen,Aachen,Germany,Lakkalikööri,0,Beverages,14.4,12,0.0,172.8,8,False
10364,1996-11-26,1997-01-07,1996-12-04,71.97,UK,NAO INFORMADO,EASTC,Eastern Connection,London,UK,Gudbrandsdalsost,0,Dairy Products,28.8,30,0.0,864.0,8,False
10364,1996-11-26,1997-01-07,1996-12-04,71.97,UK,NAO INFORMADO,EASTC,Eastern Connection,London,UK,Flotemysost,0,Dairy Products,17.2,5,0.0,86.0,8,False
10365,1996-11-27,1996-12-25,1996-12-02,22.0,Mexico,NAO INFORMADO,ANTON,Antonio Moreno Taquería,México D.F.,Mexico,Queso Cabrales,0,Dairy Products,16.8,24,0.0,403.2,5,False
10366,1996-11-28,1997-01-09,1996-12-30,10.14,Spain,NAO INFORMADO,GALED,Galería del gastrónomo,Barcelona,Spain,Louisiana Fiery Hot Pepper Sauce,0,Condiments,16.8,5,0.0,84.0,32,False
10366,1996-11-28,1997-01-09,1996-12-30,10.14,Spain,NAO INFORMADO,GALED,Galería del gastrónomo,Barcelona,Spain,Original Frankfurter grüne Soße,0,Condiments,10.4,5,0.0,52.0,32,False
10367,1996-11-28,1996-12-26,1996-12-02,13.55,Denmark,NAO INFORMADO,VAFFE,Vaffeljernet,Århus,Denmark,Sasquatch Ale,0,Beverages,11.2,36,0.0,403.2,4,False
10367,1996-11-28,1996-12-26,1996-12-02,13.55,Denmark,NAO INFORMADO,VAFFE,Vaffeljernet,Århus,Denmark,Tourtière,0,Meat/Poultry,5.9,18,0.0,106.2,4,False
10367,1996-11-28,1996-12-26,1996-12-02,13.55,Denmark,NAO INFORMADO,VAFFE,Vaffeljernet,Århus,Denmark,Louisiana Fiery Hot Pepper Sauce,0,Condiments,16.8,15,0.0,252.0,4,False
10367,1996-11-28,1996-12-26,1996-12-02,13.55,Denmark,NAO INFORMADO,VAFFE,Vaffeljernet,Århus,Denmark,Original Frankfurter grüne Soße,0,Condiments,10.4,7,0.0,72.8,4,False
10368,1996-11-29,1996-12-27,1996-12-02,101.95,Austria,NAO INFORMADO,ERNSH,Ernst Handel,Graz,Austria,Sir Rodney's Scones,0,Confections,8.0,5,0.1,36.0,3,False
10368,1996-11-29,1996-12-27,1996-12-02,101.95,Austria,NAO INFORMADO,ERNSH,Ernst Handel,Graz,Austria,Ravioli Angelo,0,Grains/Cereals,15.6,25,0.0,390.0,3,False
10368,1996-11-29,1996-12-27,1996-12-02,101.95,Austria,NAO INFORMADO,ERNSH,Ernst Handel,Graz,Austria,Wimmers gute Semmelknödel,0,Grains/Cereals,26.6,35,0.1,837.9,3,False
10369,1996-12-02,1996-12-30,1996-12-09,195.68,USA,WY,SPLIR,Split Rail Beer & Ale,Lander,USA,Gnocchi di nonna Alice,0,Grains/Cereals,30.4,18,0.25,410.4,7,False
10370,1996-12-03,1996-12-31,1996-12-27,1.17,Switzerland,NAO INFORMADO,CHOPS,Chop-suey Chinese,Bern,Switzerland,Wimmers gute Semmelknödel,0,Grains/Cereals,26.6,30,0.0,798.0,24,False
10370,1996-12-03,1996-12-31,1996-12-27,1.17,Switzerland,NAO INFORMADO,CHOPS,Chop-suey Chinese,Bern,Switzerland,Longlife Tofu,0,Produce,8.0,20,0.15,136.0,24,False
10371,1996-12-03,1996-12-31,1996-12-24,0.45,France,NAO INFORMADO,LAMAI,La maison d'Asie,Toulouse,France,Inlagd Sill,0,Seafood,15.2,6,0.2,72.96,21,False
10372,1996-12-04,1997-01-01,1996-12-09,890.78,Brazil,SP,QUEEN,Queen Cozinha,Sao Paulo,Brazil,Sir Rodney's Marmalade,0,Confections,64.8,12,0.25,583.2,5,False
10372,1996-12-04,1997-01-01,1996-12-09,890.78,Brazil,SP,QUEEN,Queen Cozinha,Sao Paulo,Brazil,Côte de Blaye,0,Beverages,210.8,40,0.25,6324.0,5,False
10372,1996-12-04,1997-01-01,1996-12-09,890.78,Brazil,SP,QUEEN,Queen Cozinha,Sao Paulo,Brazil,Camembert Pierrot,0,Dairy Products,27.2,70,0.25,1428.0,5,False
10372,1996-12-04,1997-01-01,1996-12-09,890.78,Brazil,SP,QUEEN,Queen Cozinha,Sao Paulo,Brazil,Mozzarella di Giovanni,0,Dairy Products,27.8,42,0.25,875.7,5,False
10373,1996-12-05,1997-01-02,1996-12-11,124.12,Ireland,Co. Cork,HUNGO,Hungry Owl All-Night Grocers,Cork,Ireland,Escargots de Bourgogne,0,Seafood,10.6,80,0.2,678.4,6,False
10373,1996-12-05,1997-01-02,1996-12-11,124.12,Ireland,Co. Cork,HUNGO,Hungry Owl All-Night Grocers,Cork,Ireland,Flotemysost,0,Dairy Products,17.2,50,0.2,688.0,6,False
10374,1996-12-05,1997-01-02,1996-12-09,3.94,Poland,NAO INFORMADO,WOLZA,Wolski  Zajazd,Warszawa,Poland,Gorgonzola Telino,0,Dairy Products,10.0,30,0.0,300.0,4,False
10374,1996-12-05,1997-01-02,1996-12-09,3.94,Poland,NAO INFORMADO,WOLZA,Wolski  Zajazd,Warszawa,Poland,Escargots de Bourgogne,0,Seafood,10.6,15,0.0,159.0,4,False
10375,1996-12-06,1997-01-03,1996-12-09,20.12,USA,OR,HUNGC,Hungry Coyote Import Store,Elgin,USA,Tofu,0,Produce,18.6,15,0.0,279.0,3,False
10375,1996-12-06,1997-01-03,1996-12-09,20.12,USA,OR,HUNGC,Hungry Coyote Import Store,Elgin,USA,Tourtière,0,Meat/Poultry,5.9,10,0.0,59.0,3,False
10376,1996-12-09,1997-01-06,1996-12-13,20.39,Canada,Québec,MEREP,Mère Paillarde,Montréal,Canada,Gorgonzola Telino,0,Dairy Products,10.0,42,0.05,399.0,4,False
10377,1996-12-09,1997-01-06,1996-12-13,22.21,UK,NAO INFORMADO,SEVES,Seven Seas Imports,London,UK,Chartreuse verte,0,Beverages,14.4,20,0.15,244.8,4,False
10378,1996-12-10,1997-01-07,1996-12-19,5.44,Sweden,NAO INFORMADO,FOLKO,Folk och fä HB,Bräcke,Sweden,Flotemysost,0,Dairy Products,17.2,6,0.0,103.2,9,False
10379,1996-12-11,1997-01-08,1996-12-13,45.03,Brazil,RJ,QUEDE,Que Delícia,Rio de Janeiro,Brazil,Jack's New England Clam Chowder,0,Seafood,7.7,8,0.1,55.44,2,False
10379,1996-12-11,1997-01-08,1996-12-13,45.03,Brazil,RJ,QUEDE,Que Delícia,Rio de Janeiro,Brazil,Vegie-spread,0,Condiments,35.1,16,0.1,505.44,2,False
10379,1996-12-11,1997-01-08,1996-12-13,45.03,Brazil,RJ,QUEDE,Que Delícia,Rio de Janeiro,Brazil,Louisiana Fiery Hot Pepper Sauce,0,Condiments,16.8,20,0.1,302.4,2,False
10380,1996-12-12,1997-01-09,1997-01-16,35.03,Ireland,Co. Cork,HUNGO,Hungry Owl All-Night Grocers,Cork,Ireland,Nord-Ost Matjeshering,0,Seafood,20.7,18,0.1,335.34,35,True
10380,1996-12-12,1997-01-09,1997-01-16,35.03,Ireland,Co. Cork,HUNGO,Hungry Owl All-Night Grocers,Cork,Ireland,Camembert Pierrot,0,Dairy Products,27.2,6,0.1,146.88,35,True
10380,1996-12-12,1997-01-09,1997-01-16,35.03,Ireland,Co. Cork,HUNGO,Hungry Owl All-Night Grocers,Cork,Ireland,Outback Lager,0,Beverages,12.0,30,0.0,360.0,35,True
10381,1996-12-12,1997-01-09,1996-12-13,7.99,Venezuela,Lara,LILAS,LILA-Supermercado,Barquisimeto,Venezuela,Longlife Tofu,0,Produce,8.0,14,0.0,112.0,1,False
10382,1996-12-13,1997-01-10,1996-12-16,94.77,Austria,NAO INFORMADO,ERNSH,Ernst Handel,Graz,Austria,Carnarvon Tigers,0,Seafood,50.0,9,0.0,450.0,3,False
10382,1996-12-13,1997-01-10,1996-12-16,94.77,Austria,NAO INFORMADO,ERNSH,Ernst Handel,Graz,Austria,Geitost,0,Dairy Products,2.0,60,0.0,120.0,3,False
10382,1996-12-13,1997-01-10,1996-12-16,94.77,Austria,NAO INFORMADO,ERNSH,Ernst Handel,Graz,Austria,Longlife Tofu,0,Produce,8.0,50,0.0,400.0,3,False
10383,1996-12-16,1997-01-13,1996-12-18,34.24,UK,Essex,AROUT,Around the Horn,London,UK,Konbu,0,Seafood,4.8,20,0.0,96.0,2,False
10383,1996-12-16,1997-01-13,1996-12-18,34.24,UK,Essex,AROUT,Around the Horn,London,UK,Valkoinen suklaa,0,Confections,13.0,15,0.0,195.0,2,False
10383,1996-12-16,1997-01-13,1996-12-18,34.24,UK,Essex,AROUT,Around the Horn,London,UK,Gnocchi di nonna Alice,0,Grains/Cereals,30.4,20,0.0,608.0,2,False
10384,1996-12-16,1997-01-13,1996-12-20,168.64,Sweden,NAO INFORMADO,BERGS,Berglunds snabbköp,Luleå,Sweden,Sir Rodney's Marmalade,0,Confections,64.8,28,0.0,1814.4,4,False
10384,1996-12-16,1997-01-13,1996-12-20,168.64,Sweden,NAO INFORMADO,BERGS,Berglunds snabbköp,Luleå,Sweden,Camembert Pierrot,0,Dairy Products,27.2,15,0.0,408.0,4,False
10385,1996-12-17,1997-01-14,1996-12-23,30.96,USA,WY,SPLIR,Split Rail Beer & Ale,Lander,USA,Uncle Bob's Organic Dried Pears,0,Produce,24.0,10,0.2,192.0,6,False
10385,1996-12-17,1997-01-14,1996-12-23,30.96,USA,WY,SPLIR,Split Rail Beer & Ale,Lander,USA,Camembert Pierrot,0,Dairy Products,27.2,20,0.2,435.2,6,False
10385,1996-12-17,1997-01-14,1996-12-23,30.96,USA,WY,SPLIR,Split Rail Beer & Ale,Lander,USA,Scottish Longbreads,0,Confections,10.0,8,0.2,64.0,6,False
10386,1996-12-18,1997-01-01,1996-12-25,13.99,Brazil,SP,FAMIA,Familia Arquibaldo,Sao Paulo,Brazil,Sasquatch Ale,0,Beverages,11.2,10,0.0,112.0,7,False
10387,1996-12-18,1997-01-15,1996-12-20,93.63,Norway,NAO INFORMADO,SANTG,Santé Gourmet,Stavern,Norway,Raclette Courdavault,0,Dairy Products,44.0,12,0.0,528.0,2,False
10387,1996-12-18,1997-01-15,1996-12-20,93.63,Norway,NAO INFORMADO,SANTG,Santé Gourmet,Stavern,Norway,Flotemysost,0,Dairy Products,17.2,15,0.0,258.0,2,False
10388,1996-12-19,1997-01-16,1996-12-20,34.86,UK,NAO INFORMADO,SEVES,Seven Seas Imports,London,UK,Rogede sild,0,Seafood,7.6,15,0.2,91.2,1,False
10388,1996-12-19,1997-01-16,1996-12-20,34.86,UK,NAO INFORMADO,SEVES,Seven Seas Imports,London,UK,Filo Mix,0,Grains/Cereals,5.6,20,0.2,89.6,1,False
10389,1996-12-20,1997-01-17,1996-12-24,47.42,Canada,BC,BOTTM,Bottom-Dollar Markets,Tsawassen,Canada,Ikura,0,Seafood,24.8,16,0.0,396.8,4,False
10389,1996-12-20,1997-01-17,1996-12-24,47.42,Canada,BC,BOTTM,Bottom-Dollar Markets,Tsawassen,Canada,Pâté chinois,0,Meat/Poultry,19.2,15,0.0,288.0,4,False
10389,1996-12-20,1997-01-17,1996-12-24,47.42,Canada,BC,BOTTM,Bottom-Dollar Markets,Tsawassen,Canada,Tarte au sucre,0,Confections,39.4,20,0.0,788.0,4,False
10389,1996-12-20,1997-01-17,1996-12-24,47.42,Canada,BC,BOTTM,Bottom-Dollar Markets,Tsawassen,Canada,Outback Lager,0,Beverages,12.0,30,0.0,360.0,4,False
10390,1996-12-23,1997-01-20,1996-12-26,126.38,Austria,NAO INFORMADO,ERNSH,Ernst Handel,Graz,Austria,Gorgonzola Telino,0,Dairy Products,10.0,60,0.1,540.0,3,False
10390,1996-12-23,1997-01-20,1996-12-26,126.38,Austria,NAO INFORMADO,ERNSH,Ernst Handel,Graz,Austria,Steeleye Stout,0,Beverages,14.4,40,0.1,518.4,3,False
10390,1996-12-23,1997-01-20,1996-12-26,126.38,Austria,NAO INFORMADO,ERNSH,Ernst Handel,Graz,Austria,Spegesild,0,Seafood,9.6,45,0.0,432.0,3,False
10390,1996-12-23,1997-01-20,1996-12-26,126.38,Austria,NAO INFORMADO,ERNSH,Ernst Handel,Graz,Austria,Mozzarella di Giovanni,0,Dairy Products,27.8,24,0.1,600.48,3,False
10391,1996-12-23,1997-01-20,1996-12-31,5.45,Germany,NAO INFORMADO,DRACD,Drachenblut Delikatessen,Aachen,Germany,Konbu,0,Seafood,4.8,18,0.0,86.4,8,False
10392,1996-12-24,1997-01-21,1997-01-01,122.46,Austria,NAO INFORMADO,PICCO,Piccolo und mehr,Salzburg,Austria,Gudbrandsdalsost,0,Dairy Products,28.8,50,0.0,1440.0,8,False
10393,1996-12-25,1997-01-22,1997-01-03,126.56,USA,ID,SAVEA,Save-a-lot Markets,Boise,USA,Tofu,0,Produce,18.6,42,0.25,585.9,9,False
10393,1996-12-25,1997-01-22,1997-01-03,126.56,USA,ID,SAVEA,Save-a-lot Markets,Boise,USA,NuNuCa Nuß-Nougat-Creme,0,Confections,11.2,7,0.25,58.8,9,False
10393,1996-12-25,1997-01-22,1997-01-03,126.56,USA,ID,SAVEA,Save-a-lot Markets,Boise,USA,Gumbär Gummibärchen,0,Confections,24.9,70,0.25,1307.25,9,False
10393,1996-12-25,1997-01-22,1997-01-03,126.56,USA,ID,SAVEA,Save-a-lot Markets,Boise,USA,Gorgonzola Telino,0,Dairy Products,10.0,32,0.0,320.0,9,False
10394,1996-12-25,1997-01-22,1997-01-03,30.34,USA,OR,HUNGC,Hungry Coyote Import Store,Elgin,USA,Konbu,0,Seafood,4.8,10,0.0,48.0,9,False
10394,1996-12-25,1997-01-22,1997-01-03,30.34,USA,OR,HUNGC,Hungry Coyote Import Store,Elgin,USA,Tarte au sucre,0,Confections,39.4,10,0.0,394.0,9,False
10395,1996-12-26,1997-01-23,1997-01-03,184.41,Venezuela,Táchira,HILAA,HILARION-Abastos,San Cristóbal,Venezuela,Spegesild,0,Seafood,9.6,28,0.1,241.92,8,False
10395,1996-12-26,1997-01-23,1997-01-03,184.41,Venezuela,Táchira,HILAA,HILARION-Abastos,San Cristóbal,Venezuela,Gudbrandsdalsost,0,Dairy Products,28.8,8,0.0,230.4,8,False
10396,1996-12-27,1997-01-10,1997-01-06,135.35,Germany,NAO INFORMADO,FRANK,Frankenversand,München,Germany,Tunnbröd,0,Grains/Cereals,7.2,40,0.0,288.0,10,False
10396,1996-12-27,1997-01-10,1997-01-06,135.35,Germany,NAO INFORMADO,FRANK,Frankenversand,München,Germany,Flotemysost,0,Dairy Products,17.2,60,0.0,1032.0,10,False
10396,1996-12-27,1997-01-10,1997-01-06,135.35,Germany,NAO INFORMADO,FRANK,Frankenversand,München,Germany,Mozzarella di Giovanni,0,Dairy Products,27.8,21,0.0,583.8,10,False
10397,1996-12-27,1997-01-24,1997-01-02,60.26,Portugal,NAO INFORMADO,PRINI,Princesa Isabel Vinhos,Lisboa,Portugal,Sir Rodney's Scones,0,Confections,8.0,10,0.15,68.0,6,False
10397,1996-12-27,1997-01-24,1997-01-02,60.26,Portugal,NAO INFORMADO,PRINI,Princesa Isabel Vinhos,Lisboa,Portugal,Manjimup Dried Apples,0,Produce,42.4,18,0.15,648.72,6,False
10398,1996-12-30,1997-01-27,1997-01-09,89.16,USA,ID,SAVEA,Save-a-lot Markets,Boise,USA,Steeleye Stout,0,Beverages,14.4,30,0.0,432.0,10,False
10398,1996-12-30,1997-01-27,1997-01-09,89.16,USA,ID,SAVEA,Save-a-lot Markets,Boise,USA,Pâté chinois,0,Meat/Poultry,19.2,120,0.1,2073.6,10,False
10399,1996-12-31,1997-01-14,1997-01-08,27.36,Denmark,NAO INFORMADO,VAFFE,Vaffeljernet,Århus,Denmark,Scottish Longbreads,0,Confections,10.0,60,0.0,600.0,8,False
10399,1996-12-31,1997-01-14,1997-01-08,27.36,Denmark,NAO INFORMADO,VAFFE,Vaffeljernet,Århus,Denmark,Flotemysost,0,Dairy Products,17.2,30,0.0,516.0,8,False
10399,1996-12-31,1997-01-14,1997-01-08,27.36,Denmark,NAO INFORMADO,VAFFE,Vaffeljernet,Århus,Denmark,Lakkalikööri,0,Beverages,14.4,35,0.0,504.0,8,False
10399,1996-12-31,1997-01-14,1997-01-08,27.36,Denmark,NAO INFORMADO,VAFFE,Vaffeljernet,Århus,Denmark,Original Frankfurter grüne Soße,0,Condiments,10.4,14,0.0,145.6,8,False
10400,1997-01-01,1997-01-29,1997-01-16,83.93,UK,NAO INFORMADO,EASTC,Eastern Connection,London,UK,Steeleye Stout,0,Beverages,14.4,35,0.0,504.0,15,False
10400,1997-01-01,1997-01-29,1997-01-16,83.93,UK,NAO INFORMADO,EASTC,Eastern Connection,London,UK,Maxilaku,0,Confections,16.0,30,0.0,480.0,15,False
10401,1997-01-01,1997-01-29,1997-01-10,12.51,USA,NM,RATTC,Rattlesnake Canyon Grocery,Albuquerque,USA,Nord-Ost Matjeshering,0,Seafood,20.7,18,0.0,372.6,9,False
10401,1997-01-01,1997-01-29,1997-01-10,12.51,USA,NM,RATTC,Rattlesnake Canyon Grocery,Albuquerque,USA,Gnocchi di nonna Alice,0,Grains/Cereals,30.4,70,0.0,2128.0,9,False
10401,1997-01-01,1997-01-29,1997-01-10,12.51,USA,NM,RATTC,Rattlesnake Canyon Grocery,Albuquerque,USA,Louisiana Fiery Hot Pepper Sauce,0,Condiments,16.8,20,0.0,336.0,9,False
10401,1997-01-01,1997-01-29,1997-01-10,12.51,USA,NM,RATTC,Rattlesnake Canyon Grocery,Albuquerque,USA,Flotemysost,0,Dairy Products,17.2,60,0.0,1032.0,9,False
10402,1997-01-02,1997-02-13,1997-01-10,67.88,Austria,NAO INFORMADO,ERNSH,Ernst Handel,Graz,Austria,Tunnbröd,0,Grains/Cereals,7.2,60,0.0,432.0,8,False
10402,1997-01-02,1997-02-13,1997-01-10,67.88,Austria,NAO INFORMADO,ERNSH,Ernst Handel,Graz,Austria,Vegie-spread,0,Condiments,35.1,65,0.0,2281.5,8,False
10403,1997-01-03,1997-01-31,1997-01-09,73.79,Austria,NAO INFORMADO,ERNSH,Ernst Handel,Graz,Austria,Pavlova,0,Confections,13.9,21,0.15,248.12,6,False
10403,1997-01-03,1997-01-31,1997-01-09,73.79,Austria,NAO INFORMADO,ERNSH,Ernst Handel,Graz,Austria,Chocolade,0,Confections,10.2,70,0.15,606.9,6,False
10404,1997-01-03,1997-01-31,1997-01-08,155.97,Italy,NAO INFORMADO,MAGAA,Magazzini Alimentari Riuniti,Bergamo,Italy,Gumbär Gummibärchen,0,Confections,24.9,30,0.05,709.65,5,False
10404,1997-01-03,1997-01-31,1997-01-08,155.97,Italy,NAO INFORMADO,MAGAA,Magazzini Alimentari Riuniti,Bergamo,Italy,Maxilaku,0,Confections,16.0,30,0.05,456.0,5,False
10405,1997-01-06,1997-02-03,1997-01-22,34.82,Venezuela,Nueva Esparta,LINOD,LINO-Delicateses,I. de Margarita,Venezuela,Aniseed Syrup,0,Condiments,8.0,50,0.0,400.0,16,False
10406,1997-01-07,1997-02-18,1997-01-13,108.04,Brazil,SP,QUEEN,Queen Cozinha,Sao Paulo,Brazil,Sir Rodney's Scones,0,Confections,8.0,30,0.1,216.0,6,False
10406,1997-01-07,1997-02-18,1997-01-13,108.04,Brazil,SP,QUEEN,Queen Cozinha,Sao Paulo,Brazil,Inlagd Sill,0,Seafood,15.2,5,0.1,68.4,6,False
10406,1997-01-07,1997-02-18,1997-01-13,108.04,Brazil,SP,QUEEN,Queen Cozinha,Sao Paulo,Brazil,Boston Crab Meat,0,Seafood,14.7,2,0.1,26.46,6,False
10407,1997-01-07,1997-02-04,1997-01-30,91.48,Germany,NAO INFORMADO,OTTIK,Ottilies Käseladen,Köln,Germany,Queso Cabrales,0,Dairy Products,16.8,30,0.0,504.0,23,False
10407,1997-01-07,1997-02-04,1997-01-30,91.48,Germany,NAO INFORMADO,OTTIK,Ottilies Käseladen,Köln,Germany,Gudbrandsdalsost,0,Dairy Products,28.8,15,0.0,432.0,23,False
10407,1997-01-07,1997-02-04,1997-01-30,91.48,Germany,NAO INFORMADO,OTTIK,Ottilies Käseladen,Köln,Germany,Flotemysost,0,Dairy Products,17.2,15,0.0,258.0,23,False
10408,1997-01-08,1997-02-05,1997-01-14,11.26,France,NAO INFORMADO,FOLIG,Folies gourmandes,Lille,France,Gravad lax,0,Seafood,20.8,10,0.0,208.0,6,False
10408,1997-01-08,1997-02-05,1997-01-14,11.26,France,NAO INFORMADO,FOLIG,Folies gourmandes,Lille,France,Tourtière,0,Meat/Poultry,5.9,6,0.0,35.4,6,False
10408,1997-01-08,1997-02-05,1997-01-14,11.26,France,NAO INFORMADO,FOLIG,Folies gourmandes,Lille,France,Tarte au sucre,0,Confections,39.4,35,0.0,1379.0,6,False
10409,1997-01-09,1997-02-06,1997-01-14,29.83,Argentina,NAO INFORMADO,OCEAN,Océano Atlántico Ltda.,Buenos Aires,Argentina,Tofu,0,Produce,18.6,12,0.0,223.2,5,False
10409,1997-01-09,1997-02-06,1997-01-14,29.83,Argentina,NAO INFORMADO,OCEAN,Océano Atlántico Ltda.,Buenos Aires,Argentina,Sir Rodney's Scones,0,Confections,8.0,12,0.0,96.0,5,False
10410,1997-01-10,1997-02-07,1997-01-15,2.4,Canada,BC,BOTTM,Bottom-Dollar Markets,Tsawassen,Canada,Geitost,0,Dairy Products,2.0,49,0.0,98.0,5,False
10410,1997-01-10,1997-02-07,1997-01-15,2.4,Canada,BC,BOTTM,Bottom-Dollar Markets,Tsawassen,Canada,Raclette Courdavault,0,Dairy Products,44.0,16,0.0,704.0,5,False
10411,1997-01-10,1997-02-07,1997-01-21,23.65,Canada,BC,BOTTM,Bottom-Dollar Markets,Tsawassen,Canada,Jack's New England Clam Chowder,0,Seafood,7.7,25,0.2,154.0,11,False
10411,1997-01-10,1997-02-07,1997-01-21,23.65,Canada,BC,BOTTM,Bottom-Dollar Markets,Tsawassen,Canada,Gula Malacca,0,Condiments,15.5,40,0.2,496.0,11,False
10411,1997-01-10,1997-02-07,1997-01-21,23.65,Canada,BC,BOTTM,Bottom-Dollar Markets,Tsawassen,Canada,Raclette Courdavault,0,Dairy Products,44.0,9,0.2,316.8,11,False
10412,1997-01-13,1997-02-10,1997-01-15,3.77,Finland,NAO INFORMADO,WARTH,Wartian Herkku,Oulu,Finland,Tofu,0,Produce,18.6,20,0.1,334.8,2,False
10413,1997-01-14,1997-02-11,1997-01-16,95.66,France,NAO INFORMADO,LAMAI,La maison d'Asie,Toulouse,France,Tarte au sucre,0,Confections,39.4,40,0.0,1576.0,2,False
10413,1997-01-14,1997-02-11,1997-01-16,95.66,France,NAO INFORMADO,LAMAI,La maison d'Asie,Toulouse,France,Lakkalikööri,0,Beverages,14.4,14,0.0,201.6,2,False
10414,1997-01-14,1997-02-11,1997-01-17,21.48,Brazil,SP,FAMIA,Familia Arquibaldo,Sao Paulo,Brazil,Teatime Chocolate Biscuits,0,Confections,7.3,18,0.05,124.83,3,False
10414,1997-01-14,1997-02-11,1997-01-17,21.48,Brazil,SP,FAMIA,Familia Arquibaldo,Sao Paulo,Brazil,Geitost,0,Dairy Products,2.0,50,0.0,100.0,3,False
10415,1997-01-15,1997-02-12,1997-01-24,0.2,USA,OR,HUNGC,Hungry Coyote Import Store,Elgin,USA,Geitost,0,Dairy Products,2.0,20,0.0,40.0,9,False
10416,1997-01-16,1997-02-13,1997-01-27,22.72,Finland,NAO INFORMADO,WARTH,Wartian Herkku,Oulu,Finland,Teatime Chocolate Biscuits,0,Confections,7.3,20,0.0,146.0,11,False
10416,1997-01-16,1997-02-13,1997-01-27,22.72,Finland,NAO INFORMADO,WARTH,Wartian Herkku,Oulu,Finland,Ravioli Angelo,0,Grains/Cereals,15.6,20,0.0,312.0,11,False
10417,1997-01-16,1997-02-13,1997-01-28,70.29,Denmark,NAO INFORMADO,SIMOB,Simons bistro,Kobenhavn,Denmark,Côte de Blaye,0,Beverages,210.8,50,0.0,10540.0,12,False
10417,1997-01-16,1997-02-13,1997-01-28,70.29,Denmark,NAO INFORMADO,SIMOB,Simons bistro,Kobenhavn,Denmark,Spegesild,0,Seafood,9.6,2,0.25,14.4,12,False
10417,1997-01-16,1997-02-13,1997-01-28,70.29,Denmark,NAO INFORMADO,SIMOB,Simons bistro,Kobenhavn,Denmark,Scottish Longbreads,0,Confections,10.0,36,0.25,270.0,12,False
10417,1997-01-16,1997-02-13,1997-01-28,70.29,Denmark,NAO INFORMADO,SIMOB,Simons bistro,Kobenhavn,Denmark,Original Frankfurter grüne Soße,0,Condiments,10.4,35,0.0,364.0,12,False
10418,1997-01-17,1997-02-14,1997-01-24,17.55,Germany,NAO INFORMADO,QUICK,QUICK-Stop,Cunewalde,Germany,Zaanse koeken,0,Confections,7.6,55,0.0,418.0,7,False
10418,1997-01-17,1997-02-14,1997-01-24,17.55,Germany,NAO INFORMADO,QUICK,QUICK-Stop,Cunewalde,Germany,Sirop d'érable,0,Condiments,22.8,16,0.0,364.8,7,False
10418,1997-01-17,1997-02-14,1997-01-24,17.55,Germany,NAO INFORMADO,QUICK,QUICK-Stop,Cunewalde,Germany,Longlife Tofu,0,Produce,8.0,15,0.0,120.0,7,False
10419,1997-01-20,1997-02-17,1997-01-30,137.35,Switzerland,NAO INFORMADO,RICSU,Richter Supermarkt,Genève,Switzerland,Camembert Pierrot,0,Dairy Products,27.2,60,0.05,1550.4,10,False
10419,1997-01-20,1997-02-17,1997-01-30,137.35,Switzerland,NAO INFORMADO,RICSU,Richter Supermarkt,Genève,Switzerland,Gudbrandsdalsost,0,Dairy Products,28.8,20,0.05,547.2,10,False
10420,1997-01-21,1997-02-18,1997-01-27,44.12,Brazil,SP,WELLI,Wellington Importadora,Resende,Brazil,Konbu,0,Seafood,4.8,2,0.1,8.64,6,False
10420,1997-01-21,1997-02-18,1997-01-27,44.12,Brazil,SP,WELLI,Wellington Importadora,Resende,Brazil,Outback Lager,0,Beverages,12.0,8,0.1,86.4,6,False
10420,1997-01-21,1997-02-18,1997-01-27,44.12,Brazil,SP,WELLI,Wellington Importadora,Resende,Brazil,Röd Kaviar,0,Seafood,12.0,20,0.1,216.0,6,False
10421,1997-01-21,1997-03-04,1997-01-27,99.23,Brazil,RJ,QUEDE,Que Delícia,Rio de Janeiro,Brazil,Teatime Chocolate Biscuits,0,Confections,7.3,4,0.15,24.82,6,False
10421,1997-01-21,1997-03-04,1997-01-27,99.23,Brazil,RJ,QUEDE,Que Delícia,Rio de Janeiro,Brazil,Gumbär Gummibärchen,0,Confections,24.9,30,0.0,747.0,6,False
10421,1997-01-21,1997-03-04,1997-01-27,99.23,Brazil,RJ,QUEDE,Que Delícia,Rio de Janeiro,Brazil,Original Frankfurter grüne Soße,0,Condiments,10.4,10,0.15,88.4,6,False
10422,1997-01-22,1997-02-19,1997-01-31,3.02,Italy,NAO INFORMADO,FRANS,Franchi S.p.A.,Torino,Italy,Gumbär Gummibärchen,0,Confections,24.9,2,0.0,49.8,9,False
10423,1997-01-23,1997-02-06,1997-02-24,24.5,Brazil,SP,GOURL,Gourmet Lanchonetes,Campinas,Brazil,Gorgonzola Telino,0,Dairy Products,10.0,14,0.0,140.0,32,True
10423,1997-01-23,1997-02-06,1997-02-24,24.5,Brazil,SP,GOURL,Gourmet Lanchonetes,Campinas,Brazil,Raclette Courdavault,0,Dairy Products,44.0,20,0.0,880.0,32,True
10424,1997-01-23,1997-02-20,1997-01-27,370.61,Canada,Québec,MEREP,Mère Paillarde,Montréal,Canada,Steeleye Stout,0,Beverages,14.4,60,0.2,691.2,4,False
10424,1997-01-23,1997-02-20,1997-01-27,370.61,Canada,Québec,MEREP,Mère Paillarde,Montréal,Canada,Côte de Blaye,0,Beverages,210.8,49,0.2,8263.36,4,False
10424,1997-01-23,1997-02-20,1997-01-27,370.61,Canada,Québec,MEREP,Mère Paillarde,Montréal,Canada,Scottish Longbreads,0,Confections,10.0,30,0.2,240.0,4,False
10425,1997-01-24,1997-02-21,1997-02-14,7.93,France,NAO INFORMADO,LAMAI,La maison d'Asie,Toulouse,France,Pâté chinois,0,Meat/Poultry,19.2,10,0.25,144.0,21,False
10425,1997-01-24,1997-02-21,1997-02-14,7.93,France,NAO INFORMADO,LAMAI,La maison d'Asie,Toulouse,France,Lakkalikööri,0,Beverages,14.4,20,0.25,216.0,21,False
10426,1997-01-27,1997-02-24,1997-02-06,18.69,Spain,NAO INFORMADO,GALED,Galería del gastrónomo,Barcelona,Spain,Gnocchi di nonna Alice,0,Grains/Cereals,30.4,5,0.0,152.0,10,False
10426,1997-01-27,1997-02-24,1997-02-06,18.69,Spain,NAO INFORMADO,GALED,Galería del gastrónomo,Barcelona,Spain,Wimmers gute Semmelknödel,0,Grains/Cereals,26.6,7,0.0,186.2,10,False
10427,1997-01-27,1997-02-24,1997-03-03,31.29,Austria,NAO INFORMADO,PICCO,Piccolo und mehr,Salzburg,Austria,Tofu,0,Produce,18.6,35,0.0,651.0,35,True
10428,1997-01-28,1997-02-25,1997-02-04,11.09,Italy,NAO INFORMADO,REGGC,Reggiani Caseifici,Reggio Emilia,Italy,Spegesild,0,Seafood,9.6,20,0.0,192.0,7,False
10429,1997-01-29,1997-03-12,1997-02-07,56.63,Ireland,Co. Cork,HUNGO,Hungry Owl All-Night Grocers,Cork,Ireland,Valkoinen suklaa,0,Confections,13.0,40,0.0,520.0,9,False
10429,1997-01-29,1997-03-12,1997-02-07,56.63,Ireland,Co. Cork,HUNGO,Hungry Owl All-Night Grocers,Cork,Ireland,Vegie-spread,0,Condiments,35.1,35,0.25,921.38,9,False
10430,1997-01-30,1997-02-13,1997-02-03,458.78,Austria,NAO INFORMADO,ERNSH,Ernst Handel,Graz,Austria,Sir Rodney's Scones,0,Confections,8.0,50,0.0,400.0,4,False
10430,1997-01-30,1997-02-13,1997-02-03,458.78,Austria,NAO INFORMADO,ERNSH,Ernst Handel,Graz,Austria,Gnocchi di nonna Alice,0,Grains/Cereals,30.4,30,0.0,912.0,4,False
10430,1997-01-30,1997-02-13,1997-02-03,458.78,Austria,NAO INFORMADO,ERNSH,Ernst Handel,Graz,Austria,Raclette Courdavault,0,Dairy Products,44.0,70,0.2,2464.0,4,False
10431,1997-01-30,1997-02-13,1997-02-07,44.17,Canada,BC,BOTTM,Bottom-Dollar Markets,Tsawassen,Canada,Boston Crab Meat,0,Seafood,14.7,50,0.25,551.25,8,False
10431,1997-01-30,1997-02-13,1997-02-07,44.17,Canada,BC,BOTTM,Bottom-Dollar Markets,Tsawassen,Canada,Zaanse koeken,0,Confections,7.6,30,0.25,171.0,8,False
10432,1997-01-31,1997-02-14,1997-02-07,4.34,USA,WY,SPLIR,Split Rail Beer & Ale,Lander,USA,Gumbär Gummibärchen,0,Confections,24.9,10,0.0,249.0,7,False
10432,1997-01-31,1997-02-14,1997-02-07,4.34,USA,WY,SPLIR,Split Rail Beer & Ale,Lander,USA,Tourtière,0,Meat/Poultry,5.9,40,0.0,236.0,7,False
10433,1997-02-03,1997-03-03,1997-03-04,73.83,Portugal,NAO INFORMADO,PRINI,Princesa Isabel Vinhos,Lisboa,Portugal,Gnocchi di nonna Alice,0,Grains/Cereals,30.4,28,0.0,851.2,29,True
10434,1997-02-03,1997-03-03,1997-02-13,17.92,Sweden,NAO INFORMADO,FOLKO,Folk och fä HB,Bräcke,Sweden,Queso Cabrales,0,Dairy Products,16.8,6,0.0,100.8,10,False
10434,1997-02-03,1997-03-03,1997-02-13,17.92,Sweden,NAO INFORMADO,FOLKO,Folk och fä HB,Bräcke,Sweden,Lakkalikööri,0,Beverages,14.4,18,0.15,220.32,10,False
10435,1997-02-04,1997-03-18,1997-02-07,9.21,UK,NAO INFORMADO,CONSH,Consolidated Holdings,London,UK,Gustaf's Knäckebröd,0,Grains/Cereals,16.8,12,0.0,201.6,3,False
10435,1997-02-04,1997-03-18,1997-02-07,9.21,UK,NAO INFORMADO,CONSH,Consolidated Holdings,London,UK,Mozzarella di Giovanni,0,Dairy Products,27.8,10,0.0,278.0,3,False
10436,1997-02-05,1997-03-05,1997-02-11,156.66,France,NAO INFORMADO,BLONP,Blondesddsl père et fils,Strasbourg,France,Spegesild,0,Seafood,9.6,5,0.0,48.0,6,False
10436,1997-02-05,1997-03-05,1997-02-11,156.66,France,NAO INFORMADO,BLONP,Blondesddsl père et fils,Strasbourg,France,Gnocchi di nonna Alice,0,Grains/Cereals,30.4,40,0.1,1094.4,6,False
10436,1997-02-05,1997-03-05,1997-02-11,156.66,France,NAO INFORMADO,BLONP,Blondesddsl père et fils,Strasbourg,France,Wimmers gute Semmelknödel,0,Grains/Cereals,26.6,30,0.1,718.2,6,False
10436,1997-02-05,1997-03-05,1997-02-11,156.66,France,NAO INFORMADO,BLONP,Blondesddsl père et fils,Strasbourg,France,Rhönbräu Klosterbier,0,Beverages,6.2,24,0.1,133.92,6,False
10438,1997-02-06,1997-03-06,1997-02-14,8.24,Germany,NAO INFORMADO,TOMSP,Toms Spezialitäten,Münster,Germany,Teatime Chocolate Biscuits,0,Confections,7.3,15,0.2,87.6,8,False
10438,1997-02-06,1997-03-06,1997-02-14,8.24,Germany,NAO INFORMADO,TOMSP,Toms Spezialitäten,Münster,Germany,Sasquatch Ale,0,Beverages,11.2,20,0.2,179.2,8,False
10438,1997-02-06,1997-03-06,1997-02-14,8.24,Germany,NAO INFORMADO,TOMSP,Toms Spezialitäten,Münster,Germany,Ravioli Angelo,0,Grains/Cereals,15.6,15,0.2,187.2,8,False
10439,1997-02-07,1997-03-07,1997-02-10,4.07,Canada,Québec,MEREP,Mère Paillarde,Montréal,Canada,Queso Manchego La Pastora,0,Dairy Products,30.4,15,0.0,456.0,3,False
10439,1997-02-07,1997-03-07,1997-02-10,4.07,Canada,Québec,MEREP,Mère Paillarde,Montréal,Canada,Pavlova,0,Confections,13.9,16,0.0,222.4,3,False
10439,1997-02-07,1997-03-07,1997-02-10,4.07,Canada,Québec,MEREP,Mère Paillarde,Montréal,Canada,Wimmers gute Semmelknödel,0,Grains/Cereals,26.6,6,0.0,159.6,3,False
10439,1997-02-07,1997-03-07,1997-02-10,4.07,Canada,Québec,MEREP,Mère Paillarde,Montréal,Canada,Longlife Tofu,0,Produce,8.0,30,0.0,240.0,3,False
10440,1997-02-10,1997-03-10,1997-02-28,86.53,USA,ID,SAVEA,Save-a-lot Markets,Boise,USA,Pavlova,0,Confections,13.9,49,0.15,578.94,18,False
10440,1997-02-10,1997-03-10,1997-02-28,86.53,USA,ID,SAVEA,Save-a-lot Markets,Boise,USA,Sirop d'érable,0,Condiments,22.8,90,0.15,1744.2,18,False
10441,1997-02-10,1997-03-24,1997-03-14,73.02,USA,AK,OLDWO,Old World Delicatessen,Anchorage,USA,Schoggi Schokolade,0,Confections,35.1,50,0.0,1755.0,32,False
10442,1997-02-11,1997-03-11,1997-02-18,47.94,Austria,NAO INFORMADO,ERNSH,Ernst Handel,Graz,Austria,Queso Cabrales,0,Dairy Products,16.8,30,0.0,504.0,7,False
10442,1997-02-11,1997-03-11,1997-02-18,47.94,Austria,NAO INFORMADO,ERNSH,Ernst Handel,Graz,Austria,Tourtière,0,Meat/Poultry,5.9,80,0.0,472.0,7,False
10442,1997-02-11,1997-03-11,1997-02-18,47.94,Austria,NAO INFORMADO,ERNSH,Ernst Handel,Graz,Austria,Louisiana Hot Spiced Okra,0,Condiments,13.6,60,0.0,816.0,7,False
10443,1997-02-12,1997-03-12,1997-02-14,13.95,Italy,NAO INFORMADO,REGGC,Reggiani Caseifici,Reggio Emilia,Italy,Queso Cabrales,0,Dairy Products,16.8,6,0.2,80.64,2,False
10444,1997-02-12,1997-03-12,1997-02-21,3.5,Sweden,NAO INFORMADO,BERGS,Berglunds snabbköp,Luleå,Sweden,Gumbär Gummibärchen,0,Confections,24.9,15,0.0,373.5,9,False
10444,1997-02-12,1997-03-12,1997-02-21,3.5,Sweden,NAO INFORMADO,BERGS,Berglunds snabbköp,Luleå,Sweden,Steeleye Stout,0,Beverages,14.4,8,0.0,115.2,9,False
10444,1997-02-12,1997-03-12,1997-02-21,3.5,Sweden,NAO INFORMADO,BERGS,Berglunds snabbköp,Luleå,Sweden,Jack's New England Clam Chowder,0,Seafood,7.7,30,0.0,231.0,9,False
10445,1997-02-13,1997-03-13,1997-02-20,9.3,Sweden,NAO INFORMADO,BERGS,Berglunds snabbköp,Luleå,Sweden,Chartreuse verte,0,Beverages,14.4,6,0.0,86.4,7,False
10445,1997-02-13,1997-03-13,1997-02-20,9.3,Sweden,NAO INFORMADO,BERGS,Berglunds snabbköp,Luleå,Sweden,Tourtière,0,Meat/Poultry,5.9,15,0.0,88.5,7,False
10446,1997-02-14,1997-03-14,1997-02-19,14.68,Germany,NAO INFORMADO,TOMSP,Toms Spezialitäten,Münster,Germany,Teatime Chocolate Biscuits,0,Confections,7.3,12,0.1,78.84,5,False
10446,1997-02-14,1997-03-14,1997-02-19,14.68,Germany,NAO INFORMADO,TOMSP,Toms Spezialitäten,Münster,Germany,Gorgonzola Telino,0,Dairy Products,10.0,3,0.1,27.0,5,False
10446,1997-02-14,1997-03-14,1997-02-19,14.68,Germany,NAO INFORMADO,TOMSP,Toms Spezialitäten,Münster,Germany,Filo Mix,0,Grains/Cereals,5.6,15,0.1,75.6,5,False
10447,1997-02-14,1997-03-14,1997-03-07,68.66,Brazil,RJ,RICAR,Ricardo Adocicados,Rio de Janeiro,Brazil,Teatime Chocolate Biscuits,0,Confections,7.3,40,0.0,292.0,21,False
10447,1997-02-14,1997-03-14,1997-03-07,68.66,Brazil,RJ,RICAR,Ricardo Adocicados,Rio de Janeiro,Brazil,Louisiana Fiery Hot Pepper Sauce,0,Condiments,16.8,35,0.0,588.0,21,False
10447,1997-02-14,1997-03-14,1997-03-07,68.66,Brazil,RJ,RICAR,Ricardo Adocicados,Rio de Janeiro,Brazil,Flotemysost,0,Dairy Products,17.2,2,0.0,34.4,21,False
10448,1997-02-17,1997-03-17,1997-02-24,38.82,Argentina,NAO INFORMADO,RANCH,Rancho grande,Buenos Aires,Argentina,Gumbär Gummibärchen,0,Confections,24.9,6,0.0,149.4,7,False
10448,1997-02-17,1997-03-17,1997-02-24,38.82,Argentina,NAO INFORMADO,RANCH,Rancho grande,Buenos Aires,Argentina,Boston Crab Meat,0,Seafood,14.7,20,0.0,294.0,7,False
10449,1997-02-18,1997-03-18,1997-02-27,53.3,France,NAO INFORMADO,BLONP,Blondesddsl père et fils,Strasbourg,France,Ikura,0,Seafood,24.8,14,0.0,347.2,9,False
10449,1997-02-18,1997-03-18,1997-02-27,53.3,France,NAO INFORMADO,BLONP,Blondesddsl père et fils,Strasbourg,France,Filo Mix,0,Grains/Cereals,5.6,20,0.0,112.0,9,False
10449,1997-02-18,1997-03-18,1997-02-27,53.3,France,NAO INFORMADO,BLONP,Blondesddsl père et fils,Strasbourg,France,Tarte au sucre,0,Confections,39.4,35,0.0,1379.0,9,False
10450,1997-02-19,1997-03-19,1997-03-11,7.23,France,NAO INFORMADO,VICTE,Victuailles en stock,Lyon,France,Ikura,0,Seafood,24.8,20,0.2,396.8,20,False
10450,1997-02-19,1997-03-19,1997-03-11,7.23,France,NAO INFORMADO,VICTE,Victuailles en stock,Lyon,France,Tourtière,0,Meat/Poultry,5.9,6,0.2,28.32,20,False
10451,1997-02-19,1997-03-05,1997-03-12,189.09,Germany,NAO INFORMADO,QUICK,QUICK-Stop,Cunewalde,Germany,Pâté chinois,0,Meat/Poultry,19.2,120,0.1,2073.6,21,True
10451,1997-02-19,1997-03-05,1997-03-12,189.09,Germany,NAO INFORMADO,QUICK,QUICK-Stop,Cunewalde,Germany,Wimmers gute Semmelknödel,0,Grains/Cereals,26.6,35,0.1,837.9,21,True
10451,1997-02-19,1997-03-05,1997-03-12,189.09,Germany,NAO INFORMADO,QUICK,QUICK-Stop,Cunewalde,Germany,Louisiana Fiery Hot Pepper Sauce,0,Condiments,16.8,28,0.1,423.36,21,True
10451,1997-02-19,1997-03-05,1997-03-12,189.09,Germany,NAO INFORMADO,QUICK,QUICK-Stop,Cunewalde,Germany,Original Frankfurter grüne Soße,0,Condiments,10.4,55,0.1,514.8,21,True
10452,1997-02-20,1997-03-20,1997-02-26,140.26,USA,ID,SAVEA,Save-a-lot Markets,Boise,USA,Gula Malacca,0,Condiments,15.5,100,0.05,1472.5,6,False
10453,1997-02-21,1997-03-21,1997-02-26,25.36,UK,Essex,AROUT,Around the Horn,London,UK,Chocolade,0,Confections,10.2,15,0.1,137.7,5,False
10453,1997-02-21,1997-03-21,1997-02-26,25.36,UK,Essex,AROUT,Around the Horn,London,UK,Outback Lager,0,Beverages,12.0,25,0.1,270.0,5,False
10454,1997-02-21,1997-03-21,1997-02-25,2.74,France,NAO INFORMADO,LAMAI,La maison d'Asie,Toulouse,France,Pavlova,0,Confections,13.9,20,0.2,222.4,4,False
10454,1997-02-21,1997-03-21,1997-02-25,2.74,France,NAO INFORMADO,LAMAI,La maison d'Asie,Toulouse,France,Geitost,0,Dairy Products,2.0,20,0.2,32.0,4,False
10454,1997-02-21,1997-03-21,1997-02-25,2.74,France,NAO INFORMADO,LAMAI,La maison d'Asie,Toulouse,France,Spegesild,0,Seafood,9.6,10,0.2,76.8,4,False
10455,1997-02-24,1997-04-07,1997-03-03,180.45,Finland,NAO INFORMADO,WARTH,Wartian Herkku,Oulu,Finland,Chartreuse verte,0,Beverages,14.4,20,0.0,288.0,7,False
10455,1997-02-24,1997-04-07,1997-03-03,180.45,Finland,NAO INFORMADO,WARTH,Wartian Herkku,Oulu,Finland,Sirop d'érable,0,Condiments,22.8,25,0.0,570.0,7,False
10455,1997-02-24,1997-04-07,1997-03-03,180.45,Finland,NAO INFORMADO,WARTH,Wartian Herkku,Oulu,Finland,Flotemysost,0,Dairy Products,17.2,30,0.0,516.0,7,False
10456,1997-02-25,1997-04-08,1997-02-28,8.12,Germany,NAO INFORMADO,KOENE,Königlich Essen,Brandenburg,Germany,Sir Rodney's Scones,0,Confections,8.0,40,0.15,272.0,3,False
10456,1997-02-25,1997-04-08,1997-02-28,8.12,Germany,NAO INFORMADO,KOENE,Königlich Essen,Brandenburg,Germany,Maxilaku,0,Confections,16.0,21,0.15,285.6,3,False
10457,1997-02-25,1997-03-25,1997-03-03,11.57,Germany,NAO INFORMADO,KOENE,Königlich Essen,Brandenburg,Germany,Raclette Courdavault,0,Dairy Products,44.0,36,0.0,1584.0,6,False
10458,1997-02-26,1997-03-26,1997-03-04,147.06,Belgium,NAO INFORMADO,SUPRD,Suprêmes délices,Charleroi,Belgium,Gumbär Gummibärchen,0,Confections,24.9,30,0.0,747.0,6,False
10458,1997-02-26,1997-03-26,1997-03-04,147.06,Belgium,NAO INFORMADO,SUPRD,Suprêmes délices,Charleroi,Belgium,Ipoh Coffee,0,Beverages,36.8,20,0.0,736.0,6,False
10458,1997-02-26,1997-03-26,1997-03-04,147.06,Belgium,NAO INFORMADO,SUPRD,Suprêmes délices,Charleroi,Belgium,Gnocchi di nonna Alice,0,Grains/Cereals,30.4,15,0.0,456.0,6,False
10458,1997-02-26,1997-03-26,1997-03-04,147.06,Belgium,NAO INFORMADO,SUPRD,Suprêmes délices,Charleroi,Belgium,Flotemysost,0,Dairy Products,17.2,50,0.0,860.0,6,False
10459,1997-02-27,1997-03-27,1997-02-28,25.09,France,NAO INFORMADO,VICTE,Victuailles en stock,Lyon,France,Uncle Bob's Organic Dried Pears,0,Produce,24.0,16,0.05,364.8,1,False
10459,1997-02-27,1997-03-27,1997-02-28,25.09,France,NAO INFORMADO,VICTE,Victuailles en stock,Lyon,France,Spegesild,0,Seafood,9.6,20,0.05,182.4,1,False
10459,1997-02-27,1997-03-27,1997-02-28,25.09,France,NAO INFORMADO,VICTE,Victuailles en stock,Lyon,France,Mozzarella di Giovanni,0,Dairy Products,27.8,40,0.0,1112.0,1,False
10460,1997-02-28,1997-03-28,1997-03-03,16.27,Sweden,NAO INFORMADO,FOLKO,Folk och fä HB,Bräcke,Sweden,Scottish Longbreads,0,Confections,10.0,21,0.25,157.5,3,False
10460,1997-02-28,1997-03-28,1997-03-03,16.27,Sweden,NAO INFORMADO,FOLKO,Folk och fä HB,Bräcke,Sweden,Rhönbräu Klosterbier,0,Beverages,6.2,4,0.25,18.6,3,False
10461,1997-02-28,1997-03-28,1997-03-05,148.61,Venezuela,Lara,LILAS,LILA-Supermercado,Barquisimeto,Venezuela,Sir Rodney's Scones,0,Confections,8.0,40,0.25,240.0,5,False
10461,1997-02-28,1997-03-28,1997-03-05,148.61,Venezuela,Lara,LILAS,LILA-Supermercado,Barquisimeto,Venezuela,Nord-Ost Matjeshering,0,Seafood,20.7,28,0.25,434.7,5,False
10461,1997-02-28,1997-03-28,1997-03-05,148.61,Venezuela,Lara,LILAS,LILA-Supermercado,Barquisimeto,Venezuela,Pâté chinois,0,Meat/Poultry,19.2,60,0.25,864.0,5,False
10462,1997-03-03,1997-03-31,1997-03-18,6.17,UK,NAO INFORMADO,CONSH,Consolidated Holdings,London,UK,Konbu,0,Seafood,4.8,1,0.0,4.8,15,False
10462,1997-03-03,1997-03-31,1997-03-18,6.17,UK,NAO INFORMADO,CONSH,Consolidated Holdings,London,UK,Tunnbröd,0,Grains/Cereals,7.2,21,0.0,151.2,15,False
10463,1997-03-04,1997-04-01,1997-03-06,14.78,Belgium,NAO INFORMADO,SUPRD,Suprêmes délices,Charleroi,Belgium,Teatime Chocolate Biscuits,0,Confections,7.3,21,0.0,153.3,2,False
10464,1997-03-04,1997-04-01,1997-03-14,89.0,Portugal,NAO INFORMADO,FURIB,Furia Bacalhau e Frutos do Mar,Lisboa,Portugal,Chef Anton's Cajun Seasoning,0,Condiments,17.6,16,0.2,225.28,10,False
10464,1997-03-04,1997-04-01,1997-03-14,89.0,Portugal,NAO INFORMADO,FURIB,Furia Bacalhau e Frutos do Mar,Lisboa,Portugal,Ipoh Coffee,0,Beverages,36.8,3,0.0,110.4,10,False
10464,1997-03-04,1997-04-01,1997-03-14,89.0,Portugal,NAO INFORMADO,FURIB,Furia Bacalhau e Frutos do Mar,Lisboa,Portugal,Gnocchi di nonna Alice,0,Grains/Cereals,30.4,30,0.2,729.6,10,False
10464,1997-03-04,1997-04-01,1997-03-14,89.0,Portugal,NAO INFORMADO,FURIB,Furia Bacalhau e Frutos do Mar,Lisboa,Portugal,Camembert Pierrot,0,Dairy Products,27.2,20,0.0,544.0,10,False
10465,1997-03-05,1997-04-02,1997-03-14,145.04,Denmark,NAO INFORMADO,VAFFE,Vaffeljernet,Århus,Denmark,Boston Crab Meat,0,Seafood,14.7,20,0.0,294.0,9,False
10465,1997-03-05,1997-04-02,1997-03-14,145.04,Denmark,NAO INFORMADO,VAFFE,Vaffeljernet,Århus,Denmark,Rogede sild,0,Seafood,7.6,30,0.1,205.2,9,False
10465,1997-03-05,1997-04-02,1997-03-14,145.04,Denmark,NAO INFORMADO,VAFFE,Vaffeljernet,Århus,Denmark,Valkoinen suklaa,0,Confections,13.0,25,0.0,325.0,9,False
10466,1997-03-06,1997-04-03,1997-03-13,11.93,Brazil,SP,COMMI,Comércio Mineiro,Sao Paulo,Brazil,Queso Cabrales,0,Dairy Products,16.8,10,0.0,168.0,7,False
10466,1997-03-06,1997-04-03,1997-03-13,11.93,Brazil,SP,COMMI,Comércio Mineiro,Sao Paulo,Brazil,Spegesild,0,Seafood,9.6,5,0.0,48.0,7,False
10467,1997-03-06,1997-04-03,1997-03-11,4.93,Italy,NAO INFORMADO,MAGAA,Magazzini Alimentari Riuniti,Bergamo,Italy,NuNuCa Nuß-Nougat-Creme,0,Confections,11.2,12,0.0,134.4,5,False
10468,1997-03-07,1997-04-04,1997-03-12,44.12,Germany,NAO INFORMADO,KOENE,Königlich Essen,Brandenburg,Germany,Nord-Ost Matjeshering,0,Seafood,20.7,8,0.0,165.6,5,False
10468,1997-03-07,1997-04-04,1997-03-12,44.12,Germany,NAO INFORMADO,KOENE,Königlich Essen,Brandenburg,Germany,Ipoh Coffee,0,Beverages,36.8,15,0.0,552.0,5,False
10469,1997-03-10,1997-04-07,1997-03-14,60.18,USA,WA,WHITC,White Clover Markets,Seattle,USA,Pavlova,0,Confections,13.9,35,0.15,413.52,4,False
10469,1997-03-10,1997-04-07,1997-03-14,60.18,USA,WA,WHITC,White Clover Markets,Seattle,USA,Gula Malacca,0,Condiments,15.5,2,0.15,26.35,4,False
10470,1997-03-11,1997-04-08,1997-03-14,64.56,France,NAO INFORMADO,BONAP,Bon app',Marseille,France,Carnarvon Tigers,0,Seafood,50.0,30,0.0,1500.0,3,False
10470,1997-03-11,1997-04-08,1997-03-14,64.56,France,NAO INFORMADO,BONAP,Bon app',Marseille,France,Tunnbröd,0,Grains/Cereals,7.2,15,0.0,108.0,3,False
10470,1997-03-11,1997-04-08,1997-03-14,64.56,France,NAO INFORMADO,BONAP,Bon app',Marseille,France,Wimmers gute Semmelknödel,0,Grains/Cereals,26.6,8,0.0,212.8,3,False
10471,1997-03-11,1997-04-08,1997-03-18,45.59,UK,NAO INFORMADO,BSBEV,B's Beverages,London,UK,Uncle Bob's Organic Dried Pears,0,Produce,24.0,30,0.0,720.0,7,False
10471,1997-03-11,1997-04-08,1997-03-18,45.59,UK,NAO INFORMADO,BSBEV,B's Beverages,London,UK,Gnocchi di nonna Alice,0,Grains/Cereals,30.4,20,0.0,608.0,7,False
10472,1997-03-12,1997-04-09,1997-03-19,4.2,UK,NAO INFORMADO,SEVES,Seven Seas Imports,London,UK,Manjimup Dried Apples,0,Produce,42.4,18,0.0,763.2,7,False
10473,1997-03-13,1997-03-27,1997-03-21,16.37,UK,Isle of Wight,ISLAT,Island Trading,Cowes,UK,Geitost,0,Dairy Products,2.0,12,0.0,24.0,8,False
10473,1997-03-13,1997-03-27,1997-03-21,16.37,UK,Isle of Wight,ISLAT,Island Trading,Cowes,UK,Flotemysost,0,Dairy Products,17.2,12,0.0,206.4,8,False
10474,1997-03-13,1997-04-10,1997-03-21,83.49,Mexico,NAO INFORMADO,PERIC,Pericles Comidas clásicas,México D.F.,Mexico,Tofu,0,Produce,18.6,12,0.0,223.2,8,False
10474,1997-03-13,1997-04-10,1997-03-21,83.49,Mexico,NAO INFORMADO,PERIC,Pericles Comidas clásicas,México D.F.,Mexico,Boston Crab Meat,0,Seafood,14.7,21,0.0,308.7,8,False
10474,1997-03-13,1997-04-10,1997-03-21,83.49,Mexico,NAO INFORMADO,PERIC,Pericles Comidas clásicas,México D.F.,Mexico,Rhönbräu Klosterbier,0,Beverages,6.2,10,0.0,62.0,8,False
10475,1997-03-14,1997-04-11,1997-04-04,68.52,Belgium,NAO INFORMADO,SUPRD,Suprêmes délices,Charleroi,Belgium,Gorgonzola Telino,0,Dairy Products,10.0,35,0.15,297.5,21,False
10475,1997-03-14,1997-04-11,1997-04-04,68.52,Belgium,NAO INFORMADO,SUPRD,Suprêmes délices,Charleroi,Belgium,Louisiana Hot Spiced Okra,0,Condiments,13.6,60,0.15,693.6,21,False
10475,1997-03-14,1997-04-11,1997-04-04,68.52,Belgium,NAO INFORMADO,SUPRD,Suprêmes délices,Charleroi,Belgium,Lakkalikööri,0,Beverages,14.4,42,0.15,514.08,21,False
10476,1997-03-17,1997-04-14,1997-03-24,4.41,Venezuela,Táchira,HILAA,HILARION-Abastos,San Cristóbal,Venezuela,Pâté chinois,0,Meat/Poultry,19.2,2,0.05,36.48,7,False
10476,1997-03-17,1997-04-14,1997-03-24,4.41,Venezuela,Táchira,HILAA,HILARION-Abastos,San Cristóbal,Venezuela,Outback Lager,0,Beverages,12.0,12,0.0,144.0,7,False
10477,1997-03-17,1997-04-14,1997-03-25,13.02,Portugal,NAO INFORMADO,PRINI,Princesa Isabel Vinhos,Lisboa,Portugal,Sir Rodney's Scones,0,Confections,8.0,21,0.25,126.0,8,False
10477,1997-03-17,1997-04-14,1997-03-25,13.02,Portugal,NAO INFORMADO,PRINI,Princesa Isabel Vinhos,Lisboa,Portugal,Chartreuse verte,0,Beverages,14.4,20,0.25,216.0,8,False
10478,1997-03-18,1997-04-01,1997-03-26,4.81,France,NAO INFORMADO,VICTE,Victuailles en stock,Lyon,France,Ikura,0,Seafood,24.8,20,0.05,471.2,8,False
10479,1997-03-19,1997-04-16,1997-03-21,708.95,USA,NM,RATTC,Rattlesnake Canyon Grocery,Albuquerque,USA,Côte de Blaye,0,Beverages,210.8,30,0.0,6324.0,2,False
10479,1997-03-19,1997-04-16,1997-03-21,708.95,USA,NM,RATTC,Rattlesnake Canyon Grocery,Albuquerque,USA,Raclette Courdavault,0,Dairy Products,44.0,60,0.0,2640.0,2,False
10479,1997-03-19,1997-04-16,1997-03-21,708.95,USA,NM,RATTC,Rattlesnake Canyon Grocery,Albuquerque,USA,Wimmers gute Semmelknödel,0,Grains/Cereals,26.6,30,0.0,798.0,2,False
10480,1997-03-20,1997-04-17,1997-03-24,1.35,France,NAO INFORMADO,FOLIG,Folies gourmandes,Lille,France,Zaanse koeken,0,Confections,7.6,30,0.0,228.0,4,False
10480,1997-03-20,1997-04-17,1997-03-24,1.35,France,NAO INFORMADO,FOLIG,Folies gourmandes,Lille,France,Raclette Courdavault,0,Dairy Products,44.0,12,0.0,528.0,4,False
10481,1997-03-20,1997-04-17,1997-03-25,64.33,Brazil,RJ,RICAR,Ricardo Adocicados,Rio de Janeiro,Brazil,Maxilaku,0,Confections,16.0,24,0.0,384.0,5,False
10481,1997-03-20,1997-04-17,1997-03-25,64.33,Brazil,RJ,RICAR,Ricardo Adocicados,Rio de Janeiro,Brazil,Camembert Pierrot,0,Dairy Products,27.2,40,0.0,1088.0,5,False
10482,1997-03-21,1997-04-18,1997-04-10,7.48,USA,WA,LAZYK,Lazy K Kountry Store,Walla Walla,USA,Boston Crab Meat,0,Seafood,14.7,10,0.0,147.0,20,False
10483,1997-03-24,1997-04-21,1997-04-25,15.28,USA,WA,WHITC,White Clover Markets,Seattle,USA,Sasquatch Ale,0,Beverages,11.2,35,0.05,372.4,32,True
10483,1997-03-24,1997-04-21,1997-04-25,15.28,USA,WA,WHITC,White Clover Markets,Seattle,USA,Original Frankfurter grüne Soße,0,Condiments,10.4,30,0.05,296.4,32,True
10484,1997-03-24,1997-04-21,1997-04-01,6.88,UK,NAO INFORMADO,BSBEV,B's Beverages,London,UK,Sir Rodney's Scones,0,Confections,8.0,14,0.0,112.0,8,False
10484,1997-03-24,1997-04-21,1997-04-01,6.88,UK,NAO INFORMADO,BSBEV,B's Beverages,London,UK,Boston Crab Meat,0,Seafood,14.7,10,0.0,147.0,8,False
10484,1997-03-24,1997-04-21,1997-04-01,6.88,UK,NAO INFORMADO,BSBEV,B's Beverages,London,UK,Manjimup Dried Apples,0,Produce,42.4,3,0.0,127.2,8,False
10485,1997-03-25,1997-04-08,1997-03-31,64.45,Venezuela,Nueva Esparta,LINOD,LINO-Delicateses,I. de Margarita,Venezuela,Aniseed Syrup,0,Condiments,8.0,20,0.1,144.0,6,False
10485,1997-03-25,1997-04-08,1997-03-31,64.45,Venezuela,Nueva Esparta,LINOD,LINO-Delicateses,I. de Margarita,Venezuela,Pâté chinois,0,Meat/Poultry,19.2,30,0.1,518.4,6,False
10485,1997-03-25,1997-04-08,1997-03-31,64.45,Venezuela,Nueva Esparta,LINOD,LINO-Delicateses,I. de Margarita,Venezuela,Outback Lager,0,Beverages,12.0,60,0.1,648.0,6,False
10486,1997-03-26,1997-04-23,1997-04-02,30.53,Venezuela,Táchira,HILAA,HILARION-Abastos,San Cristóbal,Venezuela,Queso Cabrales,0,Dairy Products,16.8,5,0.0,84.0,7,False
10486,1997-03-26,1997-04-23,1997-04-02,30.53,Venezuela,Táchira,HILAA,HILARION-Abastos,San Cristóbal,Venezuela,Manjimup Dried Apples,0,Produce,42.4,25,0.0,1060.0,7,False
10486,1997-03-26,1997-04-23,1997-04-02,30.53,Venezuela,Táchira,HILAA,HILARION-Abastos,San Cristóbal,Venezuela,Longlife Tofu,0,Produce,8.0,16,0.0,128.0,7,False
10487,1997-03-26,1997-04-23,1997-03-28,71.07,Brazil,SP,QUEEN,Queen Cozinha,Sao Paulo,Brazil,Teatime Chocolate Biscuits,0,Confections,7.3,5,0.0,36.5,2,False
10487,1997-03-26,1997-04-23,1997-03-28,71.07,Brazil,SP,QUEEN,Queen Cozinha,Sao Paulo,Brazil,Gumbär Gummibärchen,0,Confections,24.9,30,0.0,747.0,2,False
10487,1997-03-26,1997-04-23,1997-03-28,71.07,Brazil,SP,QUEEN,Queen Cozinha,Sao Paulo,Brazil,Tourtière,0,Meat/Poultry,5.9,24,0.25,106.2,2,False
10488,1997-03-27,1997-04-24,1997-04-02,4.93,Germany,NAO INFORMADO,FRANK,Frankenversand,München,Germany,Raclette Courdavault,0,Dairy Products,44.0,30,0.0,1320.0,6,False
10488,1997-03-27,1997-04-24,1997-04-02,4.93,Germany,NAO INFORMADO,FRANK,Frankenversand,München,Germany,Röd Kaviar,0,Seafood,12.0,20,0.2,192.0,6,False
10489,1997-03-28,1997-04-25,1997-04-09,5.29,Austria,NAO INFORMADO,PICCO,Piccolo und mehr,Salzburg,Austria,Queso Cabrales,0,Dairy Products,16.8,15,0.25,189.0,12,False
10489,1997-03-28,1997-04-25,1997-04-09,5.29,Austria,NAO INFORMADO,PICCO,Piccolo und mehr,Salzburg,Austria,Pavlova,0,Confections,13.9,18,0.0,250.2,12,False
10490,1997-03-31,1997-04-28,1997-04-03,210.19,Venezuela,Táchira,HILAA,HILARION-Abastos,San Cristóbal,Venezuela,Raclette Courdavault,0,Dairy Products,44.0,60,0.0,2640.0,3,False
10490,1997-03-31,1997-04-28,1997-04-03,210.19,Venezuela,Táchira,HILAA,HILARION-Abastos,San Cristóbal,Venezuela,Scottish Longbreads,0,Confections,10.0,30,0.0,300.0,3,False
10490,1997-03-31,1997-04-28,1997-04-03,210.19,Venezuela,Táchira,HILAA,HILARION-Abastos,San Cristóbal,Venezuela,Rhönbräu Klosterbier,0,Beverages,6.2,36,0.0,223.2,3,False
10491,1997-03-31,1997-04-28,1997-04-08,16.96,Portugal,NAO INFORMADO,FURIB,Furia Bacalhau e Frutos do Mar,Lisboa,Portugal,Gula Malacca,0,Condiments,15.5,15,0.15,197.62,8,False
10491,1997-03-31,1997-04-28,1997-04-08,16.96,Portugal,NAO INFORMADO,FURIB,Furia Bacalhau e Frutos do Mar,Lisboa,Portugal,Original Frankfurter grüne Soße,0,Condiments,10.4,7,0.15,61.88,8,False
10492,1997-04-01,1997-04-29,1997-04-11,62.89,Canada,BC,BOTTM,Bottom-Dollar Markets,Tsawassen,Canada,NuNuCa Nuß-Nougat-Creme,0,Confections,11.2,60,0.05,638.4,10,False
10493,1997-04-02,1997-04-30,1997-04-10,10.64,France,NAO INFORMADO,LAMAI,La maison d'Asie,Toulouse,France,Louisiana Fiery Hot Pepper Sauce,0,Condiments,16.8,15,0.1,226.8,8,False
10493,1997-04-02,1997-04-30,1997-04-10,10.64,France,NAO INFORMADO,LAMAI,La maison d'Asie,Toulouse,France,Louisiana Hot Spiced Okra,0,Condiments,13.6,10,0.1,122.4,8,False
10493,1997-04-02,1997-04-30,1997-04-10,10.64,France,NAO INFORMADO,LAMAI,La maison d'Asie,Toulouse,France,Gudbrandsdalsost,0,Dairy Products,28.8,10,0.1,259.2,8,False
10494,1997-04-02,1997-04-30,1997-04-09,65.99,Brazil,SP,COMMI,Comércio Mineiro,Sao Paulo,Brazil,Gnocchi di nonna Alice,0,Grains/Cereals,30.4,30,0.0,912.0,7,False
10495,1997-04-03,1997-05-01,1997-04-11,4.65,Canada,BC,LAUGB,Laughing Bacchus Wine Cellars,Vancouver,Canada,Tunnbröd,0,Grains/Cereals,7.2,10,0.0,72.0,8,False
10495,1997-04-03,1997-05-01,1997-04-11,4.65,Canada,BC,LAUGB,Laughing Bacchus Wine Cellars,Vancouver,Canada,Jack's New England Clam Chowder,0,Seafood,7.7,20,0.0,154.0,8,False
10495,1997-04-03,1997-05-01,1997-04-11,4.65,Canada,BC,LAUGB,Laughing Bacchus Wine Cellars,Vancouver,Canada,Original Frankfurter grüne Soße,0,Condiments,10.4,5,0.0,52.0,8,False
10496,1997-04-04,1997-05-02,1997-04-07,46.77,Brazil,SP,TRADH,Tradição Hipermercados,Sao Paulo,Brazil,Gorgonzola Telino,0,Dairy Products,10.0,20,0.05,190.0,3,False
10497,1997-04-04,1997-05-02,1997-04-07,36.21,Germany,NAO INFORMADO,LEHMS,Lehmanns Marktstand,Frankfurt a.M.,Germany,Gnocchi di nonna Alice,0,Grains/Cereals,30.4,14,0.0,425.6,3,False
10497,1997-04-04,1997-05-02,1997-04-07,36.21,Germany,NAO INFORMADO,LEHMS,Lehmanns Marktstand,Frankfurt a.M.,Germany,Mozzarella di Giovanni,0,Dairy Products,27.8,25,0.0,695.0,3,False
10497,1997-04-04,1997-05-02,1997-04-07,36.21,Germany,NAO INFORMADO,LEHMS,Lehmanns Marktstand,Frankfurt a.M.,Germany,Original Frankfurter grüne Soße,0,Condiments,10.4,25,0.0,260.0,3,False
10498,1997-04-07,1997-05-05,1997-04-11,29.75,Venezuela,Táchira,HILAA,HILARION-Abastos,San Cristóbal,Venezuela,Boston Crab Meat,0,Seafood,18.4,5,0.0,92.0,4,False
10499,1997-04-08,1997-05-06,1997-04-16,102.02,Venezuela,Lara,LILAS,LILA-Supermercado,Barquisimeto,Venezuela,Maxilaku,0,Confections,20.0,25,0.0,500.0,8,False
10500,1997-04-09,1997-05-07,1997-04-17,42.68,France,NAO INFORMADO,LAMAI,La maison d'Asie,Toulouse,France,Genen Shouyu,0,Condiments,15.5,12,0.05,176.7,8,False
10501,1997-04-09,1997-05-07,1997-04-16,8.85,Germany,NAO INFORMADO,BLAUS,Blauer See Delikatessen,Mannheim,Germany,Tourtière,0,Meat/Poultry,7.45,20,0.0,149.0,7,False
10502,1997-04-10,1997-05-08,1997-04-29,69.32,Mexico,NAO INFORMADO,PERIC,Pericles Comidas clásicas,México D.F.,Mexico,Rogede sild,0,Seafood,9.5,21,0.0,199.5,19,False
10502,1997-04-10,1997-05-08,1997-04-29,69.32,Mexico,NAO INFORMADO,PERIC,Pericles Comidas clásicas,México D.F.,Mexico,Laughing Lumberjack Lager,0,Beverages,14.0,30,0.0,420.0,19,False
10503,1997-04-11,1997-05-09,1997-04-16,16.74,Ireland,Co. Cork,HUNGO,Hungry Owl All-Night Grocers,Cork,Ireland,Tofu,0,Produce,23.25,70,0.0,1627.5,5,False
10503,1997-04-11,1997-05-09,1997-04-16,16.74,Ireland,Co. Cork,HUNGO,Hungry Owl All-Night Grocers,Cork,Ireland,Louisiana Fiery Hot Pepper Sauce,0,Condiments,21.05,20,0.0,421.0,5,False
10504,1997-04-11,1997-05-09,1997-04-18,59.13,USA,WA,WHITC,White Clover Markets,Seattle,USA,Sir Rodney's Scones,0,Confections,10.0,12,0.0,120.0,7,False
10504,1997-04-11,1997-05-09,1997-04-18,59.13,USA,WA,WHITC,White Clover Markets,Seattle,USA,Sirop d'érable,0,Condiments,28.5,25,0.0,712.5,7,False
10505,1997-04-14,1997-05-12,1997-04-21,7.13,Canada,Québec,MEREP,Mère Paillarde,Montréal,Canada,Tarte au sucre,0,Confections,49.3,3,0.0,147.9,7,False
10506,1997-04-15,1997-05-13,1997-05-02,21.19,Germany,NAO INFORMADO,KOENE,Königlich Essen,Brandenburg,Germany,NuNuCa Nuß-Nougat-Creme,0,Confections,14.0,18,0.1,226.8,17,False
10506,1997-04-15,1997-05-13,1997-05-02,21.19,Germany,NAO INFORMADO,KOENE,Königlich Essen,Brandenburg,Germany,Outback Lager,0,Beverages,15.0,14,0.1,189.0,17,False
10507,1997-04-15,1997-05-13,1997-04-22,47.45,Mexico,NAO INFORMADO,ANTON,Antonio Moreno Taquería,México D.F.,Mexico,Ipoh Coffee,0,Beverages,46.0,15,0.15,586.5,7,False
10507,1997-04-15,1997-05-13,1997-04-22,47.45,Mexico,NAO INFORMADO,ANTON,Antonio Moreno Taquería,México D.F.,Mexico,Chocolade,0,Confections,12.75,15,0.15,162.56,7,False
10508,1997-04-16,1997-05-14,1997-05-13,4.99,Germany,NAO INFORMADO,OTTIK,Ottilies Käseladen,Köln,Germany,Konbu,0,Seafood,6.0,10,0.0,60.0,27,False
10508,1997-04-16,1997-05-14,1997-05-13,4.99,Germany,NAO INFORMADO,OTTIK,Ottilies Käseladen,Köln,Germany,Chartreuse verte,0,Beverages,18.0,10,0.0,180.0,27,False
10510,1997-04-18,1997-05-16,1997-04-28,367.63,USA,ID,SAVEA,Save-a-lot Markets,Boise,USA,Rhönbräu Klosterbier,0,Beverages,7.75,36,0.1,251.1,10,False
10511,1997-04-18,1997-05-16,1997-04-21,350.64,France,NAO INFORMADO,BONAP,Bon app',Marseille,France,Chef Anton's Cajun Seasoning,0,Condiments,22.0,50,0.15,935.0,3,False
10511,1997-04-18,1997-05-16,1997-04-21,350.64,France,NAO INFORMADO,BONAP,Bon app',Marseille,France,Uncle Bob's Organic Dried Pears,0,Produce,30.0,50,0.15,1275.0,3,False
10511,1997-04-18,1997-05-16,1997-04-21,350.64,France,NAO INFORMADO,BONAP,Bon app',Marseille,France,Northwoods Cranberry Sauce,0,Condiments,40.0,10,0.15,340.0,3,False
10512,1997-04-21,1997-05-19,1997-04-24,3.53,Brazil,SP,FAMIA,Familia Arquibaldo,Sao Paulo,Brazil,Spegesild,0,Seafood,12.0,9,0.15,91.8,3,False
10512,1997-04-21,1997-05-19,1997-04-24,3.53,Brazil,SP,FAMIA,Familia Arquibaldo,Sao Paulo,Brazil,Zaanse koeken,0,Confections,9.5,6,0.15,48.45,3,False
10512,1997-04-21,1997-05-19,1997-04-24,3.53,Brazil,SP,FAMIA,Familia Arquibaldo,Sao Paulo,Brazil,Camembert Pierrot,0,Dairy Products,34.0,12,0.15,346.8,3,False
10513,1997-04-22,1997-06-03,1997-04-28,105.65,Germany,NAO INFORMADO,WANDK,Die Wandernde Kuh,Stuttgart,Germany,Sir Rodney's Scones,0,Confections,10.0,40,0.2,320.0,6,False
10513,1997-04-22,1997-06-03,1997-04-28,105.65,Germany,NAO INFORMADO,WANDK,Die Wandernde Kuh,Stuttgart,Germany,Mascarpone Fabioli,0,Dairy Products,32.0,50,0.2,1280.0,6,False
10513,1997-04-22,1997-06-03,1997-04-28,105.65,Germany,NAO INFORMADO,WANDK,Die Wandernde Kuh,Stuttgart,Germany,Sirop d'érable,0,Condiments,28.5,15,0.2,342.0,6,False
10514,1997-04-22,1997-05-20,1997-05-16,789.95,Austria,NAO INFORMADO,ERNSH,Ernst Handel,Graz,Austria,Sir Rodney's Marmalade,0,Confections,81.0,39,0.0,3159.0,24,False
10514,1997-04-22,1997-05-20,1997-05-16,789.95,Austria,NAO INFORMADO,ERNSH,Ernst Handel,Graz,Austria,Gnocchi di nonna Alice,0,Grains/Cereals,38.0,70,0.0,2660.0,24,False
10514,1997-04-22,1997-05-20,1997-05-16,789.95,Austria,NAO INFORMADO,ERNSH,Ernst Handel,Graz,Austria,Louisiana Fiery Hot Pepper Sauce,0,Condiments,21.05,39,0.0,820.95,24,False
10514,1997-04-22,1997-05-20,1997-05-16,789.95,Austria,NAO INFORMADO,ERNSH,Ernst Handel,Graz,Austria,Rhönbräu Klosterbier,0,Beverages,7.75,50,0.0,387.5,24,False
10515,1997-04-23,1997-05-07,1997-05-23,204.47,Germany,NAO INFORMADO,QUICK,QUICK-Stop,Cunewalde,Germany,Pavlova,0,Confections,17.45,50,0.0,872.5,30,True
10515,1997-04-23,1997-05-07,1997-05-23,204.47,Germany,NAO INFORMADO,QUICK,QUICK-Stop,Cunewalde,Germany,Schoggi Schokolade,0,Confections,43.9,120,0.0,5268.0,30,True
10515,1997-04-23,1997-05-07,1997-05-23,204.47,Germany,NAO INFORMADO,QUICK,QUICK-Stop,Cunewalde,Germany,Geitost,0,Dairy Products,2.5,16,0.15,34.0,30,True
10515,1997-04-23,1997-05-07,1997-05-23,204.47,Germany,NAO INFORMADO,QUICK,QUICK-Stop,Cunewalde,Germany,Camembert Pierrot,0,Dairy Products,34.0,84,0.15,2427.6,30,True
10516,1997-04-24,1997-05-22,1997-05-01,62.78,Ireland,Co. Cork,HUNGO,Hungry Owl All-Night Grocers,Cork,Ireland,Carnarvon Tigers,0,Seafood,62.5,25,0.1,1406.25,7,False
10516,1997-04-24,1997-05-22,1997-05-01,62.78,Ireland,Co. Cork,HUNGO,Hungry Owl All-Night Grocers,Cork,Ireland,Jack's New England Clam Chowder,0,Seafood,9.65,80,0.1,694.8,7,False
10517,1997-04-24,1997-05-22,1997-04-29,32.07,UK,NAO INFORMADO,NORTS,North/South,London,UK,Filo Mix,0,Grains/Cereals,7.0,6,0.0,42.0,5,False
10517,1997-04-24,1997-05-22,1997-04-29,32.07,UK,NAO INFORMADO,NORTS,North/South,London,UK,Raclette Courdavault,0,Dairy Products,55.0,4,0.0,220.0,5,False
10517,1997-04-24,1997-05-22,1997-04-29,32.07,UK,NAO INFORMADO,NORTS,North/South,London,UK,Outback Lager,0,Beverages,15.0,6,0.0,90.0,5,False
10518,1997-04-25,1997-05-09,1997-05-05,218.15,Mexico,NAO INFORMADO,TORTU,Tortuga Restaurante,México D.F.,Mexico,Côte de Blaye,0,Beverages,263.5,15,0.0,3952.5,10,False
10518,1997-04-25,1997-05-09,1997-05-05,218.15,Mexico,NAO INFORMADO,TORTU,Tortuga Restaurante,México D.F.,Mexico,Gula Malacca,0,Condiments,19.45,9,0.0,175.05,10,False
10519,1997-04-28,1997-05-26,1997-05-01,91.76,Switzerland,NAO INFORMADO,CHOPS,Chop-suey Chinese,Bern,Switzerland,Ikura,0,Seafood,31.0,16,0.05,471.2,3,False
10519,1997-04-28,1997-05-26,1997-05-01,91.76,Switzerland,NAO INFORMADO,CHOPS,Chop-suey Chinese,Bern,Switzerland,Gnocchi di nonna Alice,0,Grains/Cereals,38.0,40,0.0,1520.0,3,False
10519,1997-04-28,1997-05-26,1997-05-01,91.76,Switzerland,NAO INFORMADO,CHOPS,Chop-suey Chinese,Bern,Switzerland,Camembert Pierrot,0,Dairy Products,34.0,10,0.05,323.0,3,False
10521,1997-04-29,1997-05-27,1997-05-02,17.22,Argentina,NAO INFORMADO,CACTU,Cactus Comidas para llevar,Buenos Aires,Argentina,Steeleye Stout,0,Beverages,18.0,3,0.0,54.0,3,False
10521,1997-04-29,1997-05-27,1997-05-02,17.22,Argentina,NAO INFORMADO,CACTU,Cactus Comidas para llevar,Buenos Aires,Argentina,Jack's New England Clam Chowder,0,Seafood,9.65,10,0.0,96.5,3,False
10521,1997-04-29,1997-05-27,1997-05-02,17.22,Argentina,NAO INFORMADO,CACTU,Cactus Comidas para llevar,Buenos Aires,Argentina,Scottish Longbreads,0,Confections,12.5,6,0.0,75.0,3,False
10522,1997-04-30,1997-05-28,1997-05-06,45.33,Germany,NAO INFORMADO,LEHMS,Lehmanns Marktstand,Frankfurt a.M.,Germany,Northwoods Cranberry Sauce,0,Condiments,40.0,24,0.0,960.0,6,False
10522,1997-04-30,1997-05-28,1997-05-06,45.33,Germany,NAO INFORMADO,LEHMS,Lehmanns Marktstand,Frankfurt a.M.,Germany,Nord-Ost Matjeshering,0,Seafood,25.89,20,0.2,414.24,6,False
10522,1997-04-30,1997-05-28,1997-05-06,45.33,Germany,NAO INFORMADO,LEHMS,Lehmanns Marktstand,Frankfurt a.M.,Germany,Boston Crab Meat,0,Seafood,18.4,25,0.2,368.0,6,False
10523,1997-05-01,1997-05-29,1997-05-30,77.63,UK,NAO INFORMADO,SEVES,Seven Seas Imports,London,UK,Sir Rodney's Marmalade,0,Confections,81.0,15,0.1,1093.5,29,True
10523,1997-05-01,1997-05-29,1997-05-30,77.63,UK,NAO INFORMADO,SEVES,Seven Seas Imports,London,UK,Gravad lax,0,Seafood,26.0,18,0.1,421.2,29,True
10523,1997-05-01,1997-05-29,1997-05-30,77.63,UK,NAO INFORMADO,SEVES,Seven Seas Imports,London,UK,Jack's New England Clam Chowder,0,Seafood,9.65,6,0.1,52.11,29,True
10524,1997-05-01,1997-05-29,1997-05-07,244.79,Sweden,NAO INFORMADO,BERGS,Berglunds snabbköp,Luleå,Sweden,Ikura,0,Seafood,31.0,2,0.0,62.0,6,False
10524,1997-05-01,1997-05-29,1997-05-07,244.79,Sweden,NAO INFORMADO,BERGS,Berglunds snabbköp,Luleå,Sweden,Nord-Ost Matjeshering,0,Seafood,25.89,10,0.0,258.9,6,False
10524,1997-05-01,1997-05-29,1997-05-07,244.79,Sweden,NAO INFORMADO,BERGS,Berglunds snabbköp,Luleå,Sweden,Ipoh Coffee,0,Beverages,46.0,60,0.0,2760.0,6,False
10524,1997-05-01,1997-05-29,1997-05-07,244.79,Sweden,NAO INFORMADO,BERGS,Berglunds snabbköp,Luleå,Sweden,Tourtière,0,Meat/Poultry,7.45,15,0.0,111.75,6,False
10525,1997-05-02,1997-05-30,1997-05-23,11.06,France,NAO INFORMADO,BONAP,Bon app',Marseille,France,Inlagd Sill,0,Seafood,19.0,30,0.0,570.0,21,False
10525,1997-05-02,1997-05-30,1997-05-23,11.06,France,NAO INFORMADO,BONAP,Bon app',Marseille,France,Boston Crab Meat,0,Seafood,18.4,15,0.1,248.4,21,False
10526,1997-05-05,1997-06-02,1997-05-15,58.59,Finland,NAO INFORMADO,WARTH,Wartian Herkku,Oulu,Finland,Konbu,0,Seafood,6.0,10,0.0,60.0,10,False
10526,1997-05-05,1997-06-02,1997-05-15,58.59,Finland,NAO INFORMADO,WARTH,Wartian Herkku,Oulu,Finland,Gnocchi di nonna Alice,0,Grains/Cereals,38.0,30,0.15,969.0,10,False
10527,1997-05-05,1997-06-02,1997-05-07,41.9,Germany,NAO INFORMADO,QUICK,QUICK-Stop,Cunewalde,Germany,Chef Anton's Cajun Seasoning,0,Condiments,22.0,50,0.1,990.0,2,False
10527,1997-05-05,1997-06-02,1997-05-07,41.9,Germany,NAO INFORMADO,QUICK,QUICK-Stop,Cunewalde,Germany,Inlagd Sill,0,Seafood,19.0,30,0.1,513.0,2,False
10528,1997-05-06,1997-05-20,1997-05-09,3.35,USA,OR,GREAL,Great Lakes Food Market,Eugene,USA,Queso Cabrales,0,Dairy Products,21.0,3,0.0,63.0,3,False
10528,1997-05-06,1997-05-20,1997-05-09,3.35,USA,OR,GREAL,Great Lakes Food Market,Eugene,USA,Geitost,0,Dairy Products,2.5,8,0.2,16.0,3,False
10528,1997-05-06,1997-05-20,1997-05-09,3.35,USA,OR,GREAL,Great Lakes Food Market,Eugene,USA,Mozzarella di Giovanni,0,Dairy Products,34.8,9,0.0,313.2,3,False
10529,1997-05-07,1997-06-04,1997-05-09,66.69,Belgium,NAO INFORMADO,MAISD,Maison Dewey,Bruxelles,Belgium,Pâté chinois,0,Meat/Poultry,24.0,14,0.0,336.0,2,False
10529,1997-05-07,1997-06-04,1997-05-09,66.69,Belgium,NAO INFORMADO,MAISD,Maison Dewey,Bruxelles,Belgium,Scottish Longbreads,0,Confections,12.5,20,0.0,250.0,2,False
10529,1997-05-07,1997-06-04,1997-05-09,66.69,Belgium,NAO INFORMADO,MAISD,Maison Dewey,Bruxelles,Belgium,Gudbrandsdalsost,0,Dairy Products,36.0,10,0.0,360.0,2,False
10530,1997-05-08,1997-06-05,1997-05-12,339.22,Austria,NAO INFORMADO,PICCO,Piccolo und mehr,Salzburg,Austria,Ipoh Coffee,0,Beverages,46.0,25,0.0,1150.0,4,False
10530,1997-05-08,1997-06-05,1997-05-12,339.22,Austria,NAO INFORMADO,PICCO,Piccolo und mehr,Salzburg,Austria,Sirop d'érable,0,Condiments,28.5,20,0.0,570.0,4,False
10530,1997-05-08,1997-06-05,1997-05-12,339.22,Austria,NAO INFORMADO,PICCO,Piccolo und mehr,Salzburg,Austria,Lakkalikööri,0,Beverages,18.0,50,0.0,900.0,4,False
10531,1997-05-08,1997-06-05,1997-05-19,8.12,Argentina,NAO INFORMADO,OCEAN,Océano Atlántico Ltda.,Buenos Aires,Argentina,Raclette Courdavault,0,Dairy Products,55.0,2,0.0,110.0,11,False
10532,1997-05-09,1997-06-06,1997-05-12,74.46,UK,NAO INFORMADO,EASTC,Eastern Connection,London,UK,Nord-Ost Matjeshering,0,Seafood,25.89,15,0.0,388.35,3,False
10532,1997-05-09,1997-06-06,1997-05-12,74.46,UK,NAO INFORMADO,EASTC,Eastern Connection,London,UK,Louisiana Hot Spiced Okra,0,Condiments,17.0,24,0.0,408.0,3,False
10533,1997-05-12,1997-06-09,1997-05-22,188.04,Sweden,NAO INFORMADO,FOLKO,Folk och fä HB,Bräcke,Sweden,Chef Anton's Cajun Seasoning,0,Condiments,22.0,50,0.05,1045.0,10,False
10533,1997-05-12,1997-06-09,1997-05-22,188.04,Sweden,NAO INFORMADO,FOLKO,Folk och fä HB,Bräcke,Sweden,Mozzarella di Giovanni,0,Dairy Products,34.8,24,0.0,835.2,10,False
10533,1997-05-12,1997-06-09,1997-05-22,188.04,Sweden,NAO INFORMADO,FOLKO,Folk och fä HB,Bräcke,Sweden,Röd Kaviar,0,Seafood,15.0,24,0.05,342.0,10,False
10534,1997-05-12,1997-06-09,1997-05-14,27.94,Germany,NAO INFORMADO,LEHMS,Lehmanns Marktstand,Frankfurt a.M.,Germany,Nord-Ost Matjeshering,0,Seafood,25.89,10,0.0,258.9,2,False
10534,1997-05-12,1997-06-09,1997-05-14,27.94,Germany,NAO INFORMADO,LEHMS,Lehmanns Marktstand,Frankfurt a.M.,Germany,Boston Crab Meat,0,Seafood,18.4,10,0.2,147.2,2,False
10534,1997-05-12,1997-06-09,1997-05-14,27.94,Germany,NAO INFORMADO,LEHMS,Lehmanns Marktstand,Frankfurt a.M.,Germany,Tourtière,0,Meat/Poultry,7.45,10,0.2,59.6,2,False
10535,1997-05-13,1997-06-10,1997-05-21,15.64,Mexico,NAO INFORMADO,ANTON,Antonio Moreno Taquería,México D.F.,Mexico,Queso Cabrales,0,Dairy Products,21.0,50,0.1,945.0,8,False
10535,1997-05-13,1997-06-10,1997-05-21,15.64,Mexico,NAO INFORMADO,ANTON,Antonio Moreno Taquería,México D.F.,Mexico,Boston Crab Meat,0,Seafood,18.4,10,0.1,165.6,8,False
10535,1997-05-13,1997-06-10,1997-05-21,15.64,Mexico,NAO INFORMADO,ANTON,Antonio Moreno Taquería,México D.F.,Mexico,Ravioli Angelo,0,Grains/Cereals,19.5,5,0.1,87.75,8,False
10535,1997-05-13,1997-06-10,1997-05-21,15.64,Mexico,NAO INFORMADO,ANTON,Antonio Moreno Taquería,México D.F.,Mexico,Raclette Courdavault,0,Dairy Products,55.0,15,0.1,742.5,8,False
10536,1997-05-14,1997-06-11,1997-06-06,58.88,Germany,NAO INFORMADO,LEHMS,Lehmanns Marktstand,Frankfurt a.M.,Germany,Queso Manchego La Pastora,0,Dairy Products,38.0,15,0.25,427.5,23,False
10536,1997-05-14,1997-06-11,1997-06-06,58.88,Germany,NAO INFORMADO,LEHMS,Lehmanns Marktstand,Frankfurt a.M.,Germany,Gorgonzola Telino,0,Dairy Products,12.5,20,0.0,250.0,23,False
10536,1997-05-14,1997-06-11,1997-06-06,58.88,Germany,NAO INFORMADO,LEHMS,Lehmanns Marktstand,Frankfurt a.M.,Germany,Geitost,0,Dairy Products,2.5,30,0.0,75.0,23,False
10536,1997-05-14,1997-06-11,1997-06-06,58.88,Germany,NAO INFORMADO,LEHMS,Lehmanns Marktstand,Frankfurt a.M.,Germany,Camembert Pierrot,0,Dairy Products,34.0,35,0.25,892.5,23,False
10537,1997-05-14,1997-05-28,1997-05-19,78.85,Switzerland,NAO INFORMADO,RICSU,Richter Supermarkt,Genève,Switzerland,Gorgonzola Telino,0,Dairy Products,12.5,30,0.0,375.0,5,False
10537,1997-05-14,1997-05-28,1997-05-19,78.85,Switzerland,NAO INFORMADO,RICSU,Richter Supermarkt,Genève,Switzerland,Manjimup Dried Apples,0,Produce,53.0,6,0.0,318.0,5,False
10537,1997-05-14,1997-05-28,1997-05-19,78.85,Switzerland,NAO INFORMADO,RICSU,Richter Supermarkt,Genève,Switzerland,Escargots de Bourgogne,0,Seafood,13.25,20,0.0,265.0,5,False
10537,1997-05-14,1997-05-28,1997-05-19,78.85,Switzerland,NAO INFORMADO,RICSU,Richter Supermarkt,Genève,Switzerland,Mozzarella di Giovanni,0,Dairy Products,34.8,21,0.0,730.8,5,False
10537,1997-05-14,1997-05-28,1997-05-19,78.85,Switzerland,NAO INFORMADO,RICSU,Richter Supermarkt,Genève,Switzerland,Röd Kaviar,0,Seafood,15.0,9,0.0,135.0,5,False
10538,1997-05-15,1997-06-12,1997-05-16,4.87,UK,NAO INFORMADO,BSBEV,B's Beverages,London,UK,Outback Lager,0,Beverages,15.0,7,0.0,105.0,1,False
10538,1997-05-15,1997-06-12,1997-05-16,4.87,UK,NAO INFORMADO,BSBEV,B's Beverages,London,UK,Mozzarella di Giovanni,0,Dairy Products,34.8,1,0.0,34.8,1,False
10539,1997-05-16,1997-06-13,1997-05-23,12.36,UK,NAO INFORMADO,BSBEV,B's Beverages,London,UK,Konbu,0,Seafood,6.0,8,0.0,48.0,7,False
10539,1997-05-16,1997-06-13,1997-05-23,12.36,UK,NAO INFORMADO,BSBEV,B's Beverages,London,UK,Sir Rodney's Scones,0,Confections,10.0,15,0.0,150.0,7,False
10539,1997-05-16,1997-06-13,1997-05-23,12.36,UK,NAO INFORMADO,BSBEV,B's Beverages,London,UK,Geitost,0,Dairy Products,2.5,15,0.0,37.5,7,False
10539,1997-05-16,1997-06-13,1997-05-23,12.36,UK,NAO INFORMADO,BSBEV,B's Beverages,London,UK,Maxilaku,0,Confections,20.0,6,0.0,120.0,7,False
10540,1997-05-19,1997-06-16,1997-06-13,1007.64,Germany,NAO INFORMADO,QUICK,QUICK-Stop,Cunewalde,Germany,Aniseed Syrup,0,Condiments,10.0,60,0.0,600.0,25,False
10540,1997-05-19,1997-06-16,1997-06-13,1007.64,Germany,NAO INFORMADO,QUICK,QUICK-Stop,Cunewalde,Germany,Gumbär Gummibärchen,0,Confections,31.23,40,0.0,1249.2,25,False
10540,1997-05-19,1997-06-16,1997-06-13,1007.64,Germany,NAO INFORMADO,QUICK,QUICK-Stop,Cunewalde,Germany,Côte de Blaye,0,Beverages,263.5,30,0.0,7905.0,25,False
10540,1997-05-19,1997-06-16,1997-06-13,1007.64,Germany,NAO INFORMADO,QUICK,QUICK-Stop,Cunewalde,Germany,Scottish Longbreads,0,Confections,12.5,35,0.0,437.5,25,False
10541,1997-05-19,1997-06-16,1997-05-29,68.65,Brazil,RJ,HANAR,Hanari Carnes,Rio de Janeiro,Brazil,Côte de Blaye,0,Beverages,263.5,4,0.1,948.6,10,False
10541,1997-05-19,1997-06-16,1997-05-29,68.65,Brazil,RJ,HANAR,Hanari Carnes,Rio de Janeiro,Brazil,Louisiana Fiery Hot Pepper Sauce,0,Condiments,21.05,36,0.1,682.02,10,False
10541,1997-05-19,1997-06-16,1997-05-29,68.65,Brazil,RJ,HANAR,Hanari Carnes,Rio de Janeiro,Brazil,Flotemysost,0,Dairy Products,21.5,9,0.1,174.15,10,False
10542,1997-05-20,1997-06-17,1997-05-26,10.95,Germany,NAO INFORMADO,KOENE,Königlich Essen,Brandenburg,Germany,Queso Cabrales,0,Dairy Products,21.0,15,0.05,299.25,6,False
10542,1997-05-20,1997-06-17,1997-05-26,10.95,Germany,NAO INFORMADO,KOENE,Königlich Essen,Brandenburg,Germany,Tourtière,0,Meat/Poultry,7.45,24,0.05,169.86,6,False
10543,1997-05-21,1997-06-18,1997-05-23,48.17,Venezuela,Lara,LILAS,LILA-Supermercado,Barquisimeto,Venezuela,Queso Manchego La Pastora,0,Dairy Products,38.0,30,0.15,969.0,2,False
10543,1997-05-21,1997-06-18,1997-05-23,48.17,Venezuela,Lara,LILAS,LILA-Supermercado,Barquisimeto,Venezuela,Tunnbröd,0,Grains/Cereals,9.0,70,0.15,535.5,2,False
10544,1997-05-21,1997-06-18,1997-05-30,24.91,USA,OR,LONEP,Lonesome Pine Restaurant,Portland,USA,Laughing Lumberjack Lager,0,Beverages,14.0,7,0.0,98.0,9,False
10545,1997-05-22,1997-06-19,1997-06-26,11.92,USA,WA,LAZYK,Lazy K Kountry Store,Walla Walla,USA,Queso Cabrales,0,Dairy Products,21.0,10,0.0,210.0,35,True
10546,1997-05-23,1997-06-20,1997-05-27,194.72,France,NAO INFORMADO,VICTE,Victuailles en stock,Lyon,France,Uncle Bob's Organic Dried Pears,0,Produce,30.0,10,0.0,300.0,4,False
10546,1997-05-23,1997-06-20,1997-05-27,194.72,France,NAO INFORMADO,VICTE,Victuailles en stock,Lyon,France,Steeleye Stout,0,Beverages,18.0,30,0.0,540.0,4,False
10546,1997-05-23,1997-06-20,1997-05-27,194.72,France,NAO INFORMADO,VICTE,Victuailles en stock,Lyon,France,Tarte au sucre,0,Confections,49.3,40,0.0,1972.0,4,False
10547,1997-05-23,1997-06-20,1997-06-02,178.43,UK,NAO INFORMADO,SEVES,Seven Seas Imports,London,UK,Mascarpone Fabioli,0,Dairy Products,32.0,24,0.15,652.8,10,False
10547,1997-05-23,1997-06-20,1997-06-02,178.43,UK,NAO INFORMADO,SEVES,Seven Seas Imports,London,UK,Inlagd Sill,0,Seafood,19.0,60,0.0,1140.0,10,False
10548,1997-05-26,1997-06-23,1997-06-02,1.43,Germany,NAO INFORMADO,TOMSP,Toms Spezialitäten,Münster,Germany,Sasquatch Ale,0,Beverages,14.0,10,0.25,105.0,7,False
10548,1997-05-26,1997-06-23,1997-06-02,1.43,Germany,NAO INFORMADO,TOMSP,Toms Spezialitäten,Münster,Germany,Jack's New England Clam Chowder,0,Seafood,9.65,14,0.0,135.1,7,False
10549,1997-05-27,1997-06-10,1997-05-30,171.24,Germany,NAO INFORMADO,QUICK,QUICK-Stop,Cunewalde,Germany,Gorgonzola Telino,0,Dairy Products,12.5,55,0.15,584.38,3,False
10549,1997-05-27,1997-06-10,1997-05-30,171.24,Germany,NAO INFORMADO,QUICK,QUICK-Stop,Cunewalde,Germany,Rogede sild,0,Seafood,9.5,100,0.15,807.5,3,False
10549,1997-05-27,1997-06-10,1997-05-30,171.24,Germany,NAO INFORMADO,QUICK,QUICK-Stop,Cunewalde,Germany,Manjimup Dried Apples,0,Produce,53.0,48,0.15,2162.4,3,False
10550,1997-05-28,1997-06-25,1997-06-06,4.32,Spain,NAO INFORMADO,GODOS,Godos Cocina Típica,Sevilla,Spain,Teatime Chocolate Biscuits,0,Confections,9.2,10,0.0,92.0,9,False
10550,1997-05-28,1997-06-25,1997-06-06,4.32,Spain,NAO INFORMADO,GODOS,Godos Cocina Típica,Sevilla,Spain,Sir Rodney's Scones,0,Confections,10.0,6,0.1,54.0,9,False
10550,1997-05-28,1997-06-25,1997-06-06,4.32,Spain,NAO INFORMADO,GODOS,Godos Cocina Típica,Sevilla,Spain,Sirop d'érable,0,Condiments,28.5,10,0.1,256.5,9,False
10551,1997-05-28,1997-07-09,1997-06-06,72.95,Portugal,NAO INFORMADO,FURIB,Furia Bacalhau e Frutos do Mar,Lisboa,Portugal,Pavlova,0,Confections,17.45,40,0.15,593.3,9,False
10551,1997-05-28,1997-07-09,1997-06-06,72.95,Portugal,NAO INFORMADO,FURIB,Furia Bacalhau e Frutos do Mar,Lisboa,Portugal,Steeleye Stout,0,Beverages,18.0,20,0.15,306.0,9,False
10551,1997-05-28,1997-07-09,1997-06-06,72.95,Portugal,NAO INFORMADO,FURIB,Furia Bacalhau e Frutos do Mar,Lisboa,Portugal,Gula Malacca,0,Condiments,19.45,40,0.0,778.0,9,False
10552,1997-05-29,1997-06-26,1997-06-05,83.22,Venezuela,Táchira,HILAA,HILARION-Abastos,San Cristóbal,Venezuela,Gudbrandsdalsost,0,Dairy Products,36.0,18,0.0,648.0,7,False
10552,1997-05-29,1997-06-26,1997-06-05,83.22,Venezuela,Táchira,HILAA,HILARION-Abastos,San Cristóbal,Venezuela,Rhönbräu Klosterbier,0,Beverages,7.75,30,0.0,232.5,7,False
10553,1997-05-30,1997-06-27,1997-06-03,149.49,Finland,NAO INFORMADO,WARTH,Wartian Herkku,Oulu,Finland,Queso Cabrales,0,Dairy Products,21.0,15,0.0,315.0,4,False
10553,1997-05-30,1997-06-27,1997-06-03,149.49,Finland,NAO INFORMADO,WARTH,Wartian Herkku,Oulu,Finland,Pavlova,0,Confections,17.45,14,0.0,244.3,4,False
10553,1997-05-30,1997-06-27,1997-06-03,149.49,Finland,NAO INFORMADO,WARTH,Wartian Herkku,Oulu,Finland,Gustaf's Knäckebröd,0,Grains/Cereals,21.0,24,0.0,504.0,4,False
10553,1997-05-30,1997-06-27,1997-06-03,149.49,Finland,NAO INFORMADO,WARTH,Wartian Herkku,Oulu,Finland,Gorgonzola Telino,0,Dairy Products,12.5,30,0.0,375.0,4,False
10553,1997-05-30,1997-06-27,1997-06-03,149.49,Finland,NAO INFORMADO,WARTH,Wartian Herkku,Oulu,Finland,Steeleye Stout,0,Beverages,18.0,6,0.0,108.0,4,False
10554,1997-05-30,1997-06-27,1997-06-05,120.97,Germany,NAO INFORMADO,OTTIK,Ottilies Käseladen,Köln,Germany,Pavlova,0,Confections,17.45,30,0.05,497.32,6,False
10554,1997-05-30,1997-06-27,1997-06-05,120.97,Germany,NAO INFORMADO,OTTIK,Ottilies Käseladen,Köln,Germany,Tunnbröd,0,Grains/Cereals,9.0,20,0.05,171.0,6,False
10554,1997-05-30,1997-06-27,1997-06-05,120.97,Germany,NAO INFORMADO,OTTIK,Ottilies Käseladen,Köln,Germany,Tarte au sucre,0,Confections,49.3,20,0.05,936.7,6,False
10554,1997-05-30,1997-06-27,1997-06-05,120.97,Germany,NAO INFORMADO,OTTIK,Ottilies Käseladen,Köln,Germany,Original Frankfurter grüne Soße,0,Condiments,13.0,10,0.05,123.5,6,False
10555,1997-06-02,1997-06-30,1997-06-04,252.49,USA,ID,SAVEA,Save-a-lot Markets,Boise,USA,Tofu,0,Produce,23.25,30,0.2,558.0,2,False
10555,1997-06-02,1997-06-30,1997-06-04,252.49,USA,ID,SAVEA,Save-a-lot Markets,Boise,USA,Teatime Chocolate Biscuits,0,Confections,9.2,35,0.2,257.6,2,False
10555,1997-06-02,1997-06-30,1997-06-04,252.49,USA,ID,SAVEA,Save-a-lot Markets,Boise,USA,Manjimup Dried Apples,0,Produce,53.0,20,0.2,848.0,2,False
10555,1997-06-02,1997-06-30,1997-06-04,252.49,USA,ID,SAVEA,Save-a-lot Markets,Boise,USA,Gnocchi di nonna Alice,0,Grains/Cereals,38.0,40,0.2,1216.0,2,False
10556,1997-06-03,1997-07-15,1997-06-13,9.8,Denmark,NAO INFORMADO,SIMOB,Simons bistro,Kobenhavn,Denmark,Mozzarella di Giovanni,0,Dairy Products,34.8,24,0.0,835.2,10,False
10557,1997-06-03,1997-06-17,1997-06-06,96.72,Germany,NAO INFORMADO,LEHMS,Lehmanns Marktstand,Frankfurt a.M.,Germany,Wimmers gute Semmelknödel,0,Grains/Cereals,33.25,30,0.0,997.5,3,False
10557,1997-06-03,1997-06-17,1997-06-06,96.72,Germany,NAO INFORMADO,LEHMS,Lehmanns Marktstand,Frankfurt a.M.,Germany,Rhönbräu Klosterbier,0,Beverages,7.75,20,0.0,155.0,3,False
10558,1997-06-04,1997-07-02,1997-06-10,72.97,UK,Essex,AROUT,Around the Horn,London,UK,Zaanse koeken,0,Confections,9.5,25,0.0,237.5,6,False
10558,1997-06-04,1997-07-02,1997-06-10,72.97,UK,Essex,AROUT,Around the Horn,London,UK,Manjimup Dried Apples,0,Produce,53.0,20,0.0,1060.0,6,False
10558,1997-06-04,1997-07-02,1997-06-10,72.97,UK,Essex,AROUT,Around the Horn,London,UK,Filo Mix,0,Grains/Cereals,7.0,30,0.0,210.0,6,False
10558,1997-06-04,1997-07-02,1997-06-10,72.97,UK,Essex,AROUT,Around the Horn,London,UK,Röd Kaviar,0,Seafood,15.0,3,0.0,45.0,6,False
10559,1997-06-05,1997-07-03,1997-06-13,8.05,France,NAO INFORMADO,BLONP,Blondesddsl père et fils,Strasbourg,France,Jack's New England Clam Chowder,0,Seafood,9.65,12,0.05,110.01,8,False
10559,1997-06-05,1997-07-03,1997-06-13,8.05,France,NAO INFORMADO,BLONP,Blondesddsl père et fils,Strasbourg,France,Pâté chinois,0,Meat/Poultry,24.0,18,0.05,410.4,8,False
10560,1997-06-06,1997-07-04,1997-06-09,36.65,Germany,NAO INFORMADO,FRANK,Frankenversand,München,Germany,Nord-Ost Matjeshering,0,Seafood,25.89,20,0.0,517.8,3,False
10560,1997-06-06,1997-07-04,1997-06-09,36.65,Germany,NAO INFORMADO,FRANK,Frankenversand,München,Germany,Tarte au sucre,0,Confections,49.3,15,0.25,554.62,3,False
10561,1997-06-06,1997-07-04,1997-06-09,242.21,Sweden,NAO INFORMADO,FOLKO,Folk och fä HB,Bräcke,Sweden,Gula Malacca,0,Condiments,19.45,10,0.0,194.5,3,False
10561,1997-06-06,1997-07-04,1997-06-09,242.21,Sweden,NAO INFORMADO,FOLKO,Folk och fä HB,Bräcke,Sweden,Manjimup Dried Apples,0,Produce,53.0,50,0.0,2650.0,3,False
10562,1997-06-09,1997-07-07,1997-06-12,22.95,Italy,NAO INFORMADO,REGGC,Reggiani Caseifici,Reggio Emilia,Italy,Geitost,0,Dairy Products,2.5,20,0.1,45.0,3,False
10562,1997-06-09,1997-07-07,1997-06-12,22.95,Italy,NAO INFORMADO,REGGC,Reggiani Caseifici,Reggio Emilia,Italy,Tarte au sucre,0,Confections,49.3,10,0.1,443.7,3,False
10563,1997-06-10,1997-07-22,1997-06-24,60.43,Brazil,RJ,RICAR,Ricardo Adocicados,Rio de Janeiro,Brazil,Inlagd Sill,0,Seafood,19.0,25,0.0,475.0,14,False
10563,1997-06-10,1997-07-22,1997-06-24,60.43,Brazil,RJ,RICAR,Ricardo Adocicados,Rio de Janeiro,Brazil,Filo Mix,0,Grains/Cereals,7.0,70,0.0,490.0,14,False
10564,1997-06-10,1997-07-08,1997-06-16,13.75,USA,NM,RATTC,Rattlesnake Canyon Grocery,Albuquerque,USA,Gorgonzola Telino,0,Dairy Products,12.5,6,0.05,71.25,6,False
10564,1997-06-10,1997-07-08,1997-06-16,13.75,USA,NM,RATTC,Rattlesnake Canyon Grocery,Albuquerque,USA,Pâté chinois,0,Meat/Poultry,24.0,25,0.05,570.0,6,False
10565,1997-06-11,1997-07-09,1997-06-18,7.15,Canada,Québec,MEREP,Mère Paillarde,Montréal,Canada,Wimmers gute Semmelknödel,0,Grains/Cereals,33.25,18,0.1,538.65,7,False
10566,1997-06-12,1997-07-10,1997-06-18,88.4,France,NAO INFORMADO,BLONP,Blondesddsl père et fils,Strasbourg,France,Queso Cabrales,0,Dairy Products,21.0,35,0.15,624.75,6,False
10566,1997-06-12,1997-07-10,1997-06-18,88.4,France,NAO INFORMADO,BLONP,Blondesddsl père et fils,Strasbourg,France,Carnarvon Tigers,0,Seafood,62.5,18,0.15,956.25,6,False
10566,1997-06-12,1997-07-10,1997-06-18,88.4,France,NAO INFORMADO,BLONP,Blondesddsl père et fils,Strasbourg,France,Lakkalikööri,0,Beverages,18.0,10,0.0,180.0,6,False
10567,1997-06-12,1997-07-10,1997-06-17,33.97,Ireland,Co. Cork,HUNGO,Hungry Owl All-Night Grocers,Cork,Ireland,Gorgonzola Telino,0,Dairy Products,12.5,60,0.2,600.0,5,False
10567,1997-06-12,1997-07-10,1997-06-17,33.97,Ireland,Co. Cork,HUNGO,Hungry Owl All-Night Grocers,Cork,Ireland,Manjimup Dried Apples,0,Produce,53.0,3,0.0,159.0,5,False
10567,1997-06-12,1997-07-10,1997-06-17,33.97,Ireland,Co. Cork,HUNGO,Hungry Owl All-Night Grocers,Cork,Ireland,Raclette Courdavault,0,Dairy Products,55.0,40,0.2,1760.0,5,False
10568,1997-06-13,1997-07-11,1997-07-09,6.54,Spain,NAO INFORMADO,GALED,Galería del gastrónomo,Barcelona,Spain,Ikura,0,Seafood,31.0,5,0.0,155.0,26,False
10569,1997-06-16,1997-07-14,1997-07-11,58.98,USA,NM,RATTC,Rattlesnake Canyon Grocery,Albuquerque,USA,Gorgonzola Telino,0,Dairy Products,12.5,35,0.2,350.0,25,False
10569,1997-06-16,1997-07-14,1997-07-11,58.98,USA,NM,RATTC,Rattlesnake Canyon Grocery,Albuquerque,USA,Lakkalikööri,0,Beverages,18.0,30,0.0,540.0,25,False
10570,1997-06-17,1997-07-15,1997-06-19,188.99,Canada,Québec,MEREP,Mère Paillarde,Montréal,Canada,Queso Cabrales,0,Dairy Products,21.0,15,0.05,299.25,2,False
10570,1997-06-17,1997-07-15,1997-06-19,188.99,Canada,Québec,MEREP,Mère Paillarde,Montréal,Canada,Gnocchi di nonna Alice,0,Grains/Cereals,38.0,60,0.05,2166.0,2,False
10571,1997-06-17,1997-07-29,1997-07-04,26.06,Austria,NAO INFORMADO,ERNSH,Ernst Handel,Graz,Austria,Tofu,0,Produce,23.25,11,0.15,217.39,17,False
10572,1997-06-18,1997-07-16,1997-06-25,116.43,Sweden,NAO INFORMADO,BERGS,Berglunds snabbköp,Luleå,Sweden,Pavlova,0,Confections,17.45,12,0.1,188.46,7,False
10572,1997-06-18,1997-07-16,1997-06-25,116.43,Sweden,NAO INFORMADO,BERGS,Berglunds snabbköp,Luleå,Sweden,Mascarpone Fabioli,0,Dairy Products,32.0,10,0.1,288.0,7,False
10572,1997-06-18,1997-07-16,1997-06-25,116.43,Sweden,NAO INFORMADO,BERGS,Berglunds snabbköp,Luleå,Sweden,Boston Crab Meat,0,Seafood,18.4,50,0.0,920.0,7,False
10572,1997-06-18,1997-07-16,1997-06-25,116.43,Sweden,NAO INFORMADO,BERGS,Berglunds snabbköp,Luleå,Sweden,Rhönbräu Klosterbier,0,Beverages,7.75,15,0.1,104.62,7,False
10573,1997-06-19,1997-07-17,1997-06-20,84.84,Mexico,NAO INFORMADO,ANTON,Antonio Moreno Taquería,México D.F.,Mexico,Sasquatch Ale,0,Beverages,14.0,40,0.0,560.0,1,False
10574,1997-06-19,1997-07-17,1997-06-30,37.6,USA,WA,TRAIH,Trail's Head Gourmet Provisioners,Kirkland,USA,Geitost,0,Dairy Products,2.5,14,0.0,35.0,11,False
10574,1997-06-19,1997-07-17,1997-06-30,37.6,USA,WA,TRAIH,Trail's Head Gourmet Provisioners,Kirkland,USA,Boston Crab Meat,0,Seafood,18.4,2,0.0,36.8,11,False
10574,1997-06-19,1997-07-17,1997-06-30,37.6,USA,WA,TRAIH,Trail's Head Gourmet Provisioners,Kirkland,USA,Tarte au sucre,0,Confections,49.3,10,0.0,493.0,11,False
10574,1997-06-19,1997-07-17,1997-06-30,37.6,USA,WA,TRAIH,Trail's Head Gourmet Provisioners,Kirkland,USA,Wimmers gute Semmelknödel,0,Grains/Cereals,33.25,6,0.0,199.5,11,False
10575,1997-06-20,1997-07-04,1997-06-30,127.34,Germany,NAO INFORMADO,MORGK,Morgenstern Gesundkost,Leipzig,Germany,Raclette Courdavault,0,Dairy Products,55.0,12,0.0,660.0,10,False
10575,1997-06-20,1997-07-04,1997-06-30,127.34,Germany,NAO INFORMADO,MORGK,Morgenstern Gesundkost,Leipzig,Germany,Vegie-spread,0,Condiments,43.9,6,0.0,263.4,10,False
10575,1997-06-20,1997-07-04,1997-06-30,127.34,Germany,NAO INFORMADO,MORGK,Morgenstern Gesundkost,Leipzig,Germany,Mozzarella di Giovanni,0,Dairy Products,34.8,30,0.0,1044.0,10,False
10575,1997-06-20,1997-07-04,1997-06-30,127.34,Germany,NAO INFORMADO,MORGK,Morgenstern Gesundkost,Leipzig,Germany,Lakkalikööri,0,Beverages,18.0,10,0.0,180.0,10,False
10576,1997-06-23,1997-07-07,1997-06-30,18.56,Mexico,NAO INFORMADO,TORTU,Tortuga Restaurante,México D.F.,Mexico,Gorgonzola Telino,0,Dairy Products,12.5,20,0.0,250.0,7,False
10576,1997-06-23,1997-07-07,1997-06-30,18.56,Mexico,NAO INFORMADO,TORTU,Tortuga Restaurante,México D.F.,Mexico,Gula Malacca,0,Condiments,19.45,21,0.0,408.45,7,False
10577,1997-06-23,1997-08-04,1997-06-30,25.41,USA,WA,TRAIH,Trail's Head Gourmet Provisioners,Kirkland,USA,Chartreuse verte,0,Beverages,18.0,10,0.0,180.0,7,False
10577,1997-06-23,1997-08-04,1997-06-30,25.41,USA,WA,TRAIH,Trail's Head Gourmet Provisioners,Kirkland,USA,Rhönbräu Klosterbier,0,Beverages,7.75,20,0.0,155.0,7,False
10577,1997-06-23,1997-08-04,1997-06-30,25.41,USA,WA,TRAIH,Trail's Head Gourmet Provisioners,Kirkland,USA,Original Frankfurter grüne Soße,0,Condiments,13.0,18,0.0,234.0,7,False
10578,1997-06-24,1997-07-22,1997-07-25,29.6,UK,NAO INFORMADO,BSBEV,B's Beverages,London,UK,Steeleye Stout,0,Beverages,18.0,20,0.0,360.0,31,True
10578,1997-06-24,1997-07-22,1997-07-25,29.6,UK,NAO INFORMADO,BSBEV,B's Beverages,London,UK,Ravioli Angelo,0,Grains/Cereals,19.5,6,0.0,117.0,31,True
10579,1997-06-25,1997-07-23,1997-07-04,13.73,USA,CA,LETSS,Let's Stop N Shop,San Francisco,USA,Genen Shouyu,0,Condiments,15.5,10,0.0,155.0,9,False
10579,1997-06-25,1997-07-23,1997-07-04,13.73,USA,CA,LETSS,Let's Stop N Shop,San Francisco,USA,Rhönbräu Klosterbier,0,Beverages,7.75,21,0.0,162.75,9,False
10580,1997-06-26,1997-07-24,1997-07-01,75.89,Germany,NAO INFORMADO,OTTIK,Ottilies Käseladen,Köln,Germany,Tofu,0,Produce,23.25,15,0.05,331.31,5,False
10580,1997-06-26,1997-07-24,1997-07-01,75.89,Germany,NAO INFORMADO,OTTIK,Ottilies Käseladen,Köln,Germany,Jack's New England Clam Chowder,0,Seafood,9.65,9,0.05,82.51,5,False
10580,1997-06-26,1997-07-24,1997-07-01,75.89,Germany,NAO INFORMADO,OTTIK,Ottilies Käseladen,Köln,Germany,Louisiana Fiery Hot Pepper Sauce,0,Condiments,21.05,30,0.05,599.92,5,False
10581,1997-06-26,1997-07-24,1997-07-02,3.01,Brazil,SP,FAMIA,Familia Arquibaldo,Sao Paulo,Brazil,Rhönbräu Klosterbier,0,Beverages,7.75,50,0.2,310.0,6,False
10582,1997-06-27,1997-07-25,1997-07-14,27.71,Germany,NAO INFORMADO,BLAUS,Blauer See Delikatessen,Mannheim,Germany,Ravioli Angelo,0,Grains/Cereals,19.5,4,0.0,78.0,17,False
10582,1997-06-27,1997-07-25,1997-07-14,27.71,Germany,NAO INFORMADO,BLAUS,Blauer See Delikatessen,Mannheim,Germany,Lakkalikööri,0,Beverages,18.0,14,0.0,252.0,17,False
10583,1997-06-30,1997-07-28,1997-07-04,7.28,Finland,NAO INFORMADO,WARTH,Wartian Herkku,Oulu,Finland,Camembert Pierrot,0,Dairy Products,34.0,24,0.15,693.6,4,False
10583,1997-06-30,1997-07-28,1997-07-04,7.28,Finland,NAO INFORMADO,WARTH,Wartian Herkku,Oulu,Finland,Gudbrandsdalsost,0,Dairy Products,36.0,10,0.15,306.0,4,False
10584,1997-06-30,1997-07-28,1997-07-04,59.14,France,NAO INFORMADO,BLONP,Blondesddsl père et fils,Strasbourg,France,Gorgonzola Telino,0,Dairy Products,12.5,50,0.05,593.75,4,False
10585,1997-07-01,1997-07-29,1997-07-10,13.41,Brazil,SP,WELLI,Wellington Importadora,Resende,Brazil,Zaanse koeken,0,Confections,9.5,15,0.0,142.5,9,False
10586,1997-07-02,1997-07-30,1997-07-09,0.48,Italy,NAO INFORMADO,REGGC,Reggiani Caseifici,Reggio Emilia,Italy,Filo Mix,0,Grains/Cereals,7.0,4,0.15,23.8,7,False
10587,1997-07-02,1997-07-30,1997-07-09,62.52,Brazil,RJ,QUEDE,Que Delícia,Rio de Janeiro,Brazil,Gumbär Gummibärchen,0,Confections,31.23,6,0.0,187.38,7,False
10587,1997-07-02,1997-07-30,1997-07-09,62.52,Brazil,RJ,QUEDE,Que Delícia,Rio de Janeiro,Brazil,Steeleye Stout,0,Beverages,18.0,20,0.0,360.0,7,False
10587,1997-07-02,1997-07-30,1997-07-09,62.52,Brazil,RJ,QUEDE,Que Delícia,Rio de Janeiro,Brazil,Original Frankfurter grüne Soße,0,Condiments,13.0,20,0.0,260.0,7,False
10588,1997-07-03,1997-07-31,1997-07-10,194.67,Germany,NAO INFORMADO,QUICK,QUICK-Stop,Cunewalde,Germany,Carnarvon Tigers,0,Seafood,62.5,40,0.2,2000.0,7,False
10589,1997-07-04,1997-08-01,1997-07-14,4.42,USA,OR,GREAL,Great Lakes Food Market,Eugene,USA,Steeleye Stout,0,Beverages,18.0,4,0.0,72.0,10,False
10590,1997-07-07,1997-08-04,1997-07-14,44.77,Canada,Québec,MEREP,Mère Paillarde,Montréal,Canada,Original Frankfurter grüne Soße,0,Condiments,13.0,60,0.05,741.0,7,False
10591,1997-07-07,1997-07-21,1997-07-16,55.92,Denmark,NAO INFORMADO,VAFFE,Vaffeljernet,Århus,Denmark,Aniseed Syrup,0,Condiments,10.0,14,0.0,140.0,9,False
10591,1997-07-07,1997-07-21,1997-07-16,55.92,Denmark,NAO INFORMADO,VAFFE,Vaffeljernet,Århus,Denmark,Uncle Bob's Organic Dried Pears,0,Produce,30.0,10,0.0,300.0,9,False
10591,1997-07-07,1997-07-21,1997-07-16,55.92,Denmark,NAO INFORMADO,VAFFE,Vaffeljernet,Århus,Denmark,Tourtière,0,Meat/Poultry,7.45,50,0.0,372.5,9,False
10592,1997-07-08,1997-08-05,1997-07-16,32.1,Germany,NAO INFORMADO,LEHMS,Lehmanns Marktstand,Frankfurt a.M.,Germany,Genen Shouyu,0,Condiments,15.5,25,0.05,368.12,8,False
10592,1997-07-08,1997-08-05,1997-07-16,32.1,Germany,NAO INFORMADO,LEHMS,Lehmanns Marktstand,Frankfurt a.M.,Germany,Gumbär Gummibärchen,0,Confections,31.23,5,0.05,148.34,8,False
10593,1997-07-09,1997-08-06,1997-08-13,174.2,Germany,NAO INFORMADO,LEHMS,Lehmanns Marktstand,Frankfurt a.M.,Germany,Sir Rodney's Marmalade,0,Confections,81.0,21,0.2,1360.8,35,True
10593,1997-07-09,1997-08-06,1997-08-13,174.2,Germany,NAO INFORMADO,LEHMS,Lehmanns Marktstand,Frankfurt a.M.,Germany,Gudbrandsdalsost,0,Dairy Products,36.0,20,0.2,576.0,35,True
10593,1997-07-09,1997-08-06,1997-08-13,174.2,Germany,NAO INFORMADO,LEHMS,Lehmanns Marktstand,Frankfurt a.M.,Germany,Lakkalikööri,0,Beverages,18.0,4,0.2,57.6,35,True
10594,1997-07-09,1997-08-06,1997-07-16,5.24,USA,AK,OLDWO,Old World Delicatessen,Anchorage,USA,Filo Mix,0,Grains/Cereals,7.0,24,0.0,168.0,7,False
10594,1997-07-09,1997-08-06,1997-07-16,5.24,USA,AK,OLDWO,Old World Delicatessen,Anchorage,USA,Escargots de Bourgogne,0,Seafood,13.25,30,0.0,397.5,7,False
10595,1997-07-10,1997-08-07,1997-07-14,96.78,Austria,NAO INFORMADO,ERNSH,Ernst Handel,Graz,Austria,Steeleye Stout,0,Beverages,18.0,30,0.25,405.0,4,False
10595,1997-07-10,1997-08-07,1997-07-14,96.78,Austria,NAO INFORMADO,ERNSH,Ernst Handel,Graz,Austria,Sirop d'érable,0,Condiments,28.5,120,0.25,2565.0,4,False
10595,1997-07-10,1997-08-07,1997-07-14,96.78,Austria,NAO INFORMADO,ERNSH,Ernst Handel,Graz,Austria,Gudbrandsdalsost,0,Dairy Products,36.0,65,0.25,1755.0,4,False
10596,1997-07-11,1997-08-08,1997-08-12,16.34,USA,WA,WHITC,White Clover Markets,Seattle,USA,Gnocchi di nonna Alice,0,Grains/Cereals,38.0,5,0.2,152.0,32,True
10596,1997-07-11,1997-08-08,1997-08-12,16.34,USA,WA,WHITC,White Clover Markets,Seattle,USA,Vegie-spread,0,Condiments,43.9,24,0.2,842.88,32,True
10596,1997-07-11,1997-08-08,1997-08-12,16.34,USA,WA,WHITC,White Clover Markets,Seattle,USA,Rhönbräu Klosterbier,0,Beverages,7.75,30,0.2,186.0,32,True
10597,1997-07-11,1997-08-08,1997-07-18,35.12,Austria,NAO INFORMADO,PICCO,Piccolo und mehr,Salzburg,Austria,Ravioli Angelo,0,Grains/Cereals,19.5,20,0.0,390.0,7,False
10597,1997-07-11,1997-08-08,1997-07-18,35.12,Austria,NAO INFORMADO,PICCO,Piccolo und mehr,Salzburg,Austria,Louisiana Fiery Hot Pepper Sauce,0,Condiments,21.05,12,0.2,202.08,7,False
10598,1997-07-14,1997-08-11,1997-07-18,44.42,USA,NM,RATTC,Rattlesnake Canyon Grocery,Albuquerque,USA,Schoggi Schokolade,0,Confections,43.9,50,0.0,2195.0,4,False
10598,1997-07-14,1997-08-11,1997-07-18,44.42,USA,NM,RATTC,Rattlesnake Canyon Grocery,Albuquerque,USA,Flotemysost,0,Dairy Products,21.5,9,0.0,193.5,4,False
10599,1997-07-15,1997-08-26,1997-07-21,29.98,UK,NAO INFORMADO,BSBEV,B's Beverages,London,UK,Tarte au sucre,0,Confections,49.3,10,0.0,493.0,6,False
10600,1997-07-16,1997-08-13,1997-07-21,45.13,USA,OR,HUNGC,Hungry Coyote Import Store,Elgin,USA,Tourtière,0,Meat/Poultry,7.45,4,0.0,29.8,5,False
10600,1997-07-16,1997-08-13,1997-07-21,45.13,USA,OR,HUNGC,Hungry Coyote Import Store,Elgin,USA,Röd Kaviar,0,Seafood,15.0,30,0.0,450.0,5,False
10601,1997-07-16,1997-08-27,1997-07-22,58.3,Venezuela,Táchira,HILAA,HILARION-Abastos,San Cristóbal,Venezuela,Konbu,0,Seafood,6.0,60,0.0,360.0,6,False
10601,1997-07-16,1997-08-27,1997-07-22,58.3,Venezuela,Táchira,HILAA,HILARION-Abastos,San Cristóbal,Venezuela,Raclette Courdavault,0,Dairy Products,55.0,35,0.0,1925.0,6,False
10602,1997-07-17,1997-08-14,1997-07-22,2.92,Denmark,NAO INFORMADO,VAFFE,Vaffeljernet,Århus,Denmark,Original Frankfurter grüne Soße,0,Condiments,13.0,5,0.25,48.75,5,False
10603,1997-07-18,1997-08-15,1997-08-08,48.77,USA,ID,SAVEA,Save-a-lot Markets,Boise,USA,Gustaf's Knäckebröd,0,Grains/Cereals,21.0,48,0.0,1008.0,21,False
10603,1997-07-18,1997-08-15,1997-08-08,48.77,USA,ID,SAVEA,Save-a-lot Markets,Boise,USA,Maxilaku,0,Confections,20.0,25,0.05,475.0,21,False
10604,1997-07-18,1997-08-15,1997-07-29,7.46,Portugal,NAO INFORMADO,FURIB,Furia Bacalhau e Frutos do Mar,Lisboa,Portugal,Chocolade,0,Confections,12.75,6,0.1,68.85,11,False
10604,1997-07-18,1997-08-15,1997-07-29,7.46,Portugal,NAO INFORMADO,FURIB,Furia Bacalhau e Frutos do Mar,Lisboa,Portugal,Lakkalikööri,0,Beverages,18.0,10,0.1,162.0,11,False
10605,1997-07-21,1997-08-18,1997-07-29,379.13,Canada,Québec,MEREP,Mère Paillarde,Montréal,Canada,Pavlova,0,Confections,17.45,30,0.05,497.32,8,False
10605,1997-07-21,1997-08-18,1997-07-29,379.13,Canada,Québec,MEREP,Mère Paillarde,Montréal,Canada,Raclette Courdavault,0,Dairy Products,55.0,20,0.05,1045.0,8,False
10605,1997-07-21,1997-08-18,1997-07-29,379.13,Canada,Québec,MEREP,Mère Paillarde,Montréal,Canada,Camembert Pierrot,0,Dairy Products,34.0,70,0.05,2261.0,8,False
10605,1997-07-21,1997-08-18,1997-07-29,379.13,Canada,Québec,MEREP,Mère Paillarde,Montréal,Canada,Flotemysost,0,Dairy Products,21.5,15,0.05,306.38,8,False
10606,1997-07-22,1997-08-19,1997-07-31,79.4,Brazil,SP,TRADH,Tradição Hipermercados,Sao Paulo,Brazil,Chef Anton's Cajun Seasoning,0,Condiments,22.0,20,0.2,352.0,9,False
10606,1997-07-22,1997-08-19,1997-07-31,79.4,Brazil,SP,TRADH,Tradição Hipermercados,Sao Paulo,Brazil,Pâté chinois,0,Meat/Poultry,24.0,20,0.2,384.0,9,False
10606,1997-07-22,1997-08-19,1997-07-31,79.4,Brazil,SP,TRADH,Tradição Hipermercados,Sao Paulo,Brazil,Tarte au sucre,0,Confections,49.3,10,0.2,394.4,9,False
10607,1997-07-22,1997-08-19,1997-07-25,200.24,USA,ID,SAVEA,Save-a-lot Markets,Boise,USA,Uncle Bob's Organic Dried Pears,0,Produce,30.0,45,0.0,1350.0,3,False
10607,1997-07-22,1997-08-19,1997-07-25,200.24,USA,ID,SAVEA,Save-a-lot Markets,Boise,USA,Geitost,0,Dairy Products,2.5,14,0.0,35.0,3,False
10607,1997-07-22,1997-08-19,1997-07-25,200.24,USA,ID,SAVEA,Save-a-lot Markets,Boise,USA,Boston Crab Meat,0,Seafood,18.4,42,0.0,772.8,3,False
10607,1997-07-22,1997-08-19,1997-07-25,200.24,USA,ID,SAVEA,Save-a-lot Markets,Boise,USA,Mozzarella di Giovanni,0,Dairy Products,34.8,12,0.0,417.6,3,False
10608,1997-07-23,1997-08-20,1997-08-01,27.79,Germany,NAO INFORMADO,TOMSP,Toms Spezialitäten,Münster,Germany,Gnocchi di nonna Alice,0,Grains/Cereals,38.0,28,0.0,1064.0,9,False
10609,1997-07-24,1997-08-21,1997-07-30,1.85,France,NAO INFORMADO,DUMON,Du monde entier,Nantes,France,Ikura,0,Seafood,31.0,10,0.0,310.0,6,False
10609,1997-07-24,1997-08-21,1997-07-30,1.85,France,NAO INFORMADO,DUMON,Du monde entier,Nantes,France,Sir Rodney's Scones,0,Confections,10.0,6,0.0,60.0,6,False
10610,1997-07-25,1997-08-22,1997-08-06,26.78,France,NAO INFORMADO,LAMAI,La maison d'Asie,Toulouse,France,Inlagd Sill,0,Seafood,19.0,21,0.25,299.25,12,False
10611,1997-07-25,1997-08-22,1997-08-01,80.65,Poland,NAO INFORMADO,WOLZA,Wolski  Zajazd,Warszawa,Poland,Camembert Pierrot,0,Dairy Products,34.0,15,0.0,510.0,7,False
10612,1997-07-28,1997-08-25,1997-08-01,544.08,USA,ID,SAVEA,Save-a-lot Markets,Boise,USA,Ikura,0,Seafood,31.0,70,0.0,2170.0,4,False
10612,1997-07-28,1997-08-25,1997-08-01,544.08,USA,ID,SAVEA,Save-a-lot Markets,Boise,USA,Inlagd Sill,0,Seafood,19.0,55,0.0,1045.0,4,False
10612,1997-07-28,1997-08-25,1997-08-01,544.08,USA,ID,SAVEA,Save-a-lot Markets,Boise,USA,Maxilaku,0,Confections,20.0,18,0.0,360.0,4,False
10612,1997-07-28,1997-08-25,1997-08-01,544.08,USA,ID,SAVEA,Save-a-lot Markets,Boise,USA,Camembert Pierrot,0,Dairy Products,34.0,40,0.0,1360.0,4,False
10612,1997-07-28,1997-08-25,1997-08-01,544.08,USA,ID,SAVEA,Save-a-lot Markets,Boise,USA,Lakkalikööri,0,Beverages,18.0,80,0.0,1440.0,4,False
10613,1997-07-29,1997-08-26,1997-08-01,8.11,Venezuela,Táchira,HILAA,HILARION-Abastos,San Cristóbal,Venezuela,Konbu,0,Seafood,6.0,8,0.1,43.2,3,False
10613,1997-07-29,1997-08-26,1997-08-01,8.11,Venezuela,Táchira,HILAA,HILARION-Abastos,San Cristóbal,Venezuela,Rhönbräu Klosterbier,0,Beverages,7.75,40,0.0,310.0,3,False
10614,1997-07-29,1997-08-26,1997-08-01,1.93,Germany,NAO INFORMADO,BLAUS,Blauer See Delikatessen,Mannheim,Germany,Queso Cabrales,0,Dairy Products,21.0,14,0.0,294.0,3,False
10614,1997-07-29,1997-08-26,1997-08-01,1.93,Germany,NAO INFORMADO,BLAUS,Blauer See Delikatessen,Mannheim,Germany,Sir Rodney's Scones,0,Confections,10.0,8,0.0,80.0,3,False
10614,1997-07-29,1997-08-26,1997-08-01,1.93,Germany,NAO INFORMADO,BLAUS,Blauer See Delikatessen,Mannheim,Germany,Chartreuse verte,0,Beverages,18.0,5,0.0,90.0,3,False
10615,1997-07-30,1997-08-27,1997-08-06,0.75,Finland,NAO INFORMADO,WILMK,Wilman Kala,Helsinki,Finland,Pâté chinois,0,Meat/Poultry,24.0,5,0.0,120.0,7,False
10616,1997-07-31,1997-08-28,1997-08-05,116.53,USA,OR,GREAL,Great Lakes Food Market,Eugene,USA,Côte de Blaye,0,Beverages,263.5,15,0.05,3754.88,5,False
10616,1997-07-31,1997-08-28,1997-08-05,116.53,USA,OR,GREAL,Great Lakes Food Market,Eugene,USA,Gnocchi di nonna Alice,0,Grains/Cereals,38.0,14,0.0,532.0,5,False
10616,1997-07-31,1997-08-28,1997-08-05,116.53,USA,OR,GREAL,Great Lakes Food Market,Eugene,USA,Outback Lager,0,Beverages,15.0,15,0.05,213.75,5,False
10616,1997-07-31,1997-08-28,1997-08-05,116.53,USA,OR,GREAL,Great Lakes Food Market,Eugene,USA,Flotemysost,0,Dairy Products,21.5,15,0.05,306.38,5,False
10617,1997-07-31,1997-08-28,1997-08-04,18.53,USA,OR,GREAL,Great Lakes Food Market,Eugene,USA,Raclette Courdavault,0,Dairy Products,55.0,30,0.15,1402.5,4,False
10618,1997-08-01,1997-09-12,1997-08-08,154.68,Canada,Québec,MEREP,Mère Paillarde,Montréal,Canada,Grandma's Boysenberry Spread,0,Condiments,25.0,70,0.0,1750.0,7,False
10618,1997-08-01,1997-09-12,1997-08-08,154.68,Canada,Québec,MEREP,Mère Paillarde,Montréal,Canada,Gnocchi di nonna Alice,0,Grains/Cereals,38.0,20,0.0,760.0,7,False
10618,1997-08-01,1997-09-12,1997-08-08,154.68,Canada,Québec,MEREP,Mère Paillarde,Montréal,Canada,Scottish Longbreads,0,Confections,12.5,15,0.0,187.5,7,False
10619,1997-08-04,1997-09-01,1997-08-07,91.05,Canada,Québec,MEREP,Mère Paillarde,Montréal,Canada,Sir Rodney's Scones,0,Confections,10.0,42,0.0,420.0,3,False
10619,1997-08-04,1997-09-01,1997-08-07,91.05,Canada,Québec,MEREP,Mère Paillarde,Montréal,Canada,Gustaf's Knäckebröd,0,Grains/Cereals,21.0,40,0.0,840.0,3,False
10620,1997-08-05,1997-09-02,1997-08-14,0.94,Canada,BC,LAUGB,Laughing Bacchus Wine Cellars,Vancouver,Canada,Filo Mix,0,Grains/Cereals,7.0,5,0.0,35.0,9,False
10621,1997-08-05,1997-09-02,1997-08-11,23.73,UK,Isle of Wight,ISLAT,Island Trading,Cowes,UK,Teatime Chocolate Biscuits,0,Confections,9.2,5,0.0,46.0,6,False
10621,1997-08-05,1997-09-02,1997-08-11,23.73,UK,Isle of Wight,ISLAT,Island Trading,Cowes,UK,Tunnbröd,0,Grains/Cereals,9.0,10,0.0,90.0,6,False
10621,1997-08-05,1997-09-02,1997-08-11,23.73,UK,Isle of Wight,ISLAT,Island Trading,Cowes,UK,Outback Lager,0,Beverages,15.0,20,0.0,300.0,6,False
10621,1997-08-05,1997-09-02,1997-08-11,23.73,UK,Isle of Wight,ISLAT,Island Trading,Cowes,UK,Flotemysost,0,Dairy Products,21.5,15,0.0,322.5,6,False
10622,1997-08-06,1997-09-03,1997-08-11,50.97,Brazil,RJ,RICAR,Ricardo Adocicados,Rio de Janeiro,Brazil,Scottish Longbreads,0,Confections,12.5,18,0.2,180.0,5,False
10623,1997-08-07,1997-09-04,1997-08-12,97.18,Germany,NAO INFORMADO,FRANK,Frankenversand,München,Germany,Tofu,0,Produce,23.25,21,0.0,488.25,5,False
10623,1997-08-07,1997-09-04,1997-08-12,97.18,Germany,NAO INFORMADO,FRANK,Frankenversand,München,Germany,Teatime Chocolate Biscuits,0,Confections,9.2,15,0.1,124.2,5,False
10623,1997-08-07,1997-09-04,1997-08-12,97.18,Germany,NAO INFORMADO,FRANK,Frankenversand,München,Germany,Sir Rodney's Scones,0,Confections,10.0,25,0.1,225.0,5,False
10623,1997-08-07,1997-09-04,1997-08-12,97.18,Germany,NAO INFORMADO,FRANK,Frankenversand,München,Germany,Steeleye Stout,0,Beverages,18.0,30,0.1,486.0,5,False
10624,1997-08-07,1997-09-04,1997-08-19,94.8,USA,MT,THECR,The Cracker Box,Butte,USA,Gula Malacca,0,Condiments,19.45,10,0.0,194.5,12,False
10625,1997-08-08,1997-09-05,1997-08-14,43.9,Mexico,NAO INFORMADO,ANATR,Ana Trujillo Emparedados y helados,México D.F.,Mexico,Tofu,0,Produce,23.25,3,0.0,69.75,6,False
10625,1997-08-08,1997-09-05,1997-08-14,43.9,Mexico,NAO INFORMADO,ANATR,Ana Trujillo Emparedados y helados,México D.F.,Mexico,Camembert Pierrot,0,Dairy Products,34.0,10,0.0,340.0,6,False
10626,1997-08-11,1997-09-08,1997-08-20,138.69,Sweden,NAO INFORMADO,BERGS,Berglunds snabbköp,Luleå,Sweden,Camembert Pierrot,0,Dairy Products,34.0,20,0.0,680.0,9,False
10626,1997-08-11,1997-09-08,1997-08-20,138.69,Sweden,NAO INFORMADO,BERGS,Berglunds snabbköp,Luleå,Sweden,Flotemysost,0,Dairy Products,21.5,20,0.0,430.0,9,False
10627,1997-08-11,1997-09-22,1997-08-21,107.46,USA,ID,SAVEA,Save-a-lot Markets,Boise,USA,Tarte au sucre,0,Confections,49.3,15,0.0,739.5,10,False
10627,1997-08-11,1997-09-22,1997-08-21,107.46,USA,ID,SAVEA,Save-a-lot Markets,Boise,USA,Röd Kaviar,0,Seafood,15.0,35,0.15,446.25,10,False
10629,1997-08-12,1997-09-09,1997-08-20,85.46,Spain,NAO INFORMADO,GODOS,Godos Cocina Típica,Sevilla,Spain,Wimmers gute Semmelknödel,0,Grains/Cereals,33.25,9,0.0,299.25,8,False
10630,1997-08-13,1997-09-10,1997-08-19,32.35,Germany,NAO INFORMADO,KOENE,Königlich Essen,Brandenburg,Germany,Pâté chinois,0,Meat/Poultry,24.0,12,0.05,273.6,6,False
10630,1997-08-13,1997-09-10,1997-08-19,32.35,Germany,NAO INFORMADO,KOENE,Königlich Essen,Brandenburg,Germany,Lakkalikööri,0,Beverages,18.0,35,0.0,630.0,6,False
10631,1997-08-14,1997-09-11,1997-08-15,0.87,France,NAO INFORMADO,LAMAI,La maison d'Asie,Toulouse,France,Rhönbräu Klosterbier,0,Beverages,7.75,8,0.1,55.8,1,False
10632,1997-08-14,1997-09-11,1997-08-19,41.38,Germany,NAO INFORMADO,WANDK,Die Wandernde Kuh,Stuttgart,Germany,Geitost,0,Dairy Products,2.5,20,0.05,47.5,5,False
10633,1997-08-15,1997-09-12,1997-08-18,477.9,Austria,NAO INFORMADO,ERNSH,Ernst Handel,Graz,Austria,Queso Manchego La Pastora,0,Dairy Products,38.0,36,0.15,1162.8,3,False
10633,1997-08-15,1997-09-12,1997-08-18,477.9,Austria,NAO INFORMADO,ERNSH,Ernst Handel,Graz,Austria,Konbu,0,Seafood,6.0,13,0.15,66.3,3,False
10633,1997-08-15,1997-09-12,1997-08-18,477.9,Austria,NAO INFORMADO,ERNSH,Ernst Handel,Graz,Austria,Gumbär Gummibärchen,0,Confections,31.23,35,0.15,929.09,3,False
10633,1997-08-15,1997-09-12,1997-08-18,477.9,Austria,NAO INFORMADO,ERNSH,Ernst Handel,Graz,Austria,Tarte au sucre,0,Confections,49.3,80,0.15,3352.4,3,False
10634,1997-08-15,1997-09-12,1997-08-21,487.38,France,NAO INFORMADO,FOLIG,Folies gourmandes,Lille,France,Uncle Bob's Organic Dried Pears,0,Produce,30.0,35,0.0,1050.0,6,False
10634,1997-08-15,1997-09-12,1997-08-21,487.38,France,NAO INFORMADO,FOLIG,Folies gourmandes,Lille,France,Carnarvon Tigers,0,Seafood,62.5,50,0.0,3125.0,6,False
10634,1997-08-15,1997-09-12,1997-08-21,487.38,France,NAO INFORMADO,FOLIG,Folies gourmandes,Lille,France,Manjimup Dried Apples,0,Produce,53.0,15,0.0,795.0,6,False
10634,1997-08-15,1997-09-12,1997-08-21,487.38,France,NAO INFORMADO,FOLIG,Folies gourmandes,Lille,France,Rhönbräu Klosterbier,0,Beverages,7.75,2,0.0,15.5,6,False
10635,1997-08-18,1997-09-15,1997-08-21,47.46,Italy,NAO INFORMADO,MAGAA,Magazzini Alimentari Riuniti,Bergamo,Italy,Chef Anton's Cajun Seasoning,0,Condiments,22.0,10,0.1,198.0,3,False
10635,1997-08-18,1997-09-15,1997-08-21,47.46,Italy,NAO INFORMADO,MAGAA,Magazzini Alimentari Riuniti,Bergamo,Italy,Gustaf's Knäckebröd,0,Grains/Cereals,21.0,40,0.0,840.0,3,False
10636,1997-08-19,1997-09-16,1997-08-26,1.15,Finland,NAO INFORMADO,WARTH,Wartian Herkku,Oulu,Finland,Chef Anton's Cajun Seasoning,0,Condiments,22.0,25,0.0,550.0,7,False
10636,1997-08-19,1997-09-16,1997-08-26,1.15,Finland,NAO INFORMADO,WARTH,Wartian Herkku,Oulu,Finland,Escargots de Bourgogne,0,Seafood,13.25,6,0.0,79.5,7,False
10637,1997-08-19,1997-09-16,1997-08-26,201.29,Brazil,SP,QUEEN,Queen Cozinha,Sao Paulo,Brazil,Queso Cabrales,0,Dairy Products,21.0,10,0.0,210.0,7,False
10637,1997-08-19,1997-09-16,1997-08-26,201.29,Brazil,SP,QUEEN,Queen Cozinha,Sao Paulo,Brazil,Valkoinen suklaa,0,Confections,16.25,25,0.05,385.94,7,False
10637,1997-08-19,1997-09-16,1997-08-26,201.29,Brazil,SP,QUEEN,Queen Cozinha,Sao Paulo,Brazil,Gnocchi di nonna Alice,0,Grains/Cereals,38.0,60,0.05,2166.0,7,False
10638,1997-08-20,1997-09-17,1997-09-01,158.44,Venezuela,Nueva Esparta,LINOD,LINO-Delicateses,I. de Margarita,Venezuela,Rogede sild,0,Seafood,9.5,20,0.0,190.0,12,False
10638,1997-08-20,1997-09-17,1997-09-01,158.44,Venezuela,Nueva Esparta,LINOD,LINO-Delicateses,I. de Margarita,Venezuela,Louisiana Fiery Hot Pepper Sauce,0,Condiments,21.05,21,0.0,442.05,12,False
10638,1997-08-20,1997-09-17,1997-09-01,158.44,Venezuela,Nueva Esparta,LINOD,LINO-Delicateses,I. de Margarita,Venezuela,Mozzarella di Giovanni,0,Dairy Products,34.8,60,0.0,2088.0,12,False
10639,1997-08-20,1997-09-17,1997-08-27,38.64,Norway,NAO INFORMADO,SANTG,Santé Gourmet,Stavern,Norway,Carnarvon Tigers,0,Seafood,62.5,8,0.0,500.0,7,False
10640,1997-08-21,1997-09-18,1997-08-28,23.55,Germany,NAO INFORMADO,WANDK,Die Wandernde Kuh,Stuttgart,Germany,Gudbrandsdalsost,0,Dairy Products,36.0,20,0.25,540.0,7,False
10640,1997-08-21,1997-09-18,1997-08-28,23.55,Germany,NAO INFORMADO,WANDK,Die Wandernde Kuh,Stuttgart,Germany,Outback Lager,0,Beverages,15.0,15,0.25,168.75,7,False
10641,1997-08-22,1997-09-19,1997-08-26,179.61,Venezuela,Táchira,HILAA,HILARION-Abastos,San Cristóbal,Venezuela,Boston Crab Meat,0,Seafood,18.4,60,0.0,1104.0,4,False
10642,1997-08-22,1997-09-19,1997-09-05,41.89,Denmark,NAO INFORMADO,SIMOB,Simons bistro,Kobenhavn,Denmark,Sir Rodney's Scones,0,Confections,10.0,30,0.2,240.0,14,False
10642,1997-08-22,1997-09-19,1997-09-05,41.89,Denmark,NAO INFORMADO,SIMOB,Simons bistro,Kobenhavn,Denmark,Sirop d'érable,0,Condiments,28.5,20,0.2,456.0,14,False
10643,1997-08-25,1997-09-22,1997-09-02,29.46,Germany,NAO INFORMADO,ALFKI,Alfreds Futterkiste,Berlin,Germany,Chartreuse verte,0,Beverages,18.0,21,0.25,283.5,8,False
10643,1997-08-25,1997-09-22,1997-09-02,29.46,Germany,NAO INFORMADO,ALFKI,Alfreds Futterkiste,Berlin,Germany,Spegesild,0,Seafood,12.0,2,0.25,18.0,8,False
10644,1997-08-25,1997-09-22,1997-09-01,0.14,Brazil,SP,WELLI,Wellington Importadora,Resende,Brazil,Carnarvon Tigers,0,Seafood,62.5,4,0.1,225.0,7,False
10644,1997-08-25,1997-09-22,1997-09-01,0.14,Brazil,SP,WELLI,Wellington Importadora,Resende,Brazil,Ipoh Coffee,0,Beverages,46.0,20,0.0,920.0,7,False
10644,1997-08-25,1997-09-22,1997-09-01,0.14,Brazil,SP,WELLI,Wellington Importadora,Resende,Brazil,Spegesild,0,Seafood,12.0,21,0.1,226.8,7,False
10645,1997-08-26,1997-09-23,1997-09-02,12.41,Brazil,RJ,HANAR,Hanari Carnes,Rio de Janeiro,Brazil,Carnarvon Tigers,0,Seafood,62.5,20,0.0,1250.0,7,False
10645,1997-08-26,1997-09-23,1997-09-02,12.41,Brazil,RJ,HANAR,Hanari Carnes,Rio de Janeiro,Brazil,Inlagd Sill,0,Seafood,19.0,15,0.0,285.0,7,False
10646,1997-08-27,1997-10-08,1997-09-03,142.33,Ireland,Co. Cork,HUNGO,Hungry Owl All-Night Grocers,Cork,Ireland,Ikura,0,Seafood,31.0,18,0.25,418.5,7,False
10646,1997-08-27,1997-10-08,1997-09-03,142.33,Ireland,Co. Cork,HUNGO,Hungry Owl All-Night Grocers,Cork,Ireland,Flotemysost,0,Dairy Products,21.5,30,0.25,483.75,7,False
10646,1997-08-27,1997-10-08,1997-09-03,142.33,Ireland,Co. Cork,HUNGO,Hungry Owl All-Night Grocers,Cork,Ireland,Original Frankfurter grüne Soße,0,Condiments,13.0,35,0.25,341.25,7,False
10647,1997-08-27,1997-09-10,1997-09-03,45.54,Brazil,RJ,QUEDE,Que Delícia,Rio de Janeiro,Brazil,Teatime Chocolate Biscuits,0,Confections,9.2,30,0.0,276.0,7,False
10647,1997-08-27,1997-09-10,1997-09-03,45.54,Brazil,RJ,QUEDE,Que Delícia,Rio de Janeiro,Brazil,Chartreuse verte,0,Beverages,18.0,20,0.0,360.0,7,False
10648,1997-08-28,1997-10-09,1997-09-09,14.25,Brazil,RJ,RICAR,Ricardo Adocicados,Rio de Janeiro,Brazil,Gustaf's Knäckebröd,0,Grains/Cereals,21.0,15,0.0,315.0,12,False
10649,1997-08-28,1997-09-25,1997-08-29,6.2,Belgium,NAO INFORMADO,MAISD,Maison Dewey,Bruxelles,Belgium,Mozzarella di Giovanni,0,Dairy Products,34.8,15,0.0,522.0,1,False
10650,1997-08-29,1997-09-26,1997-09-03,176.81,Brazil,SP,FAMIA,Familia Arquibaldo,Sao Paulo,Brazil,Nord-Ost Matjeshering,0,Seafood,25.89,30,0.0,776.7,5,False
10650,1997-08-29,1997-09-26,1997-09-03,176.81,Brazil,SP,FAMIA,Familia Arquibaldo,Sao Paulo,Brazil,Tourtière,0,Meat/Poultry,7.45,30,0.0,223.5,5,False
10651,1997-09-01,1997-09-29,1997-09-11,20.6,Germany,NAO INFORMADO,WANDK,Die Wandernde Kuh,Stuttgart,Germany,Teatime Chocolate Biscuits,0,Confections,9.2,12,0.25,82.8,10,False
10651,1997-09-01,1997-09-29,1997-09-11,20.6,Germany,NAO INFORMADO,WANDK,Die Wandernde Kuh,Stuttgart,Germany,Gustaf's Knäckebröd,0,Grains/Cereals,21.0,20,0.25,315.0,10,False
10652,1997-09-01,1997-09-29,1997-09-08,7.14,Brazil,SP,GOURL,Gourmet Lanchonetes,Campinas,Brazil,Nord-Ost Matjeshering,0,Seafood,25.89,2,0.25,38.84,7,False
10653,1997-09-02,1997-09-30,1997-09-19,93.25,Germany,NAO INFORMADO,FRANK,Frankenversand,München,Germany,Pavlova,0,Confections,17.45,30,0.1,471.15,17,False
10653,1997-09-02,1997-09-30,1997-09-19,93.25,Germany,NAO INFORMADO,FRANK,Frankenversand,München,Germany,Camembert Pierrot,0,Dairy Products,34.0,20,0.1,612.0,17,False
10654,1997-09-02,1997-09-30,1997-09-11,55.26,Sweden,NAO INFORMADO,BERGS,Berglunds snabbköp,Luleå,Sweden,Chef Anton's Cajun Seasoning,0,Condiments,22.0,12,0.1,237.6,9,False
10654,1997-09-02,1997-09-30,1997-09-11,55.26,Sweden,NAO INFORMADO,BERGS,Berglunds snabbköp,Luleå,Sweden,Chartreuse verte,0,Beverages,18.0,20,0.1,324.0,9,False
10654,1997-09-02,1997-09-30,1997-09-11,55.26,Sweden,NAO INFORMADO,BERGS,Berglunds snabbköp,Luleå,Sweden,Tourtière,0,Meat/Poultry,7.45,6,0.1,40.23,9,False
10655,1997-09-03,1997-10-01,1997-09-11,4.41,Italy,NAO INFORMADO,REGGC,Reggiani Caseifici,Reggio Emilia,Italy,Jack's New England Clam Chowder,0,Seafood,9.65,20,0.2,154.4,8,False
10656,1997-09-04,1997-10-02,1997-09-10,57.15,USA,OR,GREAL,Great Lakes Food Market,Eugene,USA,Tofu,0,Produce,23.25,3,0.1,62.78,6,False
10656,1997-09-04,1997-10-02,1997-09-10,57.15,USA,OR,GREAL,Great Lakes Food Market,Eugene,USA,Gula Malacca,0,Condiments,19.45,28,0.1,490.14,6,False
10656,1997-09-04,1997-10-02,1997-09-10,57.15,USA,OR,GREAL,Great Lakes Food Market,Eugene,USA,Zaanse koeken,0,Confections,9.5,6,0.1,51.3,6,False
10657,1997-09-04,1997-10-02,1997-09-15,352.69,USA,ID,SAVEA,Save-a-lot Markets,Boise,USA,Genen Shouyu,0,Condiments,15.5,50,0.0,775.0,11,False
10657,1997-09-04,1997-10-02,1997-09-15,352.69,USA,ID,SAVEA,Save-a-lot Markets,Boise,USA,Jack's New England Clam Chowder,0,Seafood,9.65,24,0.0,231.6,11,False
10657,1997-09-04,1997-10-02,1997-09-15,352.69,USA,ID,SAVEA,Save-a-lot Markets,Boise,USA,Spegesild,0,Seafood,12.0,45,0.0,540.0,11,False
10657,1997-09-04,1997-10-02,1997-09-15,352.69,USA,ID,SAVEA,Save-a-lot Markets,Boise,USA,Zaanse koeken,0,Confections,9.5,10,0.0,95.0,11,False
10657,1997-09-04,1997-10-02,1997-09-15,352.69,USA,ID,SAVEA,Save-a-lot Markets,Boise,USA,Gnocchi di nonna Alice,0,Grains/Cereals,38.0,45,0.0,1710.0,11,False
10657,1997-09-04,1997-10-02,1997-09-15,352.69,USA,ID,SAVEA,Save-a-lot Markets,Boise,USA,Camembert Pierrot,0,Dairy Products,34.0,30,0.0,1020.0,11,False
10658,1997-09-05,1997-10-03,1997-09-08,364.15,Germany,NAO INFORMADO,QUICK,QUICK-Stop,Cunewalde,Germany,Sir Rodney's Scones,0,Confections,10.0,60,0.0,600.0,3,False
10658,1997-09-05,1997-10-03,1997-09-08,364.15,Germany,NAO INFORMADO,QUICK,QUICK-Stop,Cunewalde,Germany,Boston Crab Meat,0,Seafood,18.4,70,0.05,1223.6,3,False
10658,1997-09-05,1997-10-03,1997-09-08,364.15,Germany,NAO INFORMADO,QUICK,QUICK-Stop,Cunewalde,Germany,Camembert Pierrot,0,Dairy Products,34.0,55,0.05,1776.5,3,False
10658,1997-09-05,1997-10-03,1997-09-08,364.15,Germany,NAO INFORMADO,QUICK,QUICK-Stop,Cunewalde,Germany,Original Frankfurter grüne Soße,0,Condiments,13.0,70,0.05,864.5,3,False
10659,1997-09-05,1997-10-03,1997-09-10,105.81,Brazil,SP,QUEEN,Queen Cozinha,Sao Paulo,Brazil,Gorgonzola Telino,0,Dairy Products,12.5,20,0.05,237.5,5,False
10659,1997-09-05,1997-10-03,1997-09-10,105.81,Brazil,SP,QUEEN,Queen Cozinha,Sao Paulo,Brazil,Boston Crab Meat,0,Seafood,18.4,24,0.05,419.52,5,False
10659,1997-09-05,1997-10-03,1997-09-10,105.81,Brazil,SP,QUEEN,Queen Cozinha,Sao Paulo,Brazil,Outback Lager,0,Beverages,15.0,40,0.05,570.0,5,False
10660,1997-09-08,1997-10-06,1997-10-15,111.29,USA,OR,HUNGC,Hungry Coyote Import Store,Elgin,USA,Sir Rodney's Marmalade,0,Confections,81.0,21,0.0,1701.0,37,True
10661,1997-09-09,1997-10-07,1997-09-15,17.55,Ireland,Co. Cork,HUNGO,Hungry Owl All-Night Grocers,Cork,Ireland,Chartreuse verte,0,Beverages,18.0,3,0.2,43.2,6,False
10661,1997-09-09,1997-10-07,1997-09-15,17.55,Ireland,Co. Cork,HUNGO,Hungry Owl All-Night Grocers,Cork,Ireland,Escargots de Bourgogne,0,Seafood,13.25,49,0.2,519.4,6,False
10662,1997-09-09,1997-10-07,1997-09-18,1.28,USA,OR,LONEP,Lonesome Pine Restaurant,Portland,USA,Scottish Longbreads,0,Confections,12.5,10,0.0,125.0,9,False
10663,1997-09-10,1997-09-24,1997-10-03,113.15,France,NAO INFORMADO,BONAP,Bon app',Marseille,France,Boston Crab Meat,0,Seafood,18.4,30,0.05,524.4,23,True
10663,1997-09-10,1997-09-24,1997-10-03,113.15,France,NAO INFORMADO,BONAP,Bon app',Marseille,France,Manjimup Dried Apples,0,Produce,53.0,20,0.05,1007.0,23,True
10664,1997-09-10,1997-10-08,1997-09-19,1.27,Portugal,NAO INFORMADO,FURIB,Furia Bacalhau e Frutos do Mar,Lisboa,Portugal,Ikura,0,Seafood,31.0,24,0.15,632.4,9,False
10664,1997-09-10,1997-10-08,1997-09-19,1.27,Portugal,NAO INFORMADO,FURIB,Furia Bacalhau e Frutos do Mar,Lisboa,Portugal,Gnocchi di nonna Alice,0,Grains/Cereals,38.0,12,0.15,387.6,9,False
10664,1997-09-10,1997-10-08,1997-09-19,1.27,Portugal,NAO INFORMADO,FURIB,Furia Bacalhau e Frutos do Mar,Lisboa,Portugal,Louisiana Fiery Hot Pepper Sauce,0,Condiments,21.05,15,0.15,268.39,9,False
10665,1997-09-11,1997-10-09,1997-09-17,26.31,USA,OR,LONEP,Lonesome Pine Restaurant,Portland,USA,Manjimup Dried Apples,0,Produce,53.0,20,0.0,1060.0,6,False
10665,1997-09-11,1997-10-09,1997-09-17,26.31,USA,OR,LONEP,Lonesome Pine Restaurant,Portland,USA,Raclette Courdavault,0,Dairy Products,55.0,1,0.0,55.0,6,False
10665,1997-09-11,1997-10-09,1997-09-17,26.31,USA,OR,LONEP,Lonesome Pine Restaurant,Portland,USA,Lakkalikööri,0,Beverages,18.0,10,0.0,180.0,6,False
10666,1997-09-12,1997-10-10,1997-09-22,232.42,Switzerland,NAO INFORMADO,RICSU,Richter Supermarkt,Genève,Switzerland,Louisiana Fiery Hot Pepper Sauce,0,Condiments,21.05,10,0.0,210.5,10,False
10667,1997-09-12,1997-10-10,1997-09-19,78.09,Austria,NAO INFORMADO,ERNSH,Ernst Handel,Graz,Austria,Gudbrandsdalsost,0,Dairy Products,36.0,45,0.2,1296.0,7,False
10667,1997-09-12,1997-10-10,1997-09-19,78.09,Austria,NAO INFORMADO,ERNSH,Ernst Handel,Graz,Austria,Flotemysost,0,Dairy Products,21.5,14,0.2,240.8,7,False
10668,1997-09-15,1997-10-13,1997-09-23,47.22,Germany,NAO INFORMADO,WANDK,Die Wandernde Kuh,Stuttgart,Germany,Gorgonzola Telino,0,Dairy Products,12.5,8,0.1,90.0,8,False
10668,1997-09-15,1997-10-13,1997-09-23,47.22,Germany,NAO INFORMADO,WANDK,Die Wandernde Kuh,Stuttgart,Germany,Pâté chinois,0,Meat/Poultry,24.0,4,0.1,86.4,8,False
10668,1997-09-15,1997-10-13,1997-09-23,47.22,Germany,NAO INFORMADO,WANDK,Die Wandernde Kuh,Stuttgart,Germany,Wimmers gute Semmelknödel,0,Grains/Cereals,33.25,15,0.1,448.88,8,False
10669,1997-09-15,1997-10-13,1997-09-22,24.39,Denmark,NAO INFORMADO,SIMOB,Simons bistro,Kobenhavn,Denmark,Inlagd Sill,0,Seafood,19.0,30,0.0,570.0,7,False
10670,1997-09-16,1997-10-14,1997-09-18,203.48,Germany,NAO INFORMADO,FRANK,Frankenversand,München,Germany,Tunnbröd,0,Grains/Cereals,9.0,32,0.0,288.0,2,False
10670,1997-09-16,1997-10-14,1997-09-18,203.48,Germany,NAO INFORMADO,FRANK,Frankenversand,München,Germany,Spegesild,0,Seafood,12.0,60,0.0,720.0,2,False
10670,1997-09-16,1997-10-14,1997-09-18,203.48,Germany,NAO INFORMADO,FRANK,Frankenversand,München,Germany,Laughing Lumberjack Lager,0,Beverages,14.0,25,0.0,350.0,2,False
10670,1997-09-16,1997-10-14,1997-09-18,203.48,Germany,NAO INFORMADO,FRANK,Frankenversand,München,Germany,Röd Kaviar,0,Seafood,15.0,50,0.0,750.0,2,False
10670,1997-09-16,1997-10-14,1997-09-18,203.48,Germany,NAO INFORMADO,FRANK,Frankenversand,München,Germany,Rhönbräu Klosterbier,0,Beverages,7.75,25,0.0,193.75,2,False
10671,1997-09-17,1997-10-15,1997-09-24,30.34,France,NAO INFORMADO,FRANR,France restauration,Nantes,France,Pavlova,0,Confections,17.45,10,0.0,174.5,7,False
10671,1997-09-17,1997-10-15,1997-09-24,30.34,France,NAO INFORMADO,FRANR,France restauration,Nantes,France,Tarte au sucre,0,Confections,49.3,10,0.0,493.0,7,False
10671,1997-09-17,1997-10-15,1997-09-24,30.34,France,NAO INFORMADO,FRANR,France restauration,Nantes,France,Louisiana Fiery Hot Pepper Sauce,0,Condiments,21.05,12,0.0,252.6,7,False
10672,1997-09-17,1997-10-01,1997-09-26,95.75,Sweden,NAO INFORMADO,BERGS,Berglunds snabbköp,Luleå,Sweden,Côte de Blaye,0,Beverages,263.5,15,0.1,3557.25,9,False
10672,1997-09-17,1997-10-01,1997-09-26,95.75,Sweden,NAO INFORMADO,BERGS,Berglunds snabbköp,Luleå,Sweden,Flotemysost,0,Dairy Products,21.5,12,0.0,258.0,9,False
10673,1997-09-18,1997-10-16,1997-09-19,22.76,Finland,NAO INFORMADO,WILMK,Wilman Kala,Helsinki,Finland,Pavlova,0,Confections,17.45,3,0.0,52.35,1,False
10673,1997-09-18,1997-10-16,1997-09-19,22.76,Finland,NAO INFORMADO,WILMK,Wilman Kala,Helsinki,Finland,Ipoh Coffee,0,Beverages,46.0,6,0.0,276.0,1,False
10674,1997-09-18,1997-10-16,1997-09-30,0.9,UK,Isle of Wight,ISLAT,Island Trading,Cowes,UK,Tunnbröd,0,Grains/Cereals,9.0,5,0.0,45.0,12,False
10675,1997-09-19,1997-10-17,1997-09-23,31.85,Germany,NAO INFORMADO,FRANK,Frankenversand,München,Germany,Tofu,0,Produce,23.25,30,0.0,697.5,4,False
10675,1997-09-19,1997-10-17,1997-09-23,31.85,Germany,NAO INFORMADO,FRANK,Frankenversand,München,Germany,Escargots de Bourgogne,0,Seafood,13.25,30,0.0,397.5,4,False
10676,1997-09-22,1997-10-20,1997-09-29,2.01,Mexico,NAO INFORMADO,TORTU,Tortuga Restaurante,México D.F.,Mexico,Ikura,0,Seafood,31.0,2,0.0,62.0,7,False
10676,1997-09-22,1997-10-20,1997-09-29,2.01,Mexico,NAO INFORMADO,TORTU,Tortuga Restaurante,México D.F.,Mexico,Teatime Chocolate Biscuits,0,Confections,9.2,7,0.0,64.4,7,False
10676,1997-09-22,1997-10-20,1997-09-29,2.01,Mexico,NAO INFORMADO,TORTU,Tortuga Restaurante,México D.F.,Mexico,Gula Malacca,0,Condiments,19.45,21,0.0,408.45,7,False
10677,1997-09-22,1997-10-20,1997-09-26,4.03,Mexico,NAO INFORMADO,ANTON,Antonio Moreno Taquería,México D.F.,Mexico,Gumbär Gummibärchen,0,Confections,31.23,30,0.15,796.36,4,False
10677,1997-09-22,1997-10-20,1997-09-26,4.03,Mexico,NAO INFORMADO,ANTON,Antonio Moreno Taquería,México D.F.,Mexico,Geitost,0,Dairy Products,2.5,8,0.15,17.0,4,False
10678,1997-09-23,1997-10-21,1997-10-16,388.98,USA,ID,SAVEA,Save-a-lot Markets,Boise,USA,Queso Manchego La Pastora,0,Dairy Products,38.0,100,0.0,3800.0,23,False
10678,1997-09-23,1997-10-21,1997-10-16,388.98,USA,ID,SAVEA,Save-a-lot Markets,Boise,USA,Geitost,0,Dairy Products,2.5,30,0.0,75.0,23,False
10678,1997-09-23,1997-10-21,1997-10-16,388.98,USA,ID,SAVEA,Save-a-lot Markets,Boise,USA,Jack's New England Clam Chowder,0,Seafood,9.65,120,0.0,1158.0,23,False
10678,1997-09-23,1997-10-21,1997-10-16,388.98,USA,ID,SAVEA,Save-a-lot Markets,Boise,USA,Tourtière,0,Meat/Poultry,7.45,30,0.0,223.5,23,False
10679,1997-09-23,1997-10-21,1997-09-30,27.94,France,NAO INFORMADO,BLONP,Blondesddsl père et fils,Strasbourg,France,Raclette Courdavault,0,Dairy Products,55.0,12,0.0,660.0,7,False
10680,1997-09-24,1997-10-22,1997-09-26,26.61,USA,AK,OLDWO,Old World Delicatessen,Anchorage,USA,Pavlova,0,Confections,17.45,50,0.25,654.38,2,False
10680,1997-09-24,1997-10-22,1997-09-26,26.61,USA,AK,OLDWO,Old World Delicatessen,Anchorage,USA,Gorgonzola Telino,0,Dairy Products,12.5,20,0.25,187.5,2,False
10681,1997-09-25,1997-10-23,1997-09-30,76.13,USA,OR,GREAL,Great Lakes Food Market,Eugene,USA,Teatime Chocolate Biscuits,0,Confections,9.2,30,0.1,248.4,5,False
10681,1997-09-25,1997-10-23,1997-09-30,76.13,USA,OR,GREAL,Great Lakes Food Market,Eugene,USA,Sir Rodney's Scones,0,Confections,10.0,12,0.1,108.0,5,False
10681,1997-09-25,1997-10-23,1997-09-30,76.13,USA,OR,GREAL,Great Lakes Food Market,Eugene,USA,Wimmers gute Semmelknödel,0,Grains/Cereals,33.25,28,0.0,931.0,5,False
10682,1997-09-25,1997-10-23,1997-10-01,36.13,Mexico,NAO INFORMADO,ANTON,Antonio Moreno Taquería,México D.F.,Mexico,Geitost,0,Dairy Products,2.5,30,0.0,75.0,6,False
10682,1997-09-25,1997-10-23,1997-10-01,36.13,Mexico,NAO INFORMADO,ANTON,Antonio Moreno Taquería,México D.F.,Mexico,Louisiana Hot Spiced Okra,0,Condiments,17.0,4,0.0,68.0,6,False
10682,1997-09-25,1997-10-23,1997-10-01,36.13,Mexico,NAO INFORMADO,ANTON,Antonio Moreno Taquería,México D.F.,Mexico,Rhönbräu Klosterbier,0,Beverages,7.75,30,0.0,232.5,6,False
10683,1997-09-26,1997-10-24,1997-10-01,4.4,France,NAO INFORMADO,DUMON,Du monde entier,Nantes,France,Filo Mix,0,Grains/Cereals,7.0,9,0.0,63.0,5,False
10684,1997-09-26,1997-10-24,1997-09-30,145.63,Germany,NAO INFORMADO,OTTIK,Ottilies Käseladen,Köln,Germany,Boston Crab Meat,0,Seafood,18.4,20,0.0,368.0,4,False
10684,1997-09-26,1997-10-24,1997-09-30,145.63,Germany,NAO INFORMADO,OTTIK,Ottilies Käseladen,Köln,Germany,Zaanse koeken,0,Confections,9.5,40,0.0,380.0,4,False
10684,1997-09-26,1997-10-24,1997-09-30,145.63,Germany,NAO INFORMADO,OTTIK,Ottilies Käseladen,Köln,Germany,Camembert Pierrot,0,Dairy Products,34.0,30,0.0,1020.0,4,False
10685,1997-09-29,1997-10-13,1997-10-03,33.75,Brazil,SP,GOURL,Gourmet Lanchonetes,Campinas,Brazil,Ikura,0,Seafood,31.0,20,0.0,620.0,4,False
10685,1997-09-29,1997-10-13,1997-10-03,33.75,Brazil,SP,GOURL,Gourmet Lanchonetes,Campinas,Brazil,Jack's New England Clam Chowder,0,Seafood,9.65,4,0.0,38.6,4,False
10685,1997-09-29,1997-10-13,1997-10-03,33.75,Brazil,SP,GOURL,Gourmet Lanchonetes,Campinas,Brazil,Zaanse koeken,0,Confections,9.5,15,0.0,142.5,4,False
10686,1997-09-30,1997-10-28,1997-10-08,96.5,Austria,NAO INFORMADO,PICCO,Piccolo und mehr,Salzburg,Austria,Gumbär Gummibärchen,0,Confections,31.23,15,0.0,468.45,8,False
10687,1997-09-30,1997-10-28,1997-10-30,296.43,Ireland,Co. Cork,HUNGO,Hungry Owl All-Night Grocers,Cork,Ireland,Inlagd Sill,0,Seafood,19.0,6,0.25,85.5,30,True
10688,1997-10-01,1997-10-15,1997-10-07,299.09,Denmark,NAO INFORMADO,VAFFE,Vaffeljernet,Århus,Denmark,Ikura,0,Seafood,31.0,18,0.1,502.2,6,False
10688,1997-10-01,1997-10-15,1997-10-07,299.09,Denmark,NAO INFORMADO,VAFFE,Vaffeljernet,Århus,Denmark,Sasquatch Ale,0,Beverages,14.0,14,0.0,196.0,6,False
10690,1997-10-02,1997-10-30,1997-10-03,15.8,Brazil,RJ,HANAR,Hanari Carnes,Rio de Janeiro,Brazil,Gnocchi di nonna Alice,0,Grains/Cereals,38.0,20,0.25,570.0,1,False
10690,1997-10-02,1997-10-30,1997-10-03,15.8,Brazil,RJ,HANAR,Hanari Carnes,Rio de Janeiro,Brazil,Original Frankfurter grüne Soße,0,Condiments,13.0,30,0.25,292.5,1,False
10691,1997-10-03,1997-11-14,1997-10-22,810.05,Germany,NAO INFORMADO,QUICK,QUICK-Stop,Cunewalde,Germany,Ipoh Coffee,0,Beverages,46.0,40,0.0,1840.0,19,False
10691,1997-10-03,1997-11-14,1997-10-22,810.05,Germany,NAO INFORMADO,QUICK,QUICK-Stop,Cunewalde,Germany,Gula Malacca,0,Condiments,19.45,24,0.0,466.8,19,False
10691,1997-10-03,1997-11-14,1997-10-22,810.05,Germany,NAO INFORMADO,QUICK,QUICK-Stop,Cunewalde,Germany,Tarte au sucre,0,Confections,49.3,48,0.0,2366.4,19,False
10692,1997-10-03,1997-10-31,1997-10-13,61.02,Germany,NAO INFORMADO,ALFKI,Alfreds Futterkiste,Berlin,Germany,Vegie-spread,0,Condiments,43.9,20,0.0,878.0,10,False
10693,1997-10-06,1997-10-20,1997-10-10,139.34,USA,WA,WHITC,White Clover Markets,Seattle,USA,Tourtière,0,Meat/Poultry,7.45,60,0.15,379.95,4,False
10693,1997-10-06,1997-10-20,1997-10-10,139.34,USA,WA,WHITC,White Clover Markets,Seattle,USA,Gudbrandsdalsost,0,Dairy Products,36.0,30,0.15,918.0,4,False
10693,1997-10-06,1997-10-20,1997-10-10,139.34,USA,WA,WHITC,White Clover Markets,Seattle,USA,Röd Kaviar,0,Seafood,15.0,15,0.15,191.25,4,False
10694,1997-10-06,1997-11-03,1997-10-09,398.36,Germany,NAO INFORMADO,QUICK,QUICK-Stop,Cunewalde,Germany,Uncle Bob's Organic Dried Pears,0,Produce,30.0,90,0.0,2700.0,3,False
10694,1997-10-06,1997-11-03,1997-10-09,398.36,Germany,NAO INFORMADO,QUICK,QUICK-Stop,Cunewalde,Germany,Raclette Courdavault,0,Dairy Products,55.0,25,0.0,1375.0,3,False
10694,1997-10-06,1997-11-03,1997-10-09,398.36,Germany,NAO INFORMADO,QUICK,QUICK-Stop,Cunewalde,Germany,Outback Lager,0,Beverages,15.0,50,0.0,750.0,3,False
10695,1997-10-07,1997-11-18,1997-10-14,16.72,Finland,NAO INFORMADO,WILMK,Wilman Kala,Helsinki,Finland,Northwoods Cranberry Sauce,0,Condiments,40.0,10,0.0,400.0,7,False
10695,1997-10-07,1997-11-18,1997-10-14,16.72,Finland,NAO INFORMADO,WILMK,Wilman Kala,Helsinki,Finland,Queso Manchego La Pastora,0,Dairy Products,38.0,4,0.0,152.0,7,False
10696,1997-10-08,1997-11-19,1997-10-14,102.55,USA,WA,WHITC,White Clover Markets,Seattle,USA,Spegesild,0,Seafood,12.0,18,0.0,216.0,6,False
10697,1997-10-08,1997-11-05,1997-10-14,45.52,Venezuela,Nueva Esparta,LINOD,LINO-Delicateses,I. de Margarita,Venezuela,Teatime Chocolate Biscuits,0,Confections,9.2,7,0.25,48.3,6,False
10697,1997-10-08,1997-11-05,1997-10-14,45.52,Venezuela,Nueva Esparta,LINOD,LINO-Delicateses,I. de Margarita,Venezuela,Steeleye Stout,0,Beverages,18.0,9,0.25,121.5,6,False
10697,1997-10-08,1997-11-05,1997-10-14,45.52,Venezuela,Nueva Esparta,LINOD,LINO-Delicateses,I. de Margarita,Venezuela,Escargots de Bourgogne,0,Seafood,13.25,30,0.25,298.12,6,False
10697,1997-10-08,1997-11-05,1997-10-14,45.52,Venezuela,Nueva Esparta,LINOD,LINO-Delicateses,I. de Margarita,Venezuela,Outback Lager,0,Beverages,15.0,30,0.25,337.5,6,False
10698,1997-10-09,1997-11-06,1997-10-17,272.47,Austria,NAO INFORMADO,ERNSH,Ernst Handel,Graz,Austria,Queso Cabrales,0,Dairy Products,21.0,15,0.0,315.0,8,False
10698,1997-10-09,1997-11-06,1997-10-17,272.47,Austria,NAO INFORMADO,ERNSH,Ernst Handel,Graz,Austria,Louisiana Fiery Hot Pepper Sauce,0,Condiments,21.05,65,0.05,1299.84,8,False
10698,1997-10-09,1997-11-06,1997-10-17,272.47,Austria,NAO INFORMADO,ERNSH,Ernst Handel,Graz,Austria,Outback Lager,0,Beverages,15.0,8,0.05,114.0,8,False
10699,1997-10-09,1997-11-06,1997-10-13,0.58,Germany,NAO INFORMADO,MORGK,Morgenstern Gesundkost,Leipzig,Germany,Zaanse koeken,0,Confections,9.5,12,0.0,114.0,4,False
10700,1997-10-10,1997-11-07,1997-10-16,65.1,USA,ID,SAVEA,Save-a-lot Markets,Boise,USA,Sasquatch Ale,0,Beverages,14.0,12,0.2,134.4,6,False
10700,1997-10-10,1997-11-07,1997-10-16,65.1,USA,ID,SAVEA,Save-a-lot Markets,Boise,USA,Scottish Longbreads,0,Confections,12.5,40,0.2,400.0,6,False
10700,1997-10-10,1997-11-07,1997-10-16,65.1,USA,ID,SAVEA,Save-a-lot Markets,Boise,USA,Flotemysost,0,Dairy Products,21.5,60,0.2,1032.0,6,False
10701,1997-10-13,1997-10-27,1997-10-15,220.31,Ireland,Co. Cork,HUNGO,Hungry Owl All-Night Grocers,Cork,Ireland,Raclette Courdavault,0,Dairy Products,55.0,42,0.15,1963.5,2,False
10701,1997-10-13,1997-10-27,1997-10-15,220.31,Ireland,Co. Cork,HUNGO,Hungry Owl All-Night Grocers,Cork,Ireland,Flotemysost,0,Dairy Products,21.5,20,0.15,365.5,2,False
10701,1997-10-13,1997-10-27,1997-10-15,220.31,Ireland,Co. Cork,HUNGO,Hungry Owl All-Night Grocers,Cork,Ireland,Lakkalikööri,0,Beverages,18.0,35,0.15,535.5,2,False
10702,1997-10-13,1997-11-24,1997-10-21,23.94,Germany,NAO INFORMADO,ALFKI,Alfreds Futterkiste,Berlin,Germany,Aniseed Syrup,0,Condiments,10.0,6,0.0,60.0,8,False
10702,1997-10-13,1997-11-24,1997-10-21,23.94,Germany,NAO INFORMADO,ALFKI,Alfreds Futterkiste,Berlin,Germany,Lakkalikööri,0,Beverages,18.0,15,0.0,270.0,8,False
10703,1997-10-14,1997-11-11,1997-10-20,152.3,Sweden,NAO INFORMADO,FOLKO,Folk och fä HB,Bräcke,Sweden,Raclette Courdavault,0,Dairy Products,55.0,35,0.0,1925.0,6,False
10703,1997-10-14,1997-11-11,1997-10-20,152.3,Sweden,NAO INFORMADO,FOLKO,Folk och fä HB,Bräcke,Sweden,Röd Kaviar,0,Seafood,15.0,35,0.0,525.0,6,False
10704,1997-10-14,1997-11-11,1997-11-07,4.78,Brazil,SP,QUEEN,Queen Cozinha,Sao Paulo,Brazil,Chef Anton's Cajun Seasoning,0,Condiments,22.0,6,0.0,132.0,24,False
10704,1997-10-14,1997-11-11,1997-11-07,4.78,Brazil,SP,QUEEN,Queen Cozinha,Sao Paulo,Brazil,Chocolade,0,Confections,12.75,24,0.0,306.0,24,False
10705,1997-10-15,1997-11-12,1997-11-18,3.52,Venezuela,Táchira,HILAA,HILARION-Abastos,San Cristóbal,Venezuela,Gorgonzola Telino,0,Dairy Products,12.5,20,0.0,250.0,34,True
10705,1997-10-15,1997-11-12,1997-11-18,3.52,Venezuela,Táchira,HILAA,HILARION-Abastos,San Cristóbal,Venezuela,Mascarpone Fabioli,0,Dairy Products,32.0,4,0.0,128.0,34,True
10706,1997-10-16,1997-11-13,1997-10-21,135.63,USA,AK,OLDWO,Old World Delicatessen,Anchorage,USA,Pavlova,0,Confections,17.45,20,0.0,349.0,5,False
10706,1997-10-16,1997-11-13,1997-10-21,135.63,USA,AK,OLDWO,Old World Delicatessen,Anchorage,USA,Ipoh Coffee,0,Beverages,46.0,24,0.0,1104.0,5,False
10706,1997-10-16,1997-11-13,1997-10-21,135.63,USA,AK,OLDWO,Old World Delicatessen,Anchorage,USA,Raclette Courdavault,0,Dairy Products,55.0,8,0.0,440.0,5,False
10707,1997-10-16,1997-10-30,1997-10-23,21.74,UK,Essex,AROUT,Around the Horn,London,UK,Pâté chinois,0,Meat/Poultry,24.0,21,0.0,504.0,7,False
10707,1997-10-16,1997-10-30,1997-10-23,21.74,UK,Essex,AROUT,Around the Horn,London,UK,Ravioli Angelo,0,Grains/Cereals,19.5,40,0.0,780.0,7,False
10707,1997-10-16,1997-10-30,1997-10-23,21.74,UK,Essex,AROUT,Around the Horn,London,UK,Outback Lager,0,Beverages,15.0,28,0.15,357.0,7,False
10708,1997-10-17,1997-11-28,1997-11-05,2.96,USA,OR,THEBI,The Big Cheese,Portland,USA,Inlagd Sill,0,Seafood,19.0,5,0.0,95.0,19,False
10709,1997-10-17,1997-11-14,1997-11-20,210.8,Brazil,SP,GOURL,Gourmet Lanchonetes,Campinas,Brazil,Northwoods Cranberry Sauce,0,Condiments,40.0,40,0.0,1600.0,34,True
10709,1997-10-17,1997-11-14,1997-11-20,210.8,Brazil,SP,GOURL,Gourmet Lanchonetes,Campinas,Brazil,Manjimup Dried Apples,0,Produce,53.0,28,0.0,1484.0,34,True
10709,1997-10-17,1997-11-14,1997-11-20,210.8,Brazil,SP,GOURL,Gourmet Lanchonetes,Campinas,Brazil,Camembert Pierrot,0,Dairy Products,34.0,10,0.0,340.0,34,True
10710,1997-10-20,1997-11-17,1997-10-23,4.98,Italy,NAO INFORMADO,FRANS,Franchi S.p.A.,Torino,Italy,Teatime Chocolate Biscuits,0,Confections,9.2,5,0.0,46.0,3,False
10710,1997-10-20,1997-11-17,1997-10-23,4.98,Italy,NAO INFORMADO,FRANS,Franchi S.p.A.,Torino,Italy,Zaanse koeken,0,Confections,9.5,5,0.0,47.5,3,False
10711,1997-10-21,1997-12-02,1997-10-29,52.41,USA,ID,SAVEA,Save-a-lot Markets,Boise,USA,Teatime Chocolate Biscuits,0,Confections,9.2,12,0.0,110.4,8,False
10711,1997-10-21,1997-12-02,1997-10-29,52.41,USA,ID,SAVEA,Save-a-lot Markets,Boise,USA,Jack's New England Clam Chowder,0,Seafood,9.65,42,0.0,405.3,8,False
10712,1997-10-21,1997-11-18,1997-10-31,89.93,Ireland,Co. Cork,HUNGO,Hungry Owl All-Night Grocers,Cork,Ireland,Gnocchi di nonna Alice,0,Grains/Cereals,38.0,30,0.0,1140.0,10,False
10713,1997-10-22,1997-11-19,1997-10-24,167.05,USA,ID,SAVEA,Save-a-lot Markets,Boise,USA,Ikura,0,Seafood,31.0,18,0.0,558.0,2,False
10713,1997-10-22,1997-11-19,1997-10-24,167.05,USA,ID,SAVEA,Save-a-lot Markets,Boise,USA,Gumbär Gummibärchen,0,Confections,31.23,30,0.0,936.9,2,False
10713,1997-10-22,1997-11-19,1997-10-24,167.05,USA,ID,SAVEA,Save-a-lot Markets,Boise,USA,Rogede sild,0,Seafood,9.5,110,0.0,1045.0,2,False
10713,1997-10-22,1997-11-19,1997-10-24,167.05,USA,ID,SAVEA,Save-a-lot Markets,Boise,USA,Spegesild,0,Seafood,12.0,24,0.0,288.0,2,False
10714,1997-10-22,1997-11-19,1997-10-27,24.49,USA,ID,SAVEA,Save-a-lot Markets,Boise,USA,Zaanse koeken,0,Confections,9.5,50,0.25,356.25,5,False
10714,1997-10-22,1997-11-19,1997-10-27,24.49,USA,ID,SAVEA,Save-a-lot Markets,Boise,USA,Gnocchi di nonna Alice,0,Grains/Cereals,38.0,18,0.25,513.0,5,False
10714,1997-10-22,1997-11-19,1997-10-27,24.49,USA,ID,SAVEA,Save-a-lot Markets,Boise,USA,Escargots de Bourgogne,0,Seafood,13.25,12,0.25,119.25,5,False
10715,1997-10-23,1997-11-06,1997-10-29,63.2,France,NAO INFORMADO,BONAP,Bon app',Marseille,France,Ikura,0,Seafood,31.0,21,0.0,651.0,6,False
10715,1997-10-23,1997-11-06,1997-10-29,63.2,France,NAO INFORMADO,BONAP,Bon app',Marseille,France,Flotemysost,0,Dairy Products,21.5,30,0.0,645.0,6,False
10716,1997-10-24,1997-11-21,1997-10-27,22.57,Argentina,NAO INFORMADO,RANCH,Rancho grande,Buenos Aires,Argentina,Sir Rodney's Scones,0,Confections,10.0,5,0.0,50.0,3,False
10716,1997-10-24,1997-11-21,1997-10-27,22.57,Argentina,NAO INFORMADO,RANCH,Rancho grande,Buenos Aires,Argentina,Manjimup Dried Apples,0,Produce,53.0,7,0.0,371.0,3,False
10716,1997-10-24,1997-11-21,1997-10-27,22.57,Argentina,NAO INFORMADO,RANCH,Rancho grande,Buenos Aires,Argentina,Sirop d'érable,0,Condiments,28.5,10,0.0,285.0,3,False
10717,1997-10-24,1997-11-21,1997-10-29,59.25,Germany,NAO INFORMADO,FRANK,Frankenversand,München,Germany,Sir Rodney's Scones,0,Confections,10.0,32,0.05,304.0,5,False
10717,1997-10-24,1997-11-21,1997-10-29,59.25,Germany,NAO INFORMADO,FRANK,Frankenversand,München,Germany,Tourtière,0,Meat/Poultry,7.45,15,0.0,111.75,5,False
10717,1997-10-24,1997-11-21,1997-10-29,59.25,Germany,NAO INFORMADO,FRANK,Frankenversand,München,Germany,Gudbrandsdalsost,0,Dairy Products,36.0,25,0.05,855.0,5,False
10718,1997-10-27,1997-11-24,1997-10-29,170.88,Germany,NAO INFORMADO,KOENE,Königlich Essen,Brandenburg,Germany,Queso Manchego La Pastora,0,Dairy Products,38.0,36,0.0,1368.0,2,False
10718,1997-10-27,1997-11-24,1997-10-29,170.88,Germany,NAO INFORMADO,KOENE,Königlich Essen,Brandenburg,Germany,Pavlova,0,Confections,17.45,20,0.0,349.0,2,False
10718,1997-10-27,1997-11-24,1997-10-29,170.88,Germany,NAO INFORMADO,KOENE,Königlich Essen,Brandenburg,Germany,Inlagd Sill,0,Seafood,19.0,40,0.0,760.0,2,False
10718,1997-10-27,1997-11-24,1997-10-29,170.88,Germany,NAO INFORMADO,KOENE,Königlich Essen,Brandenburg,Germany,Tarte au sucre,0,Confections,49.3,20,0.0,986.0,2,False
10719,1997-10-27,1997-11-24,1997-11-05,51.44,USA,CA,LETSS,Let's Stop N Shop,San Francisco,USA,Carnarvon Tigers,0,Seafood,62.5,12,0.25,562.5,9,False
10719,1997-10-27,1997-11-24,1997-11-05,51.44,USA,CA,LETSS,Let's Stop N Shop,San Francisco,USA,Nord-Ost Matjeshering,0,Seafood,25.89,3,0.25,58.25,9,False
10719,1997-10-27,1997-11-24,1997-11-05,51.44,USA,CA,LETSS,Let's Stop N Shop,San Francisco,USA,Tourtière,0,Meat/Poultry,7.45,40,0.25,223.5,9,False
10720,1997-10-28,1997-11-11,1997-11-05,9.53,Brazil,RJ,QUEDE,Que Delícia,Rio de Janeiro,Brazil,Steeleye Stout,0,Beverages,18.0,21,0.0,378.0,8,False
10720,1997-10-28,1997-11-11,1997-11-05,9.53,Brazil,RJ,QUEDE,Que Delícia,Rio de Janeiro,Brazil,Flotemysost,0,Dairy Products,21.5,8,0.0,172.0,8,False
10721,1997-10-29,1997-11-26,1997-10-31,48.92,Germany,NAO INFORMADO,QUICK,QUICK-Stop,Cunewalde,Germany,Gula Malacca,0,Condiments,19.45,50,0.05,923.88,2,False
10722,1997-10-29,1997-12-10,1997-11-04,74.58,USA,ID,SAVEA,Save-a-lot Markets,Boise,USA,Gorgonzola Telino,0,Dairy Products,12.5,50,0.0,625.0,6,False
10722,1997-10-29,1997-12-10,1997-11-04,74.58,USA,ID,SAVEA,Save-a-lot Markets,Boise,USA,Scottish Longbreads,0,Confections,12.5,45,0.0,562.5,6,False
10722,1997-10-29,1997-12-10,1997-11-04,74.58,USA,ID,SAVEA,Save-a-lot Markets,Boise,USA,Rhönbräu Klosterbier,0,Beverages,7.75,42,0.0,325.5,6,False
10723,1997-10-30,1997-11-27,1997-11-25,21.72,USA,WA,WHITC,White Clover Markets,Seattle,USA,Gumbär Gummibärchen,0,Confections,31.23,15,0.0,468.45,26,False
10724,1997-10-30,1997-12-11,1997-11-05,57.75,Canada,Québec,MEREP,Mère Paillarde,Montréal,Canada,Ikura,0,Seafood,31.0,16,0.0,496.0,6,False
10724,1997-10-30,1997-12-11,1997-11-05,57.75,Canada,Québec,MEREP,Mère Paillarde,Montréal,Canada,Sirop d'érable,0,Condiments,28.5,5,0.0,142.5,6,False
10725,1997-10-31,1997-11-28,1997-11-05,10.83,Brazil,SP,FAMIA,Familia Arquibaldo,Sao Paulo,Brazil,Jack's New England Clam Chowder,0,Seafood,9.65,12,0.0,115.8,5,False
10725,1997-10-31,1997-11-28,1997-11-05,10.83,Brazil,SP,FAMIA,Familia Arquibaldo,Sao Paulo,Brazil,Filo Mix,0,Grains/Cereals,7.0,4,0.0,28.0,5,False
10725,1997-10-31,1997-11-28,1997-11-05,10.83,Brazil,SP,FAMIA,Familia Arquibaldo,Sao Paulo,Brazil,Pâté chinois,0,Meat/Poultry,24.0,6,0.0,144.0,5,False
10726,1997-11-03,1997-11-17,1997-12-05,16.56,UK,NAO INFORMADO,EASTC,Eastern Connection,London,UK,Chef Anton's Cajun Seasoning,0,Condiments,22.0,25,0.0,550.0,32,True
10726,1997-11-03,1997-11-17,1997-12-05,16.56,UK,NAO INFORMADO,EASTC,Eastern Connection,London,UK,Queso Cabrales,0,Dairy Products,21.0,5,0.0,105.0,32,True
10727,1997-11-03,1997-12-01,1997-12-05,89.9,Italy,NAO INFORMADO,REGGC,Reggiani Caseifici,Reggio Emilia,Italy,Gnocchi di nonna Alice,0,Grains/Cereals,38.0,10,0.05,361.0,32,True
10727,1997-11-03,1997-12-01,1997-12-05,89.9,Italy,NAO INFORMADO,REGGC,Reggiani Caseifici,Reggio Emilia,Italy,Raclette Courdavault,0,Dairy Products,55.0,10,0.05,522.5,32,True
10728,1997-11-04,1997-12-02,1997-11-11,58.33,Brazil,SP,QUEEN,Queen Cozinha,Sao Paulo,Brazil,Nord-Ost Matjeshering,0,Seafood,25.89,15,0.0,388.35,7,False
10728,1997-11-04,1997-12-02,1997-11-11,58.33,Brazil,SP,QUEEN,Queen Cozinha,Sao Paulo,Brazil,Boston Crab Meat,0,Seafood,18.4,6,0.0,110.4,7,False
10728,1997-11-04,1997-12-02,1997-11-11,58.33,Brazil,SP,QUEEN,Queen Cozinha,Sao Paulo,Brazil,Pâté chinois,0,Meat/Poultry,24.0,12,0.0,288.0,7,False
10728,1997-11-04,1997-12-02,1997-11-11,58.33,Brazil,SP,QUEEN,Queen Cozinha,Sao Paulo,Brazil,Camembert Pierrot,0,Dairy Products,34.0,15,0.0,510.0,7,False
10729,1997-11-04,1997-12-16,1997-11-14,141.06,Venezuela,Nueva Esparta,LINOD,LINO-Delicateses,I. de Margarita,Venezuela,Sir Rodney's Scones,0,Confections,10.0,30,0.0,300.0,10,False
10729,1997-11-04,1997-12-16,1997-11-14,141.06,Venezuela,Nueva Esparta,LINOD,LINO-Delicateses,I. de Margarita,Venezuela,Valkoinen suklaa,0,Confections,16.25,40,0.0,650.0,10,False
10730,1997-11-05,1997-12-03,1997-11-14,20.12,France,NAO INFORMADO,BONAP,Bon app',Marseille,France,Pavlova,0,Confections,17.45,15,0.05,248.66,9,False
10730,1997-11-05,1997-12-03,1997-11-14,20.12,France,NAO INFORMADO,BONAP,Bon app',Marseille,France,Gorgonzola Telino,0,Dairy Products,12.5,3,0.05,35.62,9,False
10730,1997-11-05,1997-12-03,1997-11-14,20.12,France,NAO INFORMADO,BONAP,Bon app',Marseille,France,Louisiana Fiery Hot Pepper Sauce,0,Condiments,21.05,10,0.05,199.98,9,False
10731,1997-11-06,1997-12-04,1997-11-14,96.65,Switzerland,NAO INFORMADO,CHOPS,Chop-suey Chinese,Bern,Switzerland,Sir Rodney's Scones,0,Confections,10.0,40,0.05,380.0,8,False
10731,1997-11-06,1997-12-04,1997-11-14,96.65,Switzerland,NAO INFORMADO,CHOPS,Chop-suey Chinese,Bern,Switzerland,Manjimup Dried Apples,0,Produce,53.0,30,0.05,1510.5,8,False
10732,1997-11-06,1997-12-04,1997-11-07,16.97,France,NAO INFORMADO,BONAP,Bon app',Marseille,France,Lakkalikööri,0,Beverages,18.0,20,0.0,360.0,1,False
10733,1997-11-07,1997-12-05,1997-11-10,110.11,Sweden,NAO INFORMADO,BERGS,Berglunds snabbköp,Luleå,Sweden,Tofu,0,Produce,23.25,16,0.0,372.0,3,False
10733,1997-11-07,1997-12-05,1997-11-10,110.11,Sweden,NAO INFORMADO,BERGS,Berglunds snabbköp,Luleå,Sweden,Filo Mix,0,Grains/Cereals,7.0,25,0.0,175.0,3,False
10734,1997-11-07,1997-12-05,1997-11-12,1.63,Brazil,SP,GOURL,Gourmet Lanchonetes,Campinas,Brazil,Grandma's Boysenberry Spread,0,Condiments,25.0,30,0.0,750.0,5,False
10734,1997-11-07,1997-12-05,1997-11-12,1.63,Brazil,SP,GOURL,Gourmet Lanchonetes,Campinas,Brazil,Nord-Ost Matjeshering,0,Seafood,25.89,15,0.0,388.35,5,False
10734,1997-11-07,1997-12-05,1997-11-12,1.63,Brazil,SP,GOURL,Gourmet Lanchonetes,Campinas,Brazil,Lakkalikööri,0,Beverages,18.0,20,0.0,360.0,5,False
10735,1997-11-10,1997-12-08,1997-11-21,45.97,USA,CA,LETSS,Let's Stop N Shop,San Francisco,USA,Sirop d'érable,0,Condiments,28.5,20,0.1,513.0,11,False
10735,1997-11-10,1997-12-08,1997-11-21,45.97,USA,CA,LETSS,Let's Stop N Shop,San Francisco,USA,Original Frankfurter grüne Soße,0,Condiments,13.0,2,0.1,23.4,11,False
10736,1997-11-11,1997-12-09,1997-11-21,44.1,Ireland,Co. Cork,HUNGO,Hungry Owl All-Night Grocers,Cork,Ireland,Louisiana Fiery Hot Pepper Sauce,0,Condiments,21.05,40,0.0,842.0,10,False
10736,1997-11-11,1997-12-09,1997-11-21,44.1,Ireland,Co. Cork,HUNGO,Hungry Owl All-Night Grocers,Cork,Ireland,Rhönbräu Klosterbier,0,Beverages,7.75,20,0.0,155.0,10,False
10737,1997-11-11,1997-12-09,1997-11-18,7.79,France,NAO INFORMADO,VINET,Vins et alcools Chevalier,Reims,France,Konbu,0,Seafood,6.0,4,0.0,24.0,7,False
10737,1997-11-11,1997-12-09,1997-11-18,7.79,France,NAO INFORMADO,VINET,Vins et alcools Chevalier,Reims,France,Jack's New England Clam Chowder,0,Seafood,9.65,12,0.0,115.8,7,False
10738,1997-11-12,1997-12-10,1997-11-18,2.91,France,NAO INFORMADO,SPECD,Spécialités du monde,Paris,France,Pavlova,0,Confections,17.45,3,0.0,52.35,6,False
10739,1997-11-12,1997-12-10,1997-11-17,11.08,France,NAO INFORMADO,VINET,Vins et alcools Chevalier,Reims,France,Inlagd Sill,0,Seafood,19.0,6,0.0,114.0,5,False
10739,1997-11-12,1997-12-10,1997-11-17,11.08,France,NAO INFORMADO,VINET,Vins et alcools Chevalier,Reims,France,Filo Mix,0,Grains/Cereals,7.0,18,0.0,126.0,5,False
10740,1997-11-13,1997-12-11,1997-11-25,81.88,USA,WA,WHITC,White Clover Markets,Seattle,USA,Steeleye Stout,0,Beverages,18.0,35,0.2,504.0,12,False
10740,1997-11-13,1997-12-11,1997-11-25,81.88,USA,WA,WHITC,White Clover Markets,Seattle,USA,Rogede sild,0,Seafood,9.5,40,0.2,304.0,12,False
10740,1997-11-13,1997-12-11,1997-11-25,81.88,USA,WA,WHITC,White Clover Markets,Seattle,USA,Gnocchi di nonna Alice,0,Grains/Cereals,38.0,14,0.2,425.6,12,False
10742,1997-11-14,1997-12-12,1997-11-18,243.73,Canada,BC,BOTTM,Bottom-Dollar Markets,Tsawassen,Canada,Aniseed Syrup,0,Condiments,10.0,20,0.0,200.0,4,False
10742,1997-11-14,1997-12-12,1997-11-18,243.73,Canada,BC,BOTTM,Bottom-Dollar Markets,Tsawassen,Canada,Camembert Pierrot,0,Dairy Products,34.0,50,0.0,1700.0,4,False
10742,1997-11-14,1997-12-12,1997-11-18,243.73,Canada,BC,BOTTM,Bottom-Dollar Markets,Tsawassen,Canada,Mozzarella di Giovanni,0,Dairy Products,34.8,35,0.0,1218.0,4,False
10743,1997-11-17,1997-12-15,1997-11-21,23.72,UK,Essex,AROUT,Around the Horn,London,UK,Spegesild,0,Seafood,12.0,28,0.05,319.2,4,False
10744,1997-11-17,1997-12-15,1997-11-24,69.19,Denmark,NAO INFORMADO,VAFFE,Vaffeljernet,Århus,Denmark,Boston Crab Meat,0,Seafood,18.4,50,0.2,736.0,7,False
10745,1997-11-18,1997-12-16,1997-11-27,3.52,Germany,NAO INFORMADO,QUICK,QUICK-Stop,Cunewalde,Germany,Carnarvon Tigers,0,Seafood,62.5,24,0.0,1500.0,9,False
10745,1997-11-18,1997-12-16,1997-11-27,3.52,Germany,NAO INFORMADO,QUICK,QUICK-Stop,Cunewalde,Germany,Gula Malacca,0,Condiments,19.45,16,0.0,311.2,9,False
10745,1997-11-18,1997-12-16,1997-11-27,3.52,Germany,NAO INFORMADO,QUICK,QUICK-Stop,Cunewalde,Germany,Raclette Courdavault,0,Dairy Products,55.0,45,0.0,2475.0,9,False
10745,1997-11-18,1997-12-16,1997-11-27,3.52,Germany,NAO INFORMADO,QUICK,QUICK-Stop,Cunewalde,Germany,Mozzarella di Giovanni,0,Dairy Products,34.8,7,0.0,243.6,9,False
10746,1997-11-19,1997-12-17,1997-11-21,31.43,Switzerland,NAO INFORMADO,CHOPS,Chop-suey Chinese,Bern,Switzerland,Konbu,0,Seafood,6.0,6,0.0,36.0,2,False
10746,1997-11-19,1997-12-17,1997-11-21,31.43,Switzerland,NAO INFORMADO,CHOPS,Chop-suey Chinese,Bern,Switzerland,Tarte au sucre,0,Confections,49.3,9,0.0,443.7,2,False
10746,1997-11-19,1997-12-17,1997-11-21,31.43,Switzerland,NAO INFORMADO,CHOPS,Chop-suey Chinese,Bern,Switzerland,Gudbrandsdalsost,0,Dairy Products,36.0,40,0.0,1440.0,2,False
10747,1997-11-19,1997-12-17,1997-11-26,117.33,Austria,NAO INFORMADO,PICCO,Piccolo und mehr,Salzburg,Austria,Gorgonzola Telino,0,Dairy Products,12.5,8,0.0,100.0,7,False
10747,1997-11-19,1997-12-17,1997-11-26,117.33,Austria,NAO INFORMADO,PICCO,Piccolo und mehr,Salzburg,Austria,Jack's New England Clam Chowder,0,Seafood,9.65,35,0.0,337.75,7,False
10747,1997-11-19,1997-12-17,1997-11-26,117.33,Austria,NAO INFORMADO,PICCO,Piccolo und mehr,Salzburg,Austria,Vegie-spread,0,Condiments,43.9,9,0.0,395.1,7,False
10747,1997-11-19,1997-12-17,1997-11-26,117.33,Austria,NAO INFORMADO,PICCO,Piccolo und mehr,Salzburg,Austria,Gudbrandsdalsost,0,Dairy Products,36.0,30,0.0,1080.0,7,False
10748,1997-11-20,1997-12-18,1997-11-28,232.55,USA,ID,SAVEA,Save-a-lot Markets,Boise,USA,Tunnbröd,0,Grains/Cereals,9.0,44,0.0,396.0,8,False
10748,1997-11-20,1997-12-18,1997-11-28,232.55,USA,ID,SAVEA,Save-a-lot Markets,Boise,USA,Boston Crab Meat,0,Seafood,18.4,40,0.0,736.0,8,False
10748,1997-11-20,1997-12-18,1997-11-28,232.55,USA,ID,SAVEA,Save-a-lot Markets,Boise,USA,Gnocchi di nonna Alice,0,Grains/Cereals,38.0,28,0.0,1064.0,8,False
10749,1997-11-20,1997-12-18,1997-12-19,61.53,UK,Isle of Wight,ISLAT,Island Trading,Cowes,UK,Gnocchi di nonna Alice,0,Grains/Cereals,38.0,15,0.0,570.0,29,True
10749,1997-11-20,1997-12-18,1997-12-19,61.53,UK,Isle of Wight,ISLAT,Island Trading,Cowes,UK,Raclette Courdavault,0,Dairy Products,55.0,6,0.0,330.0,29,True
10749,1997-11-20,1997-12-18,1997-12-19,61.53,UK,Isle of Wight,ISLAT,Island Trading,Cowes,UK,Lakkalikööri,0,Beverages,18.0,10,0.0,180.0,29,True
10750,1997-11-21,1997-12-19,1997-11-24,79.3,Finland,NAO INFORMADO,WARTH,Wartian Herkku,Oulu,Finland,Tofu,0,Produce,23.25,5,0.15,98.81,3,False
10750,1997-11-21,1997-12-19,1997-11-24,79.3,Finland,NAO INFORMADO,WARTH,Wartian Herkku,Oulu,Finland,Rogede sild,0,Seafood,9.5,40,0.15,323.0,3,False
10750,1997-11-21,1997-12-19,1997-11-24,79.3,Finland,NAO INFORMADO,WARTH,Wartian Herkku,Oulu,Finland,Raclette Courdavault,0,Dairy Products,55.0,25,0.15,1168.75,3,False
10751,1997-11-24,1997-12-22,1997-12-03,130.79,Switzerland,NAO INFORMADO,RICSU,Richter Supermarkt,Genève,Switzerland,Gumbär Gummibärchen,0,Confections,31.23,12,0.1,337.28,9,False
10751,1997-11-24,1997-12-22,1997-12-03,130.79,Switzerland,NAO INFORMADO,RICSU,Richter Supermarkt,Genève,Switzerland,Nord-Ost Matjeshering,0,Seafood,25.89,30,0.0,776.7,9,False
10751,1997-11-24,1997-12-22,1997-12-03,130.79,Switzerland,NAO INFORMADO,RICSU,Richter Supermarkt,Genève,Switzerland,Valkoinen suklaa,0,Confections,16.25,20,0.1,292.5,9,False
10751,1997-11-24,1997-12-22,1997-12-03,130.79,Switzerland,NAO INFORMADO,RICSU,Richter Supermarkt,Genève,Switzerland,Röd Kaviar,0,Seafood,15.0,15,0.0,225.0,9,False
10752,1997-11-24,1997-12-22,1997-11-28,1.39,UK,NAO INFORMADO,NORTS,North/South,London,UK,Gudbrandsdalsost,0,Dairy Products,36.0,3,0.0,108.0,4,False
10753,1997-11-25,1997-12-23,1997-11-27,7.7,Italy,NAO INFORMADO,FRANS,Franchi S.p.A.,Torino,Italy,Rogede sild,0,Seafood,9.5,4,0.0,38.0,2,False
10753,1997-11-25,1997-12-23,1997-11-27,7.7,Italy,NAO INFORMADO,FRANS,Franchi S.p.A.,Torino,Italy,Longlife Tofu,0,Produce,10.0,5,0.0,50.0,2,False
10754,1997-11-25,1997-12-23,1997-11-27,2.38,Italy,NAO INFORMADO,MAGAA,Magazzini Alimentari Riuniti,Bergamo,Italy,Boston Crab Meat,0,Seafood,18.4,3,0.0,55.2,2,False
10755,1997-11-26,1997-12-24,1997-11-28,16.71,France,NAO INFORMADO,BONAP,Bon app',Marseille,France,Zaanse koeken,0,Confections,9.5,30,0.25,213.75,2,False
10755,1997-11-26,1997-12-24,1997-11-28,16.71,France,NAO INFORMADO,BONAP,Bon app',Marseille,France,Gnocchi di nonna Alice,0,Grains/Cereals,38.0,30,0.25,855.0,2,False
10755,1997-11-26,1997-12-24,1997-11-28,16.71,France,NAO INFORMADO,BONAP,Bon app',Marseille,France,Ravioli Angelo,0,Grains/Cereals,19.5,14,0.25,204.75,2,False
10755,1997-11-26,1997-12-24,1997-11-28,16.71,France,NAO INFORMADO,BONAP,Bon app',Marseille,France,Gudbrandsdalsost,0,Dairy Products,36.0,25,0.25,675.0,2,False
10756,1997-11-27,1997-12-25,1997-12-02,73.21,USA,WY,SPLIR,Split Rail Beer & Ale,Lander,USA,Carnarvon Tigers,0,Seafood,62.5,21,0.2,1050.0,5,False
10756,1997-11-27,1997-12-25,1997-12-02,73.21,USA,WY,SPLIR,Split Rail Beer & Ale,Lander,USA,Inlagd Sill,0,Seafood,19.0,20,0.2,304.0,5,False
10756,1997-11-27,1997-12-25,1997-12-02,73.21,USA,WY,SPLIR,Split Rail Beer & Ale,Lander,USA,Scottish Longbreads,0,Confections,12.5,6,0.2,60.0,5,False
10756,1997-11-27,1997-12-25,1997-12-02,73.21,USA,WY,SPLIR,Split Rail Beer & Ale,Lander,USA,Gudbrandsdalsost,0,Dairy Products,36.0,20,0.2,576.0,5,False
10757,1997-11-27,1997-12-25,1997-12-15,8.19,USA,ID,SAVEA,Save-a-lot Markets,Boise,USA,Sasquatch Ale,0,Beverages,14.0,30,0.0,420.0,18,False
10757,1997-11-27,1997-12-25,1997-12-15,8.19,USA,ID,SAVEA,Save-a-lot Markets,Boise,USA,Raclette Courdavault,0,Dairy Products,55.0,7,0.0,385.0,18,False
10757,1997-11-27,1997-12-25,1997-12-15,8.19,USA,ID,SAVEA,Save-a-lot Markets,Boise,USA,Tarte au sucre,0,Confections,49.3,30,0.0,1479.0,18,False
10757,1997-11-27,1997-12-25,1997-12-15,8.19,USA,ID,SAVEA,Save-a-lot Markets,Boise,USA,Wimmers gute Semmelknödel,0,Grains/Cereals,33.25,24,0.0,798.0,18,False
10758,1997-11-28,1997-12-26,1997-12-04,138.17,Switzerland,NAO INFORMADO,RICSU,Richter Supermarkt,Genève,Switzerland,Gumbär Gummibärchen,0,Confections,31.23,20,0.0,624.6,6,False
10758,1997-11-28,1997-12-26,1997-12-04,138.17,Switzerland,NAO INFORMADO,RICSU,Richter Supermarkt,Genève,Switzerland,Filo Mix,0,Grains/Cereals,7.0,60,0.0,420.0,6,False
10758,1997-11-28,1997-12-26,1997-12-04,138.17,Switzerland,NAO INFORMADO,RICSU,Richter Supermarkt,Genève,Switzerland,Outback Lager,0,Beverages,15.0,40,0.0,600.0,6,False
10759,1997-11-28,1997-12-26,1997-12-12,11.99,Mexico,NAO INFORMADO,ANATR,Ana Trujillo Emparedados y helados,México D.F.,Mexico,Mascarpone Fabioli,0,Dairy Products,32.0,10,0.0,320.0,14,False
10760,1997-12-01,1997-12-29,1997-12-10,155.64,Belgium,NAO INFORMADO,MAISD,Maison Dewey,Bruxelles,Belgium,NuNuCa Nuß-Nougat-Creme,0,Confections,14.0,12,0.25,126.0,9,False
10760,1997-12-01,1997-12-29,1997-12-10,155.64,Belgium,NAO INFORMADO,MAISD,Maison Dewey,Bruxelles,Belgium,Schoggi Schokolade,0,Confections,43.9,40,0.0,1756.0,9,False
10760,1997-12-01,1997-12-29,1997-12-10,155.64,Belgium,NAO INFORMADO,MAISD,Maison Dewey,Bruxelles,Belgium,Ipoh Coffee,0,Beverages,46.0,30,0.25,1035.0,9,False
10761,1997-12-02,1997-12-30,1997-12-08,18.66,USA,NM,RATTC,Rattlesnake Canyon Grocery,Albuquerque,USA,NuNuCa Nuß-Nougat-Creme,0,Confections,14.0,35,0.25,367.5,6,False
10761,1997-12-02,1997-12-30,1997-12-08,18.66,USA,NM,RATTC,Rattlesnake Canyon Grocery,Albuquerque,USA,Rhönbräu Klosterbier,0,Beverages,7.75,18,0.0,139.5,6,False
10762,1997-12-02,1997-12-30,1997-12-09,328.74,Sweden,NAO INFORMADO,FOLKO,Folk och fä HB,Bräcke,Sweden,Chartreuse verte,0,Beverages,18.0,16,0.0,288.0,7,False
10762,1997-12-02,1997-12-30,1997-12-09,328.74,Sweden,NAO INFORMADO,FOLKO,Folk och fä HB,Bräcke,Sweden,Zaanse koeken,0,Confections,9.5,30,0.0,285.0,7,False
10762,1997-12-02,1997-12-30,1997-12-09,328.74,Sweden,NAO INFORMADO,FOLKO,Folk och fä HB,Bräcke,Sweden,Manjimup Dried Apples,0,Produce,53.0,28,0.0,1484.0,7,False
10762,1997-12-02,1997-12-30,1997-12-09,328.74,Sweden,NAO INFORMADO,FOLKO,Folk och fä HB,Bräcke,Sweden,Gnocchi di nonna Alice,0,Grains/Cereals,38.0,60,0.0,2280.0,7,False
10763,1997-12-03,1997-12-31,1997-12-08,37.35,France,NAO INFORMADO,FOLIG,Folies gourmandes,Lille,France,Sir Rodney's Scones,0,Confections,10.0,40,0.0,400.0,5,False
10763,1997-12-03,1997-12-31,1997-12-08,37.35,France,NAO INFORMADO,FOLIG,Folies gourmandes,Lille,France,Gustaf's Knäckebröd,0,Grains/Cereals,21.0,6,0.0,126.0,5,False
10764,1997-12-03,1997-12-31,1997-12-08,145.45,Austria,NAO INFORMADO,ERNSH,Ernst Handel,Graz,Austria,Aniseed Syrup,0,Condiments,10.0,20,0.1,180.0,5,False
10764,1997-12-03,1997-12-31,1997-12-08,145.45,Austria,NAO INFORMADO,ERNSH,Ernst Handel,Graz,Austria,Chartreuse verte,0,Beverages,18.0,130,0.1,2106.0,5,False
10765,1997-12-04,1998-01-01,1997-12-09,42.74,Germany,NAO INFORMADO,QUICK,QUICK-Stop,Cunewalde,Germany,Louisiana Fiery Hot Pepper Sauce,0,Condiments,21.05,80,0.1,1515.6,5,False
10766,1997-12-05,1998-01-02,1997-12-09,157.55,Germany,NAO INFORMADO,OTTIK,Ottilies Käseladen,Köln,Germany,Uncle Bob's Organic Dried Pears,0,Produce,30.0,35,0.0,1050.0,4,False
10766,1997-12-05,1998-01-02,1997-12-09,157.55,Germany,NAO INFORMADO,OTTIK,Ottilies Käseladen,Köln,Germany,Scottish Longbreads,0,Confections,12.5,40,0.0,500.0,4,False
10768,1997-12-08,1998-01-05,1997-12-15,146.32,UK,Essex,AROUT,Around the Horn,London,UK,Gustaf's Knäckebröd,0,Grains/Cereals,21.0,4,0.0,84.0,7,False
10768,1997-12-08,1998-01-05,1997-12-15,146.32,UK,Essex,AROUT,Around the Horn,London,UK,Gorgonzola Telino,0,Dairy Products,12.5,50,0.0,625.0,7,False
10768,1997-12-08,1998-01-05,1997-12-15,146.32,UK,Essex,AROUT,Around the Horn,London,UK,Camembert Pierrot,0,Dairy Products,34.0,15,0.0,510.0,7,False
10768,1997-12-08,1998-01-05,1997-12-15,146.32,UK,Essex,AROUT,Around the Horn,London,UK,Flotemysost,0,Dairy Products,21.5,12,0.0,258.0,7,False
10769,1997-12-08,1998-01-05,1997-12-12,65.06,Denmark,NAO INFORMADO,VAFFE,Vaffeljernet,Århus,Denmark,Jack's New England Clam Chowder,0,Seafood,9.65,30,0.05,275.02,4,False
10769,1997-12-08,1998-01-05,1997-12-12,65.06,Denmark,NAO INFORMADO,VAFFE,Vaffeljernet,Århus,Denmark,Filo Mix,0,Grains/Cereals,7.0,15,0.05,99.75,4,False
10769,1997-12-08,1998-01-05,1997-12-12,65.06,Denmark,NAO INFORMADO,VAFFE,Vaffeljernet,Århus,Denmark,Sirop d'érable,0,Condiments,28.5,20,0.0,570.0,4,False
10769,1997-12-08,1998-01-05,1997-12-12,65.06,Denmark,NAO INFORMADO,VAFFE,Vaffeljernet,Århus,Denmark,Tarte au sucre,0,Confections,49.3,15,0.0,739.5,4,False
10770,1997-12-09,1998-01-06,1997-12-17,5.32,Brazil,RJ,HANAR,Hanari Carnes,Rio de Janeiro,Brazil,Queso Cabrales,0,Dairy Products,21.0,15,0.25,236.25,8,False
10771,1997-12-10,1998-01-07,1998-01-02,11.19,Austria,NAO INFORMADO,ERNSH,Ernst Handel,Graz,Austria,Flotemysost,0,Dairy Products,21.5,16,0.0,344.0,23,False
10772,1997-12-10,1998-01-07,1997-12-19,91.28,Germany,NAO INFORMADO,LEHMS,Lehmanns Marktstand,Frankfurt a.M.,Germany,Raclette Courdavault,0,Dairy Products,55.0,25,0.0,1375.0,9,False
10773,1997-12-11,1998-01-08,1997-12-16,96.43,Austria,NAO INFORMADO,ERNSH,Ernst Handel,Graz,Austria,Gorgonzola Telino,0,Dairy Products,12.5,70,0.2,700.0,5,False
10773,1997-12-11,1998-01-08,1997-12-16,96.43,Austria,NAO INFORMADO,ERNSH,Ernst Handel,Graz,Austria,Rhönbräu Klosterbier,0,Beverages,7.75,7,0.2,43.4,5,False
10774,1997-12-11,1997-12-25,1997-12-12,48.2,Sweden,NAO INFORMADO,FOLKO,Folk och fä HB,Bräcke,Sweden,Gorgonzola Telino,0,Dairy Products,12.5,2,0.25,18.75,1,False
10774,1997-12-11,1997-12-25,1997-12-12,48.2,Sweden,NAO INFORMADO,FOLKO,Folk och fä HB,Bräcke,Sweden,Louisiana Hot Spiced Okra,0,Condiments,17.0,50,0.0,850.0,1,False
10775,1997-12-12,1998-01-09,1997-12-26,20.25,USA,MT,THECR,The Cracker Box,Butte,USA,Ikura,0,Seafood,31.0,6,0.0,186.0,14,False
10775,1997-12-12,1998-01-09,1997-12-26,20.25,USA,MT,THECR,The Cracker Box,Butte,USA,Laughing Lumberjack Lager,0,Beverages,14.0,3,0.0,42.0,14,False
10776,1997-12-15,1998-01-12,1997-12-18,351.53,Austria,NAO INFORMADO,ERNSH,Ernst Handel,Graz,Austria,Gorgonzola Telino,0,Dairy Products,12.5,16,0.05,190.0,3,False
10776,1997-12-15,1998-01-12,1997-12-18,351.53,Austria,NAO INFORMADO,ERNSH,Ernst Handel,Graz,Austria,Rogede sild,0,Seafood,9.5,27,0.05,243.68,3,False
10776,1997-12-15,1998-01-12,1997-12-18,351.53,Austria,NAO INFORMADO,ERNSH,Ernst Handel,Graz,Austria,Manjimup Dried Apples,0,Produce,53.0,120,0.05,6042.0,3,False
10778,1997-12-16,1998-01-13,1997-12-24,6.79,Sweden,NAO INFORMADO,BERGS,Berglunds snabbköp,Luleå,Sweden,Jack's New England Clam Chowder,0,Seafood,9.65,10,0.0,96.5,8,False
10779,1997-12-16,1998-01-13,1998-01-14,58.13,Germany,NAO INFORMADO,MORGK,Morgenstern Gesundkost,Leipzig,Germany,Pavlova,0,Confections,17.45,20,0.0,349.0,29,True
10779,1997-12-16,1998-01-13,1998-01-14,58.13,Germany,NAO INFORMADO,MORGK,Morgenstern Gesundkost,Leipzig,Germany,Tarte au sucre,0,Confections,49.3,20,0.0,986.0,29,True
10780,1997-12-16,1997-12-30,1997-12-25,42.13,Venezuela,Lara,LILAS,LILA-Supermercado,Barquisimeto,Venezuela,Outback Lager,0,Beverages,15.0,35,0.0,525.0,9,False
10780,1997-12-16,1997-12-30,1997-12-25,42.13,Venezuela,Lara,LILAS,LILA-Supermercado,Barquisimeto,Venezuela,Original Frankfurter grüne Soße,0,Condiments,13.0,15,0.0,195.0,9,False
10781,1997-12-17,1998-01-14,1997-12-19,73.16,Finland,NAO INFORMADO,WARTH,Wartian Herkku,Oulu,Finland,Tourtière,0,Meat/Poultry,7.45,3,0.2,17.88,2,False
10781,1997-12-17,1998-01-14,1997-12-19,73.16,Finland,NAO INFORMADO,WARTH,Wartian Herkku,Oulu,Finland,Gnocchi di nonna Alice,0,Grains/Cereals,38.0,20,0.2,608.0,2,False
10781,1997-12-17,1998-01-14,1997-12-19,73.16,Finland,NAO INFORMADO,WARTH,Wartian Herkku,Oulu,Finland,Longlife Tofu,0,Produce,10.0,35,0.0,350.0,2,False
10782,1997-12-17,1998-01-14,1997-12-22,1.1,Argentina,NAO INFORMADO,CACTU,Cactus Comidas para llevar,Buenos Aires,Argentina,Gorgonzola Telino,0,Dairy Products,12.5,1,0.0,12.5,5,False
10783,1997-12-18,1998-01-15,1997-12-19,124.98,Brazil,RJ,HANAR,Hanari Carnes,Rio de Janeiro,Brazil,Gorgonzola Telino,0,Dairy Products,12.5,10,0.0,125.0,1,False
10783,1997-12-18,1998-01-15,1997-12-19,124.98,Brazil,RJ,HANAR,Hanari Carnes,Rio de Janeiro,Brazil,Côte de Blaye,0,Beverages,263.5,5,0.0,1317.5,1,False
10784,1997-12-18,1998-01-15,1997-12-22,70.09,Italy,NAO INFORMADO,MAGAA,Magazzini Alimentari Riuniti,Bergamo,Italy,Inlagd Sill,0,Seafood,19.0,30,0.0,570.0,4,False
10784,1997-12-18,1998-01-15,1997-12-22,70.09,Italy,NAO INFORMADO,MAGAA,Magazzini Alimentari Riuniti,Bergamo,Italy,Chartreuse verte,0,Beverages,18.0,2,0.15,30.6,4,False
10784,1997-12-18,1998-01-15,1997-12-22,70.09,Italy,NAO INFORMADO,MAGAA,Magazzini Alimentari Riuniti,Bergamo,Italy,Mozzarella di Giovanni,0,Dairy Products,34.8,30,0.15,887.4,4,False
10785,1997-12-18,1998-01-15,1997-12-24,1.51,Venezuela,DF,GROSR,GROSELLA-Restaurante,Caracas,Venezuela,Ikura,0,Seafood,31.0,10,0.0,310.0,6,False
10785,1997-12-18,1998-01-15,1997-12-24,1.51,Venezuela,DF,GROSR,GROSELLA-Restaurante,Caracas,Venezuela,Rhönbräu Klosterbier,0,Beverages,7.75,10,0.0,77.5,6,False
10786,1997-12-19,1998-01-16,1997-12-23,110.87,Brazil,SP,QUEEN,Queen Cozinha,Sao Paulo,Brazil,Northwoods Cranberry Sauce,0,Condiments,40.0,30,0.2,960.0,4,False
10786,1997-12-19,1998-01-16,1997-12-23,110.87,Brazil,SP,QUEEN,Queen Cozinha,Sao Paulo,Brazil,Nord-Ost Matjeshering,0,Seafood,25.89,15,0.2,310.68,4,False
10786,1997-12-19,1998-01-16,1997-12-23,110.87,Brazil,SP,QUEEN,Queen Cozinha,Sao Paulo,Brazil,Rhönbräu Klosterbier,0,Beverages,7.75,42,0.2,260.4,4,False
10788,1997-12-22,1998-01-19,1998-01-19,42.7,Germany,NAO INFORMADO,QUICK,QUICK-Stop,Cunewalde,Germany,Teatime Chocolate Biscuits,0,Confections,9.2,50,0.05,437.0,28,False
10788,1997-12-22,1998-01-19,1998-01-19,42.7,Germany,NAO INFORMADO,QUICK,QUICK-Stop,Cunewalde,Germany,Rhönbräu Klosterbier,0,Beverages,7.75,40,0.05,294.5,28,False
10789,1997-12-22,1998-01-19,1997-12-31,100.6,France,NAO INFORMADO,FOLIG,Folies gourmandes,Lille,France,Carnarvon Tigers,0,Seafood,62.5,30,0.0,1875.0,9,False
10789,1997-12-22,1998-01-19,1997-12-31,100.6,France,NAO INFORMADO,FOLIG,Folies gourmandes,Lille,France,Steeleye Stout,0,Beverages,18.0,15,0.0,270.0,9,False
10789,1997-12-22,1998-01-19,1997-12-31,100.6,France,NAO INFORMADO,FOLIG,Folies gourmandes,Lille,France,Vegie-spread,0,Condiments,43.9,30,0.0,1317.0,9,False
10789,1997-12-22,1998-01-19,1997-12-31,100.6,France,NAO INFORMADO,FOLIG,Folies gourmandes,Lille,France,Scottish Longbreads,0,Confections,12.5,18,0.0,225.0,9,False
10790,1997-12-22,1998-01-19,1997-12-26,28.23,Brazil,SP,GOURL,Gourmet Lanchonetes,Campinas,Brazil,Uncle Bob's Organic Dried Pears,0,Produce,30.0,3,0.15,76.5,4,False
10790,1997-12-22,1998-01-19,1997-12-26,28.23,Brazil,SP,GOURL,Gourmet Lanchonetes,Campinas,Brazil,Gnocchi di nonna Alice,0,Grains/Cereals,38.0,20,0.15,646.0,4,False
10791,1997-12-23,1998-01-20,1998-01-01,16.85,Germany,NAO INFORMADO,FRANK,Frankenversand,München,Germany,Jack's New England Clam Chowder,0,Seafood,9.65,20,0.05,183.35,9,False
10792,1997-12-23,1998-01-20,1997-12-31,23.79,Poland,NAO INFORMADO,WOLZA,Wolski  Zajazd,Warszawa,Poland,Tourtière,0,Meat/Poultry,7.45,3,0.0,22.35,8,False
10792,1997-12-23,1998-01-20,1997-12-31,23.79,Poland,NAO INFORMADO,WOLZA,Wolski  Zajazd,Warszawa,Poland,Scottish Longbreads,0,Confections,12.5,15,0.0,187.5,8,False
10793,1997-12-24,1998-01-21,1998-01-08,4.52,UK,Essex,AROUT,Around the Horn,London,UK,Jack's New England Clam Chowder,0,Seafood,9.65,14,0.0,135.1,15,False
10793,1997-12-24,1998-01-21,1998-01-08,4.52,UK,Essex,AROUT,Around the Horn,London,UK,Filo Mix,0,Grains/Cereals,7.0,8,0.0,56.0,15,False
10794,1997-12-24,1998-01-21,1998-01-02,21.49,Brazil,RJ,QUEDE,Que Delícia,Rio de Janeiro,Brazil,Tofu,0,Produce,23.25,15,0.2,279.0,9,False
10794,1997-12-24,1998-01-21,1998-01-02,21.49,Brazil,RJ,QUEDE,Que Delícia,Rio de Janeiro,Brazil,Tourtière,0,Meat/Poultry,7.45,6,0.2,35.76,9,False
10795,1997-12-24,1998-01-21,1998-01-20,126.66,Austria,NAO INFORMADO,ERNSH,Ernst Handel,Graz,Austria,Pavlova,0,Confections,17.45,65,0.0,1134.25,27,False
10796,1997-12-25,1998-01-22,1998-01-14,26.52,Venezuela,Táchira,HILAA,HILARION-Abastos,San Cristóbal,Venezuela,Gumbär Gummibärchen,0,Confections,31.23,21,0.2,524.66,20,False
10796,1997-12-25,1998-01-22,1998-01-14,26.52,Venezuela,Táchira,HILAA,HILARION-Abastos,San Cristóbal,Venezuela,Gula Malacca,0,Condiments,19.45,10,0.0,194.5,20,False
10796,1997-12-25,1998-01-22,1998-01-14,26.52,Venezuela,Táchira,HILAA,HILARION-Abastos,San Cristóbal,Venezuela,Wimmers gute Semmelknödel,0,Grains/Cereals,33.25,35,0.2,931.0,20,False
10796,1997-12-25,1998-01-22,1998-01-14,26.52,Venezuela,Táchira,HILAA,HILARION-Abastos,San Cristóbal,Venezuela,Gudbrandsdalsost,0,Dairy Products,36.0,24,0.2,691.2,20,False
10797,1997-12-25,1998-01-22,1998-01-05,33.35,Germany,NAO INFORMADO,DRACD,Drachenblut Delikatessen,Aachen,Germany,Queso Cabrales,0,Dairy Products,21.0,20,0.0,420.0,11,False
10798,1997-12-26,1998-01-23,1998-01-05,2.33,UK,Isle of Wight,ISLAT,Island Trading,Cowes,UK,Tarte au sucre,0,Confections,49.3,2,0.0,98.6,10,False
10798,1997-12-26,1998-01-23,1998-01-05,2.33,UK,Isle of Wight,ISLAT,Island Trading,Cowes,UK,Mozzarella di Giovanni,0,Dairy Products,34.8,10,0.0,348.0,10,False
10799,1997-12-26,1998-02-06,1998-01-05,30.76,Germany,NAO INFORMADO,KOENE,Königlich Essen,Brandenburg,Germany,Konbu,0,Seafood,6.0,20,0.15,102.0,10,False
10799,1997-12-26,1998-02-06,1998-01-05,30.76,Germany,NAO INFORMADO,KOENE,Königlich Essen,Brandenburg,Germany,Raclette Courdavault,0,Dairy Products,55.0,25,0.0,1375.0,10,False
10800,1997-12-26,1998-01-23,1998-01-05,137.44,UK,NAO INFORMADO,SEVES,Seven Seas Imports,London,UK,Queso Cabrales,0,Dairy Products,21.0,50,0.1,945.0,10,False
10800,1997-12-26,1998-01-23,1998-01-05,137.44,UK,NAO INFORMADO,SEVES,Seven Seas Imports,London,UK,Manjimup Dried Apples,0,Produce,53.0,10,0.1,477.0,10,False
10800,1997-12-26,1998-01-23,1998-01-05,137.44,UK,NAO INFORMADO,SEVES,Seven Seas Imports,London,UK,Tourtière,0,Meat/Poultry,7.45,7,0.1,46.94,10,False
10802,1997-12-29,1998-01-26,1998-01-02,257.26,Denmark,NAO INFORMADO,SIMOB,Simons bistro,Kobenhavn,Denmark,Nord-Ost Matjeshering,0,Seafood,25.89,25,0.25,485.44,4,False
10802,1997-12-29,1998-01-26,1998-01-02,257.26,Denmark,NAO INFORMADO,SIMOB,Simons bistro,Kobenhavn,Denmark,Manjimup Dried Apples,0,Produce,53.0,30,0.25,1192.5,4,False
10802,1997-12-29,1998-01-26,1998-01-02,257.26,Denmark,NAO INFORMADO,SIMOB,Simons bistro,Kobenhavn,Denmark,Pâté chinois,0,Meat/Poultry,24.0,60,0.25,1080.0,4,False
10802,1997-12-29,1998-01-26,1998-01-02,257.26,Denmark,NAO INFORMADO,SIMOB,Simons bistro,Kobenhavn,Denmark,Tarte au sucre,0,Confections,49.3,5,0.25,184.88,4,False
10803,1997-12-30,1998-01-27,1998-01-06,55.23,Brazil,SP,WELLI,Wellington Importadora,Resende,Brazil,Teatime Chocolate Biscuits,0,Confections,9.2,24,0.05,209.76,7,False
10803,1997-12-30,1998-01-27,1998-01-06,55.23,Brazil,SP,WELLI,Wellington Importadora,Resende,Brazil,NuNuCa Nuß-Nougat-Creme,0,Confections,14.0,15,0.05,199.5,7,False
10803,1997-12-30,1998-01-27,1998-01-06,55.23,Brazil,SP,WELLI,Wellington Importadora,Resende,Brazil,Raclette Courdavault,0,Dairy Products,55.0,15,0.05,783.75,7,False
10804,1997-12-30,1998-01-27,1998-01-07,27.33,UK,NAO INFORMADO,SEVES,Seven Seas Imports,London,UK,Ikura,0,Seafood,31.0,36,0.0,1116.0,8,False
10804,1997-12-30,1998-01-27,1998-01-07,27.33,UK,NAO INFORMADO,SEVES,Seven Seas Imports,London,UK,Maxilaku,0,Confections,20.0,4,0.15,68.0,8,False
10805,1997-12-30,1998-01-27,1998-01-09,237.34,USA,OR,THEBI,The Big Cheese,Portland,USA,Sasquatch Ale,0,Beverages,14.0,10,0.0,140.0,10,False
10805,1997-12-30,1998-01-27,1998-01-09,237.34,USA,OR,THEBI,The Big Cheese,Portland,USA,Côte de Blaye,0,Beverages,263.5,10,0.0,2635.0,10,False
10806,1997-12-31,1998-01-28,1998-01-05,22.11,France,NAO INFORMADO,VICTE,Victuailles en stock,Lyon,France,Louisiana Fiery Hot Pepper Sauce,0,Condiments,21.05,2,0.0,42.1,5,False
10806,1997-12-31,1998-01-28,1998-01-05,22.11,France,NAO INFORMADO,VICTE,Victuailles en stock,Lyon,France,Longlife Tofu,0,Produce,10.0,15,0.25,112.5,5,False
10807,1997-12-31,1998-01-28,1998-01-30,1.36,Italy,NAO INFORMADO,FRANS,Franchi S.p.A.,Torino,Italy,Boston Crab Meat,0,Seafood,18.4,1,0.0,18.4,30,True
10808,1998-01-01,1998-01-29,1998-01-09,45.53,USA,AK,OLDWO,Old World Delicatessen,Anchorage,USA,Gnocchi di nonna Alice,0,Grains/Cereals,38.0,20,0.15,646.0,8,False
10808,1998-01-01,1998-01-29,1998-01-09,45.53,USA,AK,OLDWO,Old World Delicatessen,Anchorage,USA,Lakkalikööri,0,Beverages,18.0,50,0.15,765.0,8,False
10809,1998-01-01,1998-01-29,1998-01-07,4.87,Brazil,SP,WELLI,Wellington Importadora,Resende,Brazil,Filo Mix,0,Grains/Cereals,7.0,20,0.0,140.0,6,False
10810,1998-01-01,1998-01-29,1998-01-07,4.33,Canada,BC,LAUGB,Laughing Bacchus Wine Cellars,Vancouver,Canada,Konbu,0,Seafood,6.0,7,0.0,42.0,6,False
10810,1998-01-01,1998-01-29,1998-01-07,4.33,Canada,BC,LAUGB,Laughing Bacchus Wine Cellars,Vancouver,Canada,NuNuCa Nuß-Nougat-Creme,0,Confections,14.0,5,0.0,70.0,6,False
10810,1998-01-01,1998-01-29,1998-01-07,4.33,Canada,BC,LAUGB,Laughing Bacchus Wine Cellars,Vancouver,Canada,Outback Lager,0,Beverages,15.0,5,0.0,75.0,6,False
10811,1998-01-02,1998-01-30,1998-01-08,31.22,Venezuela,Nueva Esparta,LINOD,LINO-Delicateses,I. de Margarita,Venezuela,Teatime Chocolate Biscuits,0,Confections,9.2,15,0.0,138.0,6,False
10811,1998-01-02,1998-01-30,1998-01-08,31.22,Venezuela,Nueva Esparta,LINOD,LINO-Delicateses,I. de Margarita,Venezuela,Tunnbröd,0,Grains/Cereals,9.0,18,0.0,162.0,6,False
10811,1998-01-02,1998-01-30,1998-01-08,31.22,Venezuela,Nueva Esparta,LINOD,LINO-Delicateses,I. de Margarita,Venezuela,Boston Crab Meat,0,Seafood,18.4,30,0.0,552.0,6,False
10812,1998-01-02,1998-01-30,1998-01-12,59.78,Italy,NAO INFORMADO,REGGC,Reggiani Caseifici,Reggio Emilia,Italy,Gorgonzola Telino,0,Dairy Products,12.5,16,0.1,180.0,10,False
10812,1998-01-02,1998-01-30,1998-01-12,59.78,Italy,NAO INFORMADO,REGGC,Reggiani Caseifici,Reggio Emilia,Italy,Mozzarella di Giovanni,0,Dairy Products,34.8,40,0.1,1252.8,10,False
10812,1998-01-02,1998-01-30,1998-01-12,59.78,Italy,NAO INFORMADO,REGGC,Reggiani Caseifici,Reggio Emilia,Italy,Original Frankfurter grüne Soße,0,Condiments,13.0,20,0.0,260.0,10,False
10813,1998-01-05,1998-02-02,1998-01-09,47.38,Brazil,RJ,RICAR,Ricardo Adocicados,Rio de Janeiro,Brazil,Spegesild,0,Seafood,12.0,35,0.0,420.0,4,False
10814,1998-01-05,1998-02-02,1998-01-14,130.94,France,NAO INFORMADO,VICTE,Victuailles en stock,Lyon,France,Jack's New England Clam Chowder,0,Seafood,9.65,20,0.0,193.0,9,False
10814,1998-01-05,1998-02-02,1998-01-14,130.94,France,NAO INFORMADO,VICTE,Victuailles en stock,Lyon,France,Ipoh Coffee,0,Beverages,46.0,20,0.15,782.0,9,False
10814,1998-01-05,1998-02-02,1998-01-14,130.94,France,NAO INFORMADO,VICTE,Victuailles en stock,Lyon,France,Chocolade,0,Confections,12.75,8,0.15,86.7,9,False
10814,1998-01-05,1998-02-02,1998-01-14,130.94,France,NAO INFORMADO,VICTE,Victuailles en stock,Lyon,France,Sirop d'érable,0,Condiments,28.5,30,0.15,726.75,9,False
10815,1998-01-05,1998-02-02,1998-01-14,14.62,USA,ID,SAVEA,Save-a-lot Markets,Boise,USA,Geitost,0,Dairy Products,2.5,16,0.0,40.0,9,False
10816,1998-01-06,1998-02-03,1998-02-04,719.78,USA,OR,GREAL,Great Lakes Food Market,Eugene,USA,Côte de Blaye,0,Beverages,263.5,30,0.05,7509.75,29,True
10816,1998-01-06,1998-02-03,1998-02-04,719.78,USA,OR,GREAL,Great Lakes Food Market,Eugene,USA,Tarte au sucre,0,Confections,49.3,20,0.05,936.7,29,True
10817,1998-01-06,1998-01-20,1998-01-13,306.07,Germany,NAO INFORMADO,KOENE,Königlich Essen,Brandenburg,Germany,Gumbär Gummibärchen,0,Confections,31.23,40,0.15,1061.82,7,False
10817,1998-01-06,1998-01-20,1998-01-13,306.07,Germany,NAO INFORMADO,KOENE,Königlich Essen,Brandenburg,Germany,Côte de Blaye,0,Beverages,263.5,30,0.0,7905.0,7,False
10817,1998-01-06,1998-01-20,1998-01-13,306.07,Germany,NAO INFORMADO,KOENE,Königlich Essen,Brandenburg,Germany,Boston Crab Meat,0,Seafood,18.4,60,0.15,938.4,7,False
10817,1998-01-06,1998-01-20,1998-01-13,306.07,Germany,NAO INFORMADO,KOENE,Königlich Essen,Brandenburg,Germany,Tarte au sucre,0,Confections,49.3,25,0.15,1047.62,7,False
10818,1998-01-07,1998-02-04,1998-01-12,65.48,Italy,NAO INFORMADO,MAGAA,Magazzini Alimentari Riuniti,Bergamo,Italy,Mascarpone Fabioli,0,Dairy Products,32.0,20,0.0,640.0,5,False
10818,1998-01-07,1998-02-04,1998-01-12,65.48,Italy,NAO INFORMADO,MAGAA,Magazzini Alimentari Riuniti,Bergamo,Italy,Jack's New England Clam Chowder,0,Seafood,9.65,20,0.0,193.0,5,False
10819,1998-01-07,1998-02-04,1998-01-16,19.76,Argentina,NAO INFORMADO,CACTU,Cactus Comidas para llevar,Buenos Aires,Argentina,Ipoh Coffee,0,Beverages,46.0,7,0.0,322.0,9,False
10819,1998-01-07,1998-02-04,1998-01-16,19.76,Argentina,NAO INFORMADO,CACTU,Cactus Comidas para llevar,Buenos Aires,Argentina,Rhönbräu Klosterbier,0,Beverages,7.75,20,0.0,155.0,9,False
10820,1998-01-07,1998-02-04,1998-01-13,37.52,USA,NM,RATTC,Rattlesnake Canyon Grocery,Albuquerque,USA,Gnocchi di nonna Alice,0,Grains/Cereals,38.0,30,0.0,1140.0,6,False
10821,1998-01-08,1998-02-05,1998-01-15,36.68,USA,WY,SPLIR,Split Rail Beer & Ale,Lander,USA,Steeleye Stout,0,Beverages,18.0,20,0.0,360.0,7,False
10821,1998-01-08,1998-02-05,1998-01-15,36.68,USA,WY,SPLIR,Split Rail Beer & Ale,Lander,USA,Manjimup Dried Apples,0,Produce,53.0,6,0.0,318.0,7,False
10822,1998-01-08,1998-02-05,1998-01-16,7.0,USA,WA,TRAIH,Trail's Head Gourmet Provisioners,Kirkland,USA,Tarte au sucre,0,Confections,49.3,3,0.0,147.9,8,False
10822,1998-01-08,1998-02-05,1998-01-16,7.0,USA,WA,TRAIH,Trail's Head Gourmet Provisioners,Kirkland,USA,Outback Lager,0,Beverages,15.0,6,0.0,90.0,8,False
10823,1998-01-09,1998-02-06,1998-01-13,163.97,Venezuela,Lara,LILAS,LILA-Supermercado,Barquisimeto,Venezuela,Queso Cabrales,0,Dairy Products,21.0,20,0.1,378.0,4,False
10823,1998-01-09,1998-02-06,1998-01-13,163.97,Venezuela,Lara,LILAS,LILA-Supermercado,Barquisimeto,Venezuela,Ravioli Angelo,0,Grains/Cereals,19.5,15,0.0,292.5,4,False
10823,1998-01-09,1998-02-06,1998-01-13,163.97,Venezuela,Lara,LILAS,LILA-Supermercado,Barquisimeto,Venezuela,Raclette Courdavault,0,Dairy Products,55.0,40,0.1,1980.0,4,False
10823,1998-01-09,1998-02-06,1998-01-13,163.97,Venezuela,Lara,LILAS,LILA-Supermercado,Barquisimeto,Venezuela,Original Frankfurter grüne Soße,0,Condiments,13.0,15,0.1,175.5,4,False
10824,1998-01-09,1998-02-06,1998-01-30,1.23,Sweden,NAO INFORMADO,FOLKO,Folk och fä HB,Bräcke,Sweden,Jack's New England Clam Chowder,0,Seafood,9.65,12,0.0,115.8,21,False
10824,1998-01-09,1998-02-06,1998-01-30,1.23,Sweden,NAO INFORMADO,FOLKO,Folk och fä HB,Bräcke,Sweden,Outback Lager,0,Beverages,15.0,9,0.0,135.0,21,False
10825,1998-01-09,1998-02-06,1998-01-14,79.25,Germany,NAO INFORMADO,DRACD,Drachenblut Delikatessen,Aachen,Germany,Gumbär Gummibärchen,0,Confections,31.23,12,0.0,374.76,5,False
10826,1998-01-12,1998-02-09,1998-02-06,7.09,France,NAO INFORMADO,BLONP,Blondesddsl père et fils,Strasbourg,France,Gorgonzola Telino,0,Dairy Products,12.5,35,0.0,437.5,25,False
10826,1998-01-12,1998-02-09,1998-02-06,7.09,France,NAO INFORMADO,BLONP,Blondesddsl père et fils,Strasbourg,France,Ravioli Angelo,0,Grains/Cereals,19.5,15,0.0,292.5,25,False
10827,1998-01-12,1998-01-26,1998-02-06,63.54,France,NAO INFORMADO,BONAP,Bon app',Marseille,France,Ikura,0,Seafood,31.0,15,0.0,465.0,25,True
10827,1998-01-12,1998-01-26,1998-02-06,63.54,France,NAO INFORMADO,BONAP,Bon app',Marseille,France,Chartreuse verte,0,Beverages,18.0,21,0.0,378.0,25,True
10828,1998-01-13,1998-01-27,1998-02-04,90.85,Argentina,NAO INFORMADO,RANCH,Rancho grande,Buenos Aires,Argentina,Sir Rodney's Marmalade,0,Confections,81.0,5,0.0,405.0,22,True
10828,1998-01-13,1998-01-27,1998-02-04,90.85,Argentina,NAO INFORMADO,RANCH,Rancho grande,Buenos Aires,Argentina,Côte de Blaye,0,Beverages,263.5,2,0.0,527.0,22,True
10829,1998-01-13,1998-02-10,1998-01-23,154.72,UK,Isle of Wight,ISLAT,Island Trading,Cowes,UK,Northwoods Cranberry Sauce,0,Condiments,40.0,20,0.0,800.0,10,False
10829,1998-01-13,1998-02-10,1998-01-23,154.72,UK,Isle of Wight,ISLAT,Island Trading,Cowes,UK,Konbu,0,Seafood,6.0,10,0.0,60.0,10,False
10829,1998-01-13,1998-02-10,1998-01-23,154.72,UK,Isle of Wight,ISLAT,Island Trading,Cowes,UK,Camembert Pierrot,0,Dairy Products,34.0,21,0.0,714.0,10,False
10830,1998-01-13,1998-02-24,1998-01-21,81.83,Brazil,SP,TRADH,Tradição Hipermercados,Sao Paulo,Brazil,Grandma's Boysenberry Spread,0,Condiments,25.0,6,0.0,150.0,8,False
10830,1998-01-13,1998-02-24,1998-01-21,81.83,Brazil,SP,TRADH,Tradição Hipermercados,Sao Paulo,Brazil,Chartreuse verte,0,Beverages,18.0,28,0.0,504.0,8,False
10830,1998-01-13,1998-02-24,1998-01-21,81.83,Brazil,SP,TRADH,Tradição Hipermercados,Sao Paulo,Brazil,Camembert Pierrot,0,Dairy Products,34.0,30,0.0,1020.0,8,False
10830,1998-01-13,1998-02-24,1998-01-21,81.83,Brazil,SP,TRADH,Tradição Hipermercados,Sao Paulo,Brazil,Scottish Longbreads,0,Confections,12.5,24,0.0,300.0,8,False
10831,1998-01-14,1998-02-11,1998-01-23,72.19,Norway,NAO INFORMADO,SANTG,Santé Gourmet,Stavern,Norway,Teatime Chocolate Biscuits,0,Confections,9.2,2,0.0,18.4,9,False
10831,1998-01-14,1998-02-11,1998-01-23,72.19,Norway,NAO INFORMADO,SANTG,Santé Gourmet,Stavern,Norway,Steeleye Stout,0,Beverages,18.0,8,0.0,144.0,9,False
10831,1998-01-14,1998-02-11,1998-01-23,72.19,Norway,NAO INFORMADO,SANTG,Santé Gourmet,Stavern,Norway,Côte de Blaye,0,Beverages,263.5,8,0.0,2108.0,9,False
10831,1998-01-14,1998-02-11,1998-01-23,72.19,Norway,NAO INFORMADO,SANTG,Santé Gourmet,Stavern,Norway,Ipoh Coffee,0,Beverages,46.0,9,0.0,414.0,9,False
10832,1998-01-14,1998-02-11,1998-01-19,43.26,France,NAO INFORMADO,LAMAI,La maison d'Asie,Toulouse,France,Konbu,0,Seafood,6.0,3,0.2,14.4,5,False
10832,1998-01-14,1998-02-11,1998-01-19,43.26,France,NAO INFORMADO,LAMAI,La maison d'Asie,Toulouse,France,NuNuCa Nuß-Nougat-Creme,0,Confections,14.0,10,0.2,112.0,5,False
10832,1998-01-14,1998-02-11,1998-01-19,43.26,France,NAO INFORMADO,LAMAI,La maison d'Asie,Toulouse,France,Gula Malacca,0,Condiments,19.45,16,0.2,248.96,5,False
10832,1998-01-14,1998-02-11,1998-01-19,43.26,France,NAO INFORMADO,LAMAI,La maison d'Asie,Toulouse,France,Wimmers gute Semmelknödel,0,Grains/Cereals,33.25,3,0.0,99.75,5,False
10833,1998-01-15,1998-02-12,1998-01-23,71.49,Germany,NAO INFORMADO,OTTIK,Ottilies Käseladen,Köln,Germany,Uncle Bob's Organic Dried Pears,0,Produce,30.0,20,0.1,540.0,8,False
10833,1998-01-15,1998-02-12,1998-01-23,71.49,Germany,NAO INFORMADO,OTTIK,Ottilies Käseladen,Köln,Germany,Gorgonzola Telino,0,Dairy Products,12.5,9,0.1,101.25,8,False
10834,1998-01-15,1998-02-12,1998-01-19,29.78,Brazil,SP,TRADH,Tradição Hipermercados,Sao Paulo,Brazil,Nord-Ost Matjeshering,0,Seafood,25.89,20,0.05,491.91,4,False
10835,1998-01-15,1998-02-12,1998-01-21,69.53,Germany,NAO INFORMADO,ALFKI,Alfreds Futterkiste,Berlin,Germany,Raclette Courdavault,0,Dairy Products,55.0,15,0.0,825.0,6,False
10835,1998-01-15,1998-02-12,1998-01-21,69.53,Germany,NAO INFORMADO,ALFKI,Alfreds Futterkiste,Berlin,Germany,Original Frankfurter grüne Soße,0,Condiments,13.0,2,0.2,20.8,6,False
10836,1998-01-16,1998-02-13,1998-01-21,411.88,Austria,NAO INFORMADO,ERNSH,Ernst Handel,Graz,Austria,Gustaf's Knäckebröd,0,Grains/Cereals,21.0,52,0.0,1092.0,5,False
10836,1998-01-16,1998-02-13,1998-01-21,411.88,Austria,NAO INFORMADO,ERNSH,Ernst Handel,Graz,Austria,Steeleye Stout,0,Beverages,18.0,6,0.0,108.0,5,False
10836,1998-01-16,1998-02-13,1998-01-21,411.88,Austria,NAO INFORMADO,ERNSH,Ernst Handel,Graz,Austria,Ravioli Angelo,0,Grains/Cereals,19.5,24,0.0,468.0,5,False
10836,1998-01-16,1998-02-13,1998-01-21,411.88,Austria,NAO INFORMADO,ERNSH,Ernst Handel,Graz,Austria,Camembert Pierrot,0,Dairy Products,34.0,60,0.0,2040.0,5,False
10836,1998-01-16,1998-02-13,1998-01-21,411.88,Austria,NAO INFORMADO,ERNSH,Ernst Handel,Graz,Austria,Wimmers gute Semmelknödel,0,Grains/Cereals,33.25,30,0.0,997.5,5,False
10837,1998-01-16,1998-02-13,1998-01-23,13.32,Sweden,NAO INFORMADO,BERGS,Berglunds snabbköp,Luleå,Sweden,Konbu,0,Seafood,6.0,6,0.0,36.0,7,False
10837,1998-01-16,1998-02-13,1998-01-23,13.32,Sweden,NAO INFORMADO,BERGS,Berglunds snabbköp,Luleå,Sweden,Boston Crab Meat,0,Seafood,18.4,25,0.0,460.0,7,False
10837,1998-01-16,1998-02-13,1998-01-23,13.32,Sweden,NAO INFORMADO,BERGS,Berglunds snabbköp,Luleå,Sweden,Zaanse koeken,0,Confections,9.5,40,0.25,285.0,7,False
10837,1998-01-16,1998-02-13,1998-01-23,13.32,Sweden,NAO INFORMADO,BERGS,Berglunds snabbköp,Luleå,Sweden,Lakkalikööri,0,Beverages,18.0,21,0.25,283.5,7,False
10838,1998-01-19,1998-02-16,1998-01-23,59.28,Venezuela,Nueva Esparta,LINOD,LINO-Delicateses,I. de Margarita,Venezuela,Carnarvon Tigers,0,Seafood,62.5,25,0.25,1171.88,4,False
10838,1998-01-19,1998-02-16,1998-01-23,59.28,Venezuela,Nueva Esparta,LINOD,LINO-Delicateses,I. de Margarita,Venezuela,Inlagd Sill,0,Seafood,19.0,50,0.25,712.5,4,False
10839,1998-01-19,1998-02-16,1998-01-22,35.43,Brazil,SP,TRADH,Tradição Hipermercados,Sao Paulo,Brazil,Escargots de Bourgogne,0,Seafood,13.25,30,0.1,357.75,3,False
10839,1998-01-19,1998-02-16,1998-01-22,35.43,Brazil,SP,TRADH,Tradição Hipermercados,Sao Paulo,Brazil,Mozzarella di Giovanni,0,Dairy Products,34.8,15,0.1,469.8,3,False
10840,1998-01-19,1998-03-02,1998-02-16,2.71,Venezuela,Nueva Esparta,LINOD,LINO-Delicateses,I. de Margarita,Venezuela,NuNuCa Nuß-Nougat-Creme,0,Confections,14.0,6,0.2,67.2,28,False
10840,1998-01-19,1998-03-02,1998-02-16,2.71,Venezuela,Nueva Esparta,LINOD,LINO-Delicateses,I. de Margarita,Venezuela,Chartreuse verte,0,Beverages,18.0,10,0.2,144.0,28,False
10841,1998-01-20,1998-02-17,1998-01-29,424.3,Belgium,NAO INFORMADO,SUPRD,Suprêmes délices,Charleroi,Belgium,Ikura,0,Seafood,31.0,16,0.0,496.0,9,False
10841,1998-01-20,1998-02-17,1998-01-29,424.3,Belgium,NAO INFORMADO,SUPRD,Suprêmes délices,Charleroi,Belgium,Gnocchi di nonna Alice,0,Grains/Cereals,38.0,30,0.0,1140.0,9,False
10841,1998-01-20,1998-02-17,1998-01-29,424.3,Belgium,NAO INFORMADO,SUPRD,Suprêmes délices,Charleroi,Belgium,Raclette Courdavault,0,Dairy Products,55.0,50,0.0,2750.0,9,False
10841,1998-01-20,1998-02-17,1998-01-29,424.3,Belgium,NAO INFORMADO,SUPRD,Suprêmes délices,Charleroi,Belgium,Original Frankfurter grüne Soße,0,Condiments,13.0,15,0.0,195.0,9,False
10842,1998-01-20,1998-02-17,1998-01-29,54.42,Mexico,NAO INFORMADO,TORTU,Tortuga Restaurante,México D.F.,Mexico,Queso Cabrales,0,Dairy Products,21.0,15,0.0,315.0,9,False
10842,1998-01-20,1998-02-17,1998-01-29,54.42,Mexico,NAO INFORMADO,TORTU,Tortuga Restaurante,México D.F.,Mexico,Ipoh Coffee,0,Beverages,46.0,5,0.0,230.0,9,False
10842,1998-01-20,1998-02-17,1998-01-29,54.42,Mexico,NAO INFORMADO,TORTU,Tortuga Restaurante,México D.F.,Mexico,Scottish Longbreads,0,Confections,12.5,20,0.0,250.0,9,False
10842,1998-01-20,1998-02-17,1998-01-29,54.42,Mexico,NAO INFORMADO,TORTU,Tortuga Restaurante,México D.F.,Mexico,Outback Lager,0,Beverages,15.0,12,0.0,180.0,9,False
10843,1998-01-21,1998-02-18,1998-01-26,9.26,France,NAO INFORMADO,VICTE,Victuailles en stock,Lyon,France,Manjimup Dried Apples,0,Produce,53.0,4,0.25,159.0,5,False
10844,1998-01-21,1998-02-18,1998-01-26,25.22,Austria,NAO INFORMADO,PICCO,Piccolo und mehr,Salzburg,Austria,Gustaf's Knäckebröd,0,Grains/Cereals,21.0,35,0.0,735.0,5,False
10845,1998-01-21,1998-02-04,1998-01-30,212.98,Germany,NAO INFORMADO,QUICK,QUICK-Stop,Cunewalde,Germany,Tunnbröd,0,Grains/Cereals,9.0,70,0.1,567.0,9,False
10845,1998-01-21,1998-02-04,1998-01-30,212.98,Germany,NAO INFORMADO,QUICK,QUICK-Stop,Cunewalde,Germany,Steeleye Stout,0,Beverages,18.0,25,0.1,405.0,9,False
10845,1998-01-21,1998-02-04,1998-01-30,212.98,Germany,NAO INFORMADO,QUICK,QUICK-Stop,Cunewalde,Germany,Escargots de Bourgogne,0,Seafood,13.25,60,0.1,715.5,9,False
10845,1998-01-21,1998-02-04,1998-01-30,212.98,Germany,NAO INFORMADO,QUICK,QUICK-Stop,Cunewalde,Germany,Wimmers gute Semmelknödel,0,Grains/Cereals,33.25,48,0.0,1596.0,9,False
10846,1998-01-22,1998-03-05,1998-01-23,56.46,Belgium,NAO INFORMADO,SUPRD,Suprêmes délices,Charleroi,Belgium,Chef Anton's Cajun Seasoning,0,Condiments,22.0,21,0.0,462.0,1,False
10846,1998-01-22,1998-03-05,1998-01-23,56.46,Belgium,NAO INFORMADO,SUPRD,Suprêmes délices,Charleroi,Belgium,Outback Lager,0,Beverages,15.0,30,0.0,450.0,1,False
10846,1998-01-22,1998-03-05,1998-01-23,56.46,Belgium,NAO INFORMADO,SUPRD,Suprêmes délices,Charleroi,Belgium,Longlife Tofu,0,Produce,10.0,20,0.0,200.0,1,False
10847,1998-01-22,1998-02-05,1998-02-10,487.57,USA,ID,SAVEA,Save-a-lot Markets,Boise,USA,Teatime Chocolate Biscuits,0,Confections,9.2,12,0.2,88.32,19,True
10847,1998-01-22,1998-02-05,1998-02-10,487.57,USA,ID,SAVEA,Save-a-lot Markets,Boise,USA,Gravad lax,0,Seafood,26.0,60,0.2,1248.0,19,True
10847,1998-01-22,1998-02-05,1998-02-10,487.57,USA,ID,SAVEA,Save-a-lot Markets,Boise,USA,Rogede sild,0,Seafood,9.5,36,0.2,273.6,19,True
10847,1998-01-22,1998-02-05,1998-02-10,487.57,USA,ID,SAVEA,Save-a-lot Markets,Boise,USA,Camembert Pierrot,0,Dairy Products,34.0,45,0.2,1224.0,19,True
10847,1998-01-22,1998-02-05,1998-02-10,487.57,USA,ID,SAVEA,Save-a-lot Markets,Boise,USA,Flotemysost,0,Dairy Products,21.5,55,0.2,946.0,19,True
10849,1998-01-23,1998-02-20,1998-01-30,0.56,Germany,NAO INFORMADO,KOENE,Königlich Essen,Brandenburg,Germany,Aniseed Syrup,0,Condiments,10.0,49,0.0,490.0,7,False
10849,1998-01-23,1998-02-20,1998-01-30,0.56,Germany,NAO INFORMADO,KOENE,Königlich Essen,Brandenburg,Germany,Gumbär Gummibärchen,0,Confections,31.23,18,0.15,477.82,7,False
10850,1998-01-23,1998-03-06,1998-01-30,49.19,France,NAO INFORMADO,VICTE,Victuailles en stock,Lyon,France,NuNuCa Nuß-Nougat-Creme,0,Confections,14.0,20,0.15,238.0,7,False
10850,1998-01-23,1998-03-06,1998-01-30,49.19,France,NAO INFORMADO,VICTE,Victuailles en stock,Lyon,France,Geitost,0,Dairy Products,2.5,4,0.15,8.5,7,False
10850,1998-01-23,1998-03-06,1998-01-30,49.19,France,NAO INFORMADO,VICTE,Victuailles en stock,Lyon,France,Outback Lager,0,Beverages,15.0,30,0.15,382.5,7,False
10851,1998-01-26,1998-02-23,1998-02-02,160.55,Brazil,RJ,RICAR,Ricardo Adocicados,Rio de Janeiro,Brazil,NuNuCa Nuß-Nougat-Creme,0,Confections,14.0,10,0.05,133.0,7,False
10851,1998-01-26,1998-02-23,1998-02-02,160.55,Brazil,RJ,RICAR,Ricardo Adocicados,Rio de Janeiro,Brazil,Ravioli Angelo,0,Grains/Cereals,19.5,10,0.05,185.25,7,False
10851,1998-01-26,1998-02-23,1998-02-02,160.55,Brazil,RJ,RICAR,Ricardo Adocicados,Rio de Janeiro,Brazil,Raclette Courdavault,0,Dairy Products,55.0,42,0.05,2194.5,7,False
10852,1998-01-26,1998-02-09,1998-01-30,174.05,USA,NM,RATTC,Rattlesnake Canyon Grocery,Albuquerque,USA,Tarte au sucre,0,Confections,49.3,50,0.0,2465.0,4,False
10853,1998-01-27,1998-02-24,1998-02-03,53.83,Germany,NAO INFORMADO,BLAUS,Blauer See Delikatessen,Mannheim,Germany,Carnarvon Tigers,0,Seafood,62.5,10,0.0,625.0,7,False
10854,1998-01-27,1998-02-24,1998-02-05,100.22,Austria,NAO INFORMADO,ERNSH,Ernst Handel,Graz,Austria,Ikura,0,Seafood,31.0,100,0.15,2635.0,9,False
10854,1998-01-27,1998-02-24,1998-02-05,100.22,Austria,NAO INFORMADO,ERNSH,Ernst Handel,Graz,Austria,Konbu,0,Seafood,6.0,65,0.15,331.5,9,False
10855,1998-01-27,1998-02-24,1998-02-04,170.97,USA,AK,OLDWO,Old World Delicatessen,Anchorage,USA,Pavlova,0,Confections,17.45,50,0.0,872.5,8,False
10855,1998-01-27,1998-02-24,1998-02-04,170.97,USA,AK,OLDWO,Old World Delicatessen,Anchorage,USA,Gorgonzola Telino,0,Dairy Products,12.5,14,0.0,175.0,8,False
10855,1998-01-27,1998-02-24,1998-02-04,170.97,USA,AK,OLDWO,Old World Delicatessen,Anchorage,USA,Gnocchi di nonna Alice,0,Grains/Cereals,38.0,24,0.0,912.0,8,False
10855,1998-01-27,1998-02-24,1998-02-04,170.97,USA,AK,OLDWO,Old World Delicatessen,Anchorage,USA,Louisiana Fiery Hot Pepper Sauce,0,Condiments,21.05,15,0.15,268.39,8,False
10857,1998-01-28,1998-02-25,1998-02-06,188.85,Sweden,NAO INFORMADO,BERGS,Berglunds snabbköp,Luleå,Sweden,Aniseed Syrup,0,Condiments,10.0,30,0.0,300.0,9,False
10857,1998-01-28,1998-02-25,1998-02-06,188.85,Sweden,NAO INFORMADO,BERGS,Berglunds snabbköp,Luleå,Sweden,Gumbär Gummibärchen,0,Confections,31.23,35,0.25,819.79,9,False
10858,1998-01-29,1998-02-26,1998-02-03,52.51,France,NAO INFORMADO,LACOR,La corne d'abondance,Versailles,France,Uncle Bob's Organic Dried Pears,0,Produce,30.0,5,0.0,150.0,5,False
10858,1998-01-29,1998-02-26,1998-02-03,52.51,France,NAO INFORMADO,LACOR,La corne d'abondance,Versailles,France,Schoggi Schokolade,0,Confections,43.9,10,0.0,439.0,5,False
10858,1998-01-29,1998-02-26,1998-02-03,52.51,France,NAO INFORMADO,LACOR,La corne d'abondance,Versailles,France,Outback Lager,0,Beverages,15.0,4,0.0,60.0,5,False
10859,1998-01-29,1998-02-26,1998-02-02,76.1,Germany,NAO INFORMADO,FRANK,Frankenversand,München,Germany,Tourtière,0,Meat/Poultry,7.45,35,0.25,195.56,4,False
10859,1998-01-29,1998-02-26,1998-02-02,76.1,Germany,NAO INFORMADO,FRANK,Frankenversand,München,Germany,Wimmers gute Semmelknödel,0,Grains/Cereals,33.25,30,0.25,748.12,4,False
10860,1998-01-29,1998-02-26,1998-02-04,19.26,France,NAO INFORMADO,FRANR,France restauration,Nantes,France,Manjimup Dried Apples,0,Produce,53.0,3,0.0,159.0,6,False
10860,1998-01-29,1998-02-26,1998-02-04,19.26,France,NAO INFORMADO,FRANR,France restauration,Nantes,France,Lakkalikööri,0,Beverages,18.0,20,0.0,360.0,6,False
10861,1998-01-30,1998-02-27,1998-02-17,14.93,USA,WA,WHITC,White Clover Markets,Seattle,USA,Carnarvon Tigers,0,Seafood,62.5,20,0.0,1250.0,18,False
10861,1998-01-30,1998-02-27,1998-02-17,14.93,USA,WA,WHITC,White Clover Markets,Seattle,USA,Sir Rodney's Scones,0,Confections,10.0,40,0.0,400.0,18,False
10861,1998-01-30,1998-02-27,1998-02-17,14.93,USA,WA,WHITC,White Clover Markets,Seattle,USA,Geitost,0,Dairy Products,2.5,35,0.0,87.5,18,False
10861,1998-01-30,1998-02-27,1998-02-17,14.93,USA,WA,WHITC,White Clover Markets,Seattle,USA,Tarte au sucre,0,Confections,49.3,3,0.0,147.9,18,False
10862,1998-01-30,1998-03-13,1998-02-02,53.23,Germany,NAO INFORMADO,LEHMS,Lehmanns Marktstand,Frankfurt a.M.,Germany,Queso Cabrales,0,Dairy Products,21.0,25,0.0,525.0,3,False
10862,1998-01-30,1998-03-13,1998-02-02,53.23,Germany,NAO INFORMADO,LEHMS,Lehmanns Marktstand,Frankfurt a.M.,Germany,Filo Mix,0,Grains/Cereals,7.0,8,0.0,56.0,3,False
10863,1998-02-02,1998-03-02,1998-02-17,30.26,Venezuela,Táchira,HILAA,HILARION-Abastos,San Cristóbal,Venezuela,Escargots de Bourgogne,0,Seafood,13.25,12,0.15,135.15,15,False
10864,1998-02-02,1998-03-02,1998-02-09,3.04,UK,Essex,AROUT,Around the Horn,London,UK,Steeleye Stout,0,Beverages,18.0,4,0.0,72.0,7,False
10864,1998-02-02,1998-03-02,1998-02-09,3.04,UK,Essex,AROUT,Around the Horn,London,UK,Laughing Lumberjack Lager,0,Beverages,14.0,15,0.0,210.0,7,False
10865,1998-02-02,1998-02-16,1998-02-12,348.14,Germany,NAO INFORMADO,QUICK,QUICK-Stop,Cunewalde,Germany,Côte de Blaye,0,Beverages,263.5,60,0.05,15019.5,10,False
10865,1998-02-02,1998-02-16,1998-02-12,348.14,Germany,NAO INFORMADO,QUICK,QUICK-Stop,Cunewalde,Germany,Chartreuse verte,0,Beverages,18.0,80,0.05,1368.0,10,False
10866,1998-02-03,1998-03-03,1998-02-12,109.11,Sweden,NAO INFORMADO,BERGS,Berglunds snabbköp,Luleå,Sweden,Nord-Ost Matjeshering,0,Seafood,25.89,40,0.25,776.7,9,False
10868,1998-02-04,1998-03-04,1998-02-23,191.27,Brazil,SP,QUEEN,Queen Cozinha,Sao Paulo,Brazil,Gumbär Gummibärchen,0,Confections,31.23,20,0.0,624.6,19,False
10868,1998-02-04,1998-03-04,1998-02-23,191.27,Brazil,SP,QUEEN,Queen Cozinha,Sao Paulo,Brazil,Steeleye Stout,0,Beverages,18.0,30,0.0,540.0,19,False
10868,1998-02-04,1998-03-04,1998-02-23,191.27,Brazil,SP,QUEEN,Queen Cozinha,Sao Paulo,Brazil,Maxilaku,0,Confections,20.0,42,0.1,756.0,19,False
10869,1998-02-04,1998-03-04,1998-02-09,143.28,UK,NAO INFORMADO,SEVES,Seven Seas Imports,London,UK,Queso Cabrales,0,Dairy Products,21.0,10,0.0,210.0,5,False
10869,1998-02-04,1998-03-04,1998-02-09,143.28,UK,NAO INFORMADO,SEVES,Seven Seas Imports,London,UK,Tunnbröd,0,Grains/Cereals,9.0,50,0.0,450.0,5,False
10869,1998-02-04,1998-03-04,1998-02-09,143.28,UK,NAO INFORMADO,SEVES,Seven Seas Imports,London,UK,Scottish Longbreads,0,Confections,12.5,20,0.0,250.0,5,False
10870,1998-02-04,1998-03-04,1998-02-13,12.04,Poland,NAO INFORMADO,WOLZA,Wolski  Zajazd,Warszawa,Poland,Steeleye Stout,0,Beverages,18.0,3,0.0,54.0,9,False
10870,1998-02-04,1998-03-04,1998-02-13,12.04,Poland,NAO INFORMADO,WOLZA,Wolski  Zajazd,Warszawa,Poland,Manjimup Dried Apples,0,Produce,53.0,2,0.0,106.0,9,False
10871,1998-02-05,1998-03-05,1998-02-10,112.27,France,NAO INFORMADO,BONAP,Bon app',Marseille,France,Grandma's Boysenberry Spread,0,Condiments,25.0,50,0.05,1187.5,5,False
10871,1998-02-05,1998-03-05,1998-02-10,112.27,France,NAO INFORMADO,BONAP,Bon app',Marseille,France,Pavlova,0,Confections,17.45,12,0.05,198.93,5,False
10872,1998-02-05,1998-03-05,1998-02-09,175.32,Spain,NAO INFORMADO,GODOS,Godos Cocina Típica,Sevilla,Spain,Pâté chinois,0,Meat/Poultry,24.0,10,0.05,228.0,4,False
10872,1998-02-05,1998-03-05,1998-02-09,175.32,Spain,NAO INFORMADO,GODOS,Godos Cocina Típica,Sevilla,Spain,Tarte au sucre,0,Confections,49.3,20,0.05,936.7,4,False
10872,1998-02-05,1998-03-05,1998-02-09,175.32,Spain,NAO INFORMADO,GODOS,Godos Cocina Típica,Sevilla,Spain,Wimmers gute Semmelknödel,0,Grains/Cereals,33.25,15,0.05,473.81,4,False
10872,1998-02-05,1998-03-05,1998-02-09,175.32,Spain,NAO INFORMADO,GODOS,Godos Cocina Típica,Sevilla,Spain,Louisiana Fiery Hot Pepper Sauce,0,Condiments,21.05,21,0.05,419.95,4,False
10873,1998-02-06,1998-03-06,1998-02-09,0.82,Finland,NAO INFORMADO,WILMK,Wilman Kala,Helsinki,Finland,Sir Rodney's Scones,0,Confections,10.0,20,0.0,200.0,3,False
10874,1998-02-06,1998-03-06,1998-02-11,19.58,Spain,NAO INFORMADO,GODOS,Godos Cocina Típica,Sevilla,Spain,Ikura,0,Seafood,31.0,10,0.0,310.0,5,False
10875,1998-02-06,1998-03-06,1998-03-03,32.37,Sweden,NAO INFORMADO,BERGS,Berglunds snabbköp,Luleå,Sweden,Teatime Chocolate Biscuits,0,Confections,9.2,25,0.0,230.0,25,False
10875,1998-02-06,1998-03-06,1998-03-03,32.37,Sweden,NAO INFORMADO,BERGS,Berglunds snabbköp,Luleå,Sweden,Zaanse koeken,0,Confections,9.5,21,0.1,179.55,25,False
10875,1998-02-06,1998-03-06,1998-03-03,32.37,Sweden,NAO INFORMADO,BERGS,Berglunds snabbköp,Luleå,Sweden,Maxilaku,0,Confections,20.0,15,0.0,300.0,25,False
10876,1998-02-09,1998-03-09,1998-02-12,60.42,France,NAO INFORMADO,BONAP,Bon app',Marseille,France,Spegesild,0,Seafood,12.0,21,0.0,252.0,3,False
10876,1998-02-09,1998-03-09,1998-02-12,60.42,France,NAO INFORMADO,BONAP,Bon app',Marseille,France,Wimmers gute Semmelknödel,0,Grains/Cereals,33.25,20,0.0,665.0,3,False
10877,1998-02-09,1998-03-09,1998-02-19,38.06,Brazil,RJ,RICAR,Ricardo Adocicados,Rio de Janeiro,Brazil,Pavlova,0,Confections,17.45,30,0.25,392.62,10,False
10877,1998-02-09,1998-03-09,1998-02-19,38.06,Brazil,RJ,RICAR,Ricardo Adocicados,Rio de Janeiro,Brazil,Carnarvon Tigers,0,Seafood,62.5,25,0.0,1562.5,10,False
10878,1998-02-10,1998-03-10,1998-02-12,46.69,Germany,NAO INFORMADO,QUICK,QUICK-Stop,Cunewalde,Germany,Sir Rodney's Marmalade,0,Confections,81.0,20,0.05,1539.0,2,False
10879,1998-02-10,1998-03-10,1998-02-12,8.5,Finland,NAO INFORMADO,WILMK,Wilman Kala,Helsinki,Finland,Boston Crab Meat,0,Seafood,18.4,12,0.0,220.8,2,False
10879,1998-02-10,1998-03-10,1998-02-12,8.5,Finland,NAO INFORMADO,WILMK,Wilman Kala,Helsinki,Finland,Louisiana Fiery Hot Pepper Sauce,0,Condiments,21.05,10,0.0,210.5,2,False
10879,1998-02-10,1998-03-10,1998-02-12,8.5,Finland,NAO INFORMADO,WILMK,Wilman Kala,Helsinki,Finland,Lakkalikööri,0,Beverages,18.0,10,0.0,180.0,2,False
10880,1998-02-10,1998-03-24,1998-02-18,88.01,Sweden,NAO INFORMADO,FOLKO,Folk och fä HB,Bräcke,Sweden,Tunnbröd,0,Grains/Cereals,9.0,30,0.2,216.0,8,False
10880,1998-02-10,1998-03-24,1998-02-18,88.01,Sweden,NAO INFORMADO,FOLKO,Folk och fä HB,Bräcke,Sweden,Sirop d'érable,0,Condiments,28.5,30,0.2,684.0,8,False
10880,1998-02-10,1998-03-24,1998-02-18,88.01,Sweden,NAO INFORMADO,FOLKO,Folk och fä HB,Bräcke,Sweden,Outback Lager,0,Beverages,15.0,50,0.2,600.0,8,False
10881,1998-02-11,1998-03-11,1998-02-18,2.84,Argentina,NAO INFORMADO,CACTU,Cactus Comidas para llevar,Buenos Aires,Argentina,Röd Kaviar,0,Seafood,15.0,10,0.0,150.0,7,False
10882,1998-02-11,1998-03-11,1998-02-20,23.1,USA,ID,SAVEA,Save-a-lot Markets,Boise,USA,Maxilaku,0,Confections,20.0,20,0.15,340.0,9,False
10882,1998-02-11,1998-03-11,1998-02-20,23.1,USA,ID,SAVEA,Save-a-lot Markets,Boise,USA,Tourtière,0,Meat/Poultry,7.45,32,0.15,202.64,9,False
10884,1998-02-12,1998-03-12,1998-02-13,90.97,USA,CA,LETSS,Let's Stop N Shop,San Francisco,USA,Sir Rodney's Scones,0,Confections,10.0,40,0.05,380.0,1,False
10884,1998-02-12,1998-03-12,1998-02-13,90.97,USA,CA,LETSS,Let's Stop N Shop,San Francisco,USA,Gnocchi di nonna Alice,0,Grains/Cereals,38.0,21,0.05,758.1,1,False
10884,1998-02-12,1998-03-12,1998-02-13,90.97,USA,CA,LETSS,Let's Stop N Shop,San Francisco,USA,Louisiana Fiery Hot Pepper Sauce,0,Condiments,21.05,12,0.05,239.97,1,False
10885,1998-02-12,1998-03-12,1998-02-18,5.64,Belgium,NAO INFORMADO,SUPRD,Suprêmes délices,Charleroi,Belgium,Outback Lager,0,Beverages,15.0,30,0.0,450.0,6,False
10885,1998-02-12,1998-03-12,1998-02-18,5.64,Belgium,NAO INFORMADO,SUPRD,Suprêmes délices,Charleroi,Belgium,Original Frankfurter grüne Soße,0,Condiments,13.0,25,0.0,325.0,6,False
10886,1998-02-13,1998-03-13,1998-03-02,4.99,Brazil,RJ,HANAR,Hanari Carnes,Rio de Janeiro,Brazil,Ikura,0,Seafood,31.0,70,0.0,2170.0,17,False
10886,1998-02-13,1998-03-13,1998-03-02,4.99,Brazil,RJ,HANAR,Hanari Carnes,Rio de Janeiro,Brazil,Gorgonzola Telino,0,Dairy Products,12.5,35,0.0,437.5,17,False
10886,1998-02-13,1998-03-13,1998-03-02,4.99,Brazil,RJ,HANAR,Hanari Carnes,Rio de Janeiro,Brazil,Original Frankfurter grüne Soße,0,Condiments,13.0,40,0.0,520.0,17,False
10887,1998-02-13,1998-03-13,1998-02-16,1.25,Spain,NAO INFORMADO,GALED,Galería del gastrónomo,Barcelona,Spain,NuNuCa Nuß-Nougat-Creme,0,Confections,14.0,5,0.0,70.0,3,False
10888,1998-02-16,1998-03-16,1998-02-23,51.87,Spain,NAO INFORMADO,GODOS,Godos Cocina Típica,Sevilla,Spain,Scottish Longbreads,0,Confections,12.5,18,0.0,225.0,7,False
10889,1998-02-16,1998-03-16,1998-02-23,280.61,USA,NM,RATTC,Rattlesnake Canyon Grocery,Albuquerque,USA,Queso Cabrales,0,Dairy Products,21.0,40,0.0,840.0,7,False
10889,1998-02-16,1998-03-16,1998-02-23,280.61,USA,NM,RATTC,Rattlesnake Canyon Grocery,Albuquerque,USA,Côte de Blaye,0,Beverages,263.5,40,0.0,10540.0,7,False
10890,1998-02-16,1998-03-16,1998-02-18,32.76,France,NAO INFORMADO,DUMON,Du monde entier,Nantes,France,Sasquatch Ale,0,Beverages,14.0,10,0.0,140.0,2,False
10890,1998-02-16,1998-03-16,1998-02-18,32.76,France,NAO INFORMADO,DUMON,Du monde entier,Nantes,France,Jack's New England Clam Chowder,0,Seafood,9.65,14,0.0,135.1,2,False
10891,1998-02-17,1998-03-17,1998-02-19,20.37,Germany,NAO INFORMADO,LEHMS,Lehmanns Marktstand,Frankfurt a.M.,Germany,Nord-Ost Matjeshering,0,Seafood,25.89,15,0.05,368.93,2,False
10892,1998-02-17,1998-03-17,1998-02-19,120.27,Belgium,NAO INFORMADO,MAISD,Maison Dewey,Bruxelles,Belgium,Raclette Courdavault,0,Dairy Products,55.0,40,0.05,2090.0,2,False
10893,1998-02-18,1998-03-18,1998-02-20,77.78,Germany,NAO INFORMADO,KOENE,Königlich Essen,Brandenburg,Germany,Northwoods Cranberry Sauce,0,Condiments,40.0,30,0.0,1200.0,2,False
10893,1998-02-18,1998-03-18,1998-02-20,77.78,Germany,NAO INFORMADO,KOENE,Königlich Essen,Brandenburg,Germany,Nord-Ost Matjeshering,0,Seafood,25.89,35,0.0,906.15,2,False
10893,1998-02-18,1998-03-18,1998-02-20,77.78,Germany,NAO INFORMADO,KOENE,Königlich Essen,Brandenburg,Germany,Inlagd Sill,0,Seafood,19.0,20,0.0,380.0,2,False
10894,1998-02-18,1998-03-18,1998-02-20,116.13,USA,ID,SAVEA,Save-a-lot Markets,Boise,USA,Konbu,0,Seafood,6.0,28,0.05,159.6,2,False
10894,1998-02-18,1998-03-18,1998-02-20,116.13,USA,ID,SAVEA,Save-a-lot Markets,Boise,USA,Gudbrandsdalsost,0,Dairy Products,36.0,50,0.05,1710.0,2,False
10894,1998-02-18,1998-03-18,1998-02-20,116.13,USA,ID,SAVEA,Save-a-lot Markets,Boise,USA,Rhönbräu Klosterbier,0,Beverages,7.75,120,0.05,883.5,2,False
10895,1998-02-18,1998-03-18,1998-02-23,162.75,Austria,NAO INFORMADO,ERNSH,Ernst Handel,Graz,Austria,Chartreuse verte,0,Beverages,18.0,45,0.0,810.0,5,False
10895,1998-02-18,1998-03-18,1998-02-23,162.75,Austria,NAO INFORMADO,ERNSH,Ernst Handel,Graz,Austria,Boston Crab Meat,0,Seafood,18.4,91,0.0,1674.4,5,False
10895,1998-02-18,1998-03-18,1998-02-23,162.75,Austria,NAO INFORMADO,ERNSH,Ernst Handel,Graz,Austria,Camembert Pierrot,0,Dairy Products,34.0,100,0.0,3400.0,5,False
10896,1998-02-19,1998-03-19,1998-02-27,32.45,Belgium,NAO INFORMADO,MAISD,Maison Dewey,Bruxelles,Belgium,Rogede sild,0,Seafood,9.5,15,0.0,142.5,8,False
10896,1998-02-19,1998-03-19,1998-02-27,32.45,Belgium,NAO INFORMADO,MAISD,Maison Dewey,Bruxelles,Belgium,Gnocchi di nonna Alice,0,Grains/Cereals,38.0,16,0.0,608.0,8,False
10897,1998-02-19,1998-03-19,1998-02-25,603.54,Ireland,Co. Cork,HUNGO,Hungry Owl All-Night Grocers,Cork,Ireland,Nord-Ost Matjeshering,0,Seafood,25.89,36,0.0,932.04,6,False
10898,1998-02-20,1998-03-20,1998-03-06,1.27,Argentina,NAO INFORMADO,OCEAN,Océano Atlántico Ltda.,Buenos Aires,Argentina,Konbu,0,Seafood,6.0,5,0.0,30.0,14,False
10899,1998-02-20,1998-03-20,1998-02-26,1.21,Venezuela,Lara,LILAS,LILA-Supermercado,Barquisimeto,Venezuela,Chartreuse verte,0,Beverages,18.0,8,0.15,122.4,6,False
10900,1998-02-20,1998-03-20,1998-03-04,1.66,Brazil,SP,WELLI,Wellington Importadora,Resende,Brazil,Outback Lager,0,Beverages,15.0,3,0.25,33.75,12,False
10901,1998-02-23,1998-03-23,1998-02-26,62.09,Venezuela,Táchira,HILAA,HILARION-Abastos,San Cristóbal,Venezuela,Jack's New England Clam Chowder,0,Seafood,9.65,30,0.0,289.5,3,False
10901,1998-02-23,1998-03-23,1998-02-26,62.09,Venezuela,Táchira,HILAA,HILARION-Abastos,San Cristóbal,Venezuela,Flotemysost,0,Dairy Products,21.5,30,0.0,645.0,3,False
10902,1998-02-23,1998-03-23,1998-03-03,44.15,Sweden,NAO INFORMADO,FOLKO,Folk och fä HB,Bräcke,Sweden,Pâté chinois,0,Meat/Poultry,24.0,30,0.15,612.0,8,False
10902,1998-02-23,1998-03-23,1998-03-03,44.15,Sweden,NAO INFORMADO,FOLKO,Folk och fä HB,Bräcke,Sweden,Tarte au sucre,0,Confections,49.3,6,0.15,251.43,8,False
10903,1998-02-24,1998-03-24,1998-03-04,36.71,Brazil,RJ,HANAR,Hanari Carnes,Rio de Janeiro,Brazil,Konbu,0,Seafood,6.0,40,0.0,240.0,8,False
10903,1998-02-24,1998-03-24,1998-03-04,36.71,Brazil,RJ,HANAR,Hanari Carnes,Rio de Janeiro,Brazil,Louisiana Fiery Hot Pepper Sauce,0,Condiments,21.05,21,0.0,442.05,8,False
10903,1998-02-24,1998-03-24,1998-03-04,36.71,Brazil,RJ,HANAR,Hanari Carnes,Rio de Janeiro,Brazil,Scottish Longbreads,0,Confections,12.5,20,0.0,250.0,8,False
10904,1998-02-24,1998-03-24,1998-02-27,162.95,USA,WA,WHITC,White Clover Markets,Seattle,USA,Escargots de Bourgogne,0,Seafood,13.25,15,0.0,198.75,3,False
10904,1998-02-24,1998-03-24,1998-02-27,162.95,USA,WA,WHITC,White Clover Markets,Seattle,USA,Tarte au sucre,0,Confections,49.3,35,0.0,1725.5,3,False
10906,1998-02-25,1998-03-11,1998-03-03,26.29,Poland,NAO INFORMADO,WOLZA,Wolski  Zajazd,Warszawa,Poland,Sirop d'érable,0,Condiments,28.5,15,0.0,427.5,6,False
10907,1998-02-25,1998-03-25,1998-02-27,9.19,France,NAO INFORMADO,SPECD,Spécialités du monde,Paris,France,Rhönbräu Klosterbier,0,Beverages,7.75,14,0.0,108.5,2,False
10908,1998-02-26,1998-03-26,1998-03-06,32.96,Italy,NAO INFORMADO,REGGC,Reggiani Caseifici,Reggio Emilia,Italy,Uncle Bob's Organic Dried Pears,0,Produce,30.0,20,0.05,570.0,8,False
10908,1998-02-26,1998-03-26,1998-03-06,32.96,Italy,NAO INFORMADO,REGGC,Reggiani Caseifici,Reggio Emilia,Italy,Filo Mix,0,Grains/Cereals,7.0,14,0.05,93.1,8,False
10909,1998-02-26,1998-03-26,1998-03-10,53.05,Norway,NAO INFORMADO,SANTG,Santé Gourmet,Stavern,Norway,Uncle Bob's Organic Dried Pears,0,Produce,30.0,12,0.0,360.0,12,False
10909,1998-02-26,1998-03-26,1998-03-10,53.05,Norway,NAO INFORMADO,SANTG,Santé Gourmet,Stavern,Norway,Pavlova,0,Confections,17.45,15,0.0,261.75,12,False
10909,1998-02-26,1998-03-26,1998-03-10,53.05,Norway,NAO INFORMADO,SANTG,Santé Gourmet,Stavern,Norway,Jack's New England Clam Chowder,0,Seafood,9.65,5,0.0,48.25,12,False
10910,1998-02-26,1998-03-26,1998-03-04,38.11,Finland,NAO INFORMADO,WILMK,Wilman Kala,Helsinki,Finland,Teatime Chocolate Biscuits,0,Confections,9.2,12,0.0,110.4,6,False
10910,1998-02-26,1998-03-26,1998-03-04,38.11,Finland,NAO INFORMADO,WILMK,Wilman Kala,Helsinki,Finland,Maxilaku,0,Confections,20.0,10,0.0,200.0,6,False
10910,1998-02-26,1998-03-26,1998-03-04,38.11,Finland,NAO INFORMADO,WILMK,Wilman Kala,Helsinki,Finland,Sirop d'érable,0,Condiments,28.5,5,0.0,142.5,6,False
10911,1998-02-26,1998-03-26,1998-03-05,38.19,Spain,NAO INFORMADO,GODOS,Godos Cocina Típica,Sevilla,Spain,Laughing Lumberjack Lager,0,Beverages,14.0,15,0.0,210.0,7,False
10912,1998-02-26,1998-03-26,1998-03-18,580.91,Ireland,Co. Cork,HUNGO,Hungry Owl All-Night Grocers,Cork,Ireland,Queso Cabrales,0,Dairy Products,21.0,40,0.25,630.0,20,False
10913,1998-02-26,1998-03-26,1998-03-04,33.05,Brazil,SP,QUEEN,Queen Cozinha,Sao Paulo,Brazil,Chef Anton's Cajun Seasoning,0,Condiments,22.0,30,0.25,495.0,6,False
10913,1998-02-26,1998-03-26,1998-03-04,33.05,Brazil,SP,QUEEN,Queen Cozinha,Sao Paulo,Brazil,Geitost,0,Dairy Products,2.5,40,0.25,75.0,6,False
10913,1998-02-26,1998-03-26,1998-03-04,33.05,Brazil,SP,QUEEN,Queen Cozinha,Sao Paulo,Brazil,Escargots de Bourgogne,0,Seafood,13.25,15,0.0,198.75,6,False
10914,1998-02-27,1998-03-27,1998-03-02,21.19,Brazil,SP,QUEEN,Queen Cozinha,Sao Paulo,Brazil,Flotemysost,0,Dairy Products,21.5,25,0.0,537.5,3,False
10915,1998-02-27,1998-03-27,1998-03-02,3.51,Mexico,NAO INFORMADO,TORTU,Tortuga Restaurante,México D.F.,Mexico,Geitost,0,Dairy Products,2.5,30,0.0,75.0,3,False
10915,1998-02-27,1998-03-27,1998-03-02,3.51,Mexico,NAO INFORMADO,TORTU,Tortuga Restaurante,México D.F.,Mexico,Tourtière,0,Meat/Poultry,7.45,10,0.0,74.5,3,False
10916,1998-02-27,1998-03-27,1998-03-09,63.77,Argentina,NAO INFORMADO,RANCH,Rancho grande,Buenos Aires,Argentina,Pavlova,0,Confections,17.45,6,0.0,104.7,10,False
10916,1998-02-27,1998-03-27,1998-03-09,63.77,Argentina,NAO INFORMADO,RANCH,Rancho grande,Buenos Aires,Argentina,Mascarpone Fabioli,0,Dairy Products,32.0,6,0.0,192.0,10,False
10916,1998-02-27,1998-03-27,1998-03-09,63.77,Argentina,NAO INFORMADO,RANCH,Rancho grande,Buenos Aires,Argentina,Ravioli Angelo,0,Grains/Cereals,19.5,20,0.0,390.0,10,False
10917,1998-03-02,1998-03-30,1998-03-11,8.29,Spain,NAO INFORMADO,ROMEY,Romero y tomillo,Madrid,Spain,Nord-Ost Matjeshering,0,Seafood,25.89,1,0.0,25.89,9,False
10917,1998-03-02,1998-03-30,1998-03-11,8.29,Spain,NAO INFORMADO,ROMEY,Romero y tomillo,Madrid,Spain,Camembert Pierrot,0,Dairy Products,34.0,10,0.0,340.0,9,False
10918,1998-03-02,1998-03-30,1998-03-11,48.83,Canada,BC,BOTTM,Bottom-Dollar Markets,Tsawassen,Canada,Camembert Pierrot,0,Dairy Products,34.0,25,0.25,637.5,9,False
10919,1998-03-02,1998-03-30,1998-03-04,19.8,Venezuela,Nueva Esparta,LINOD,LINO-Delicateses,I. de Margarita,Venezuela,Pavlova,0,Confections,17.45,24,0.0,418.8,2,False
10919,1998-03-02,1998-03-30,1998-03-04,19.8,Venezuela,Nueva Esparta,LINOD,LINO-Delicateses,I. de Margarita,Venezuela,NuNuCa Nuß-Nougat-Creme,0,Confections,14.0,24,0.0,336.0,2,False
10919,1998-03-02,1998-03-30,1998-03-04,19.8,Venezuela,Nueva Esparta,LINOD,LINO-Delicateses,I. de Margarita,Venezuela,Boston Crab Meat,0,Seafood,18.4,20,0.0,368.0,2,False
10920,1998-03-03,1998-03-31,1998-03-09,29.61,UK,Essex,AROUT,Around the Horn,London,UK,Valkoinen suklaa,0,Confections,16.25,24,0.0,390.0,6,False
10921,1998-03-03,1998-04-14,1998-03-09,176.48,Denmark,NAO INFORMADO,VAFFE,Vaffeljernet,Århus,Denmark,Steeleye Stout,0,Beverages,18.0,10,0.0,180.0,6,False
10921,1998-03-03,1998-04-14,1998-03-09,176.48,Denmark,NAO INFORMADO,VAFFE,Vaffeljernet,Århus,Denmark,Vegie-spread,0,Condiments,43.9,40,0.0,1756.0,6,False
10923,1998-03-03,1998-04-14,1998-03-13,68.26,France,NAO INFORMADO,LAMAI,La maison d'Asie,Toulouse,France,Ipoh Coffee,0,Beverages,46.0,10,0.2,368.0,10,False
10923,1998-03-03,1998-04-14,1998-03-13,68.26,France,NAO INFORMADO,LAMAI,La maison d'Asie,Toulouse,France,Laughing Lumberjack Lager,0,Beverages,14.0,24,0.2,268.8,10,False
10924,1998-03-04,1998-04-01,1998-04-08,151.52,Sweden,NAO INFORMADO,BERGS,Berglunds snabbköp,Luleå,Sweden,Ikura,0,Seafood,31.0,20,0.1,558.0,35,True
10924,1998-03-04,1998-04-01,1998-04-08,151.52,Sweden,NAO INFORMADO,BERGS,Berglunds snabbköp,Luleå,Sweden,Rhönbräu Klosterbier,0,Beverages,7.75,6,0.0,46.5,35,True
10925,1998-03-04,1998-04-01,1998-03-13,2.27,Brazil,RJ,HANAR,Hanari Carnes,Rio de Janeiro,Brazil,Inlagd Sill,0,Seafood,19.0,25,0.15,403.75,9,False
10925,1998-03-04,1998-04-01,1998-03-13,2.27,Brazil,RJ,HANAR,Hanari Carnes,Rio de Janeiro,Brazil,Filo Mix,0,Grains/Cereals,7.0,12,0.15,71.4,9,False
10926,1998-03-04,1998-04-01,1998-03-11,39.92,Mexico,NAO INFORMADO,ANATR,Ana Trujillo Emparedados y helados,México D.F.,Mexico,Queso Cabrales,0,Dairy Products,21.0,2,0.0,42.0,7,False
10926,1998-03-04,1998-04-01,1998-03-11,39.92,Mexico,NAO INFORMADO,ANATR,Ana Trujillo Emparedados y helados,México D.F.,Mexico,Konbu,0,Seafood,6.0,10,0.0,60.0,7,False
10926,1998-03-04,1998-04-01,1998-03-11,39.92,Mexico,NAO INFORMADO,ANATR,Ana Trujillo Emparedados y helados,México D.F.,Mexico,Teatime Chocolate Biscuits,0,Confections,9.2,7,0.0,64.4,7,False
10926,1998-03-04,1998-04-01,1998-03-11,39.92,Mexico,NAO INFORMADO,ANATR,Ana Trujillo Emparedados y helados,México D.F.,Mexico,Mozzarella di Giovanni,0,Dairy Products,34.8,10,0.0,348.0,7,False
10927,1998-03-05,1998-04-02,1998-04-08,19.79,France,NAO INFORMADO,LACOR,La corne d'abondance,Versailles,France,Sir Rodney's Marmalade,0,Confections,81.0,5,0.0,405.0,34,True
10927,1998-03-05,1998-04-02,1998-04-08,19.79,France,NAO INFORMADO,LACOR,La corne d'abondance,Versailles,France,Filo Mix,0,Grains/Cereals,7.0,5,0.0,35.0,34,True
10927,1998-03-05,1998-04-02,1998-04-08,19.79,France,NAO INFORMADO,LACOR,La corne d'abondance,Versailles,France,Lakkalikööri,0,Beverages,18.0,20,0.0,360.0,34,True
10928,1998-03-05,1998-04-02,1998-03-18,1.36,Spain,NAO INFORMADO,GALED,Galería del gastrónomo,Barcelona,Spain,Zaanse koeken,0,Confections,9.5,5,0.0,47.5,13,False
10928,1998-03-05,1998-04-02,1998-03-18,1.36,Spain,NAO INFORMADO,GALED,Galería del gastrónomo,Barcelona,Spain,Lakkalikööri,0,Beverages,18.0,5,0.0,90.0,13,False
10929,1998-03-05,1998-04-02,1998-03-12,33.93,Germany,NAO INFORMADO,FRANK,Frankenversand,München,Germany,Sir Rodney's Scones,0,Confections,10.0,60,0.0,600.0,7,False
10929,1998-03-05,1998-04-02,1998-03-12,33.93,Germany,NAO INFORMADO,FRANK,Frankenversand,München,Germany,Rhönbräu Klosterbier,0,Beverages,7.75,49,0.0,379.75,7,False
10929,1998-03-05,1998-04-02,1998-03-12,33.93,Germany,NAO INFORMADO,FRANK,Frankenversand,München,Germany,Original Frankfurter grüne Soße,0,Condiments,13.0,15,0.0,195.0,7,False
10930,1998-03-06,1998-04-17,1998-03-18,15.55,Belgium,NAO INFORMADO,SUPRD,Suprêmes délices,Charleroi,Belgium,Sir Rodney's Scones,0,Confections,10.0,36,0.0,360.0,12,False
10930,1998-03-06,1998-04-17,1998-03-18,15.55,Belgium,NAO INFORMADO,SUPRD,Suprêmes délices,Charleroi,Belgium,Schoggi Schokolade,0,Confections,43.9,25,0.0,1097.5,12,False
10930,1998-03-06,1998-04-17,1998-03-18,15.55,Belgium,NAO INFORMADO,SUPRD,Suprêmes délices,Charleroi,Belgium,Pâté chinois,0,Meat/Poultry,24.0,25,0.2,480.0,12,False
10930,1998-03-06,1998-04-17,1998-03-18,15.55,Belgium,NAO INFORMADO,SUPRD,Suprêmes délices,Charleroi,Belgium,Escargots de Bourgogne,0,Seafood,13.25,30,0.2,318.0,12,False
10931,1998-03-06,1998-03-20,1998-03-19,13.6,Switzerland,NAO INFORMADO,RICSU,Richter Supermarkt,Genève,Switzerland,Konbu,0,Seafood,6.0,42,0.15,214.2,13,False
10931,1998-03-06,1998-03-20,1998-03-19,13.6,Switzerland,NAO INFORMADO,RICSU,Richter Supermarkt,Genève,Switzerland,Ravioli Angelo,0,Grains/Cereals,19.5,30,0.0,585.0,13,False
10932,1998-03-06,1998-04-03,1998-03-24,134.64,France,NAO INFORMADO,BONAP,Bon app',Marseille,France,Pavlova,0,Confections,17.45,30,0.1,471.15,18,False
10932,1998-03-06,1998-04-03,1998-03-24,134.64,France,NAO INFORMADO,BONAP,Bon app',Marseille,France,Tarte au sucre,0,Confections,49.3,14,0.1,621.18,18,False
10932,1998-03-06,1998-04-03,1998-03-24,134.64,France,NAO INFORMADO,BONAP,Bon app',Marseille,France,Mozzarella di Giovanni,0,Dairy Products,34.8,16,0.0,556.8,18,False
10932,1998-03-06,1998-04-03,1998-03-24,134.64,France,NAO INFORMADO,BONAP,Bon app',Marseille,France,Rhönbräu Klosterbier,0,Beverages,7.75,20,0.1,139.5,18,False
10933,1998-03-06,1998-04-03,1998-03-16,54.15,UK,Isle of Wight,ISLAT,Island Trading,Cowes,UK,Sirop d'érable,0,Condiments,28.5,30,0.0,855.0,10,False
10934,1998-03-09,1998-04-06,1998-03-12,32.01,Germany,NAO INFORMADO,LEHMS,Lehmanns Marktstand,Frankfurt a.M.,Germany,Grandma's Boysenberry Spread,0,Condiments,25.0,20,0.0,500.0,3,False
10935,1998-03-09,1998-04-06,1998-03-18,47.59,Brazil,SP,WELLI,Wellington Importadora,Resende,Brazil,Carnarvon Tigers,0,Seafood,62.5,4,0.25,187.5,9,False
10935,1998-03-09,1998-04-06,1998-03-18,47.59,Brazil,SP,WELLI,Wellington Importadora,Resende,Brazil,Tunnbröd,0,Grains/Cereals,9.0,8,0.25,54.0,9,False
10936,1998-03-09,1998-04-06,1998-03-18,33.68,USA,OR,GREAL,Great Lakes Food Market,Eugene,USA,Inlagd Sill,0,Seafood,19.0,30,0.2,456.0,9,False
10937,1998-03-10,1998-03-24,1998-03-13,31.51,Argentina,NAO INFORMADO,CACTU,Cactus Comidas para llevar,Buenos Aires,Argentina,Sasquatch Ale,0,Beverages,14.0,20,0.0,280.0,3,False
10938,1998-03-10,1998-04-07,1998-03-16,31.89,Germany,NAO INFORMADO,QUICK,QUICK-Stop,Cunewalde,Germany,Konbu,0,Seafood,6.0,20,0.25,90.0,6,False
10938,1998-03-10,1998-04-07,1998-03-16,31.89,Germany,NAO INFORMADO,QUICK,QUICK-Stop,Cunewalde,Germany,Ipoh Coffee,0,Beverages,46.0,24,0.25,828.0,6,False
10938,1998-03-10,1998-04-07,1998-03-16,31.89,Germany,NAO INFORMADO,QUICK,QUICK-Stop,Cunewalde,Germany,Camembert Pierrot,0,Dairy Products,34.0,49,0.25,1249.5,6,False
10938,1998-03-10,1998-04-07,1998-03-16,31.89,Germany,NAO INFORMADO,QUICK,QUICK-Stop,Cunewalde,Germany,Flotemysost,0,Dairy Products,21.5,35,0.25,564.38,6,False
10939,1998-03-10,1998-04-07,1998-03-13,76.33,Italy,NAO INFORMADO,MAGAA,Magazzini Alimentari Riuniti,Bergamo,Italy,Laughing Lumberjack Lager,0,Beverages,14.0,40,0.15,476.0,3,False
10940,1998-03-11,1998-04-08,1998-03-23,19.77,France,NAO INFORMADO,BONAP,Bon app',Marseille,France,Uncle Bob's Organic Dried Pears,0,Produce,30.0,8,0.0,240.0,12,False
10940,1998-03-11,1998-04-08,1998-03-23,19.77,France,NAO INFORMADO,BONAP,Bon app',Marseille,France,Konbu,0,Seafood,6.0,20,0.0,120.0,12,False
10941,1998-03-11,1998-04-08,1998-03-20,400.81,USA,ID,SAVEA,Save-a-lot Markets,Boise,USA,Gorgonzola Telino,0,Dairy Products,12.5,44,0.25,412.5,9,False
10941,1998-03-11,1998-04-08,1998-03-20,400.81,USA,ID,SAVEA,Save-a-lot Markets,Boise,USA,Tarte au sucre,0,Confections,49.3,30,0.25,1109.25,9,False
10941,1998-03-11,1998-04-08,1998-03-20,400.81,USA,ID,SAVEA,Save-a-lot Markets,Boise,USA,Scottish Longbreads,0,Confections,12.5,80,0.25,750.0,9,False
10941,1998-03-11,1998-04-08,1998-03-20,400.81,USA,ID,SAVEA,Save-a-lot Markets,Boise,USA,Mozzarella di Giovanni,0,Dairy Products,34.8,50,0.0,1740.0,9,False
10942,1998-03-11,1998-04-08,1998-03-18,17.95,Italy,NAO INFORMADO,REGGC,Reggiani Caseifici,Reggio Emilia,Italy,Maxilaku,0,Confections,20.0,28,0.0,560.0,7,False
10943,1998-03-11,1998-04-08,1998-03-19,2.17,UK,NAO INFORMADO,BSBEV,B's Beverages,London,UK,Konbu,0,Seafood,6.0,15,0.0,90.0,8,False
10943,1998-03-11,1998-04-08,1998-03-19,2.17,UK,NAO INFORMADO,BSBEV,B's Beverages,London,UK,Gustaf's Knäckebröd,0,Grains/Cereals,21.0,21,0.0,441.0,8,False
10943,1998-03-11,1998-04-08,1998-03-19,2.17,UK,NAO INFORMADO,BSBEV,B's Beverages,London,UK,Spegesild,0,Seafood,12.0,15,0.0,180.0,8,False
10944,1998-03-12,1998-03-26,1998-03-13,52.92,Canada,BC,BOTTM,Bottom-Dollar Markets,Tsawassen,Canada,Queso Cabrales,0,Dairy Products,21.0,5,0.25,78.75,1,False
10944,1998-03-12,1998-03-26,1998-03-13,52.92,Canada,BC,BOTTM,Bottom-Dollar Markets,Tsawassen,Canada,Gula Malacca,0,Condiments,19.45,18,0.25,262.58,1,False
10944,1998-03-12,1998-03-26,1998-03-13,52.92,Canada,BC,BOTTM,Bottom-Dollar Markets,Tsawassen,Canada,Gnocchi di nonna Alice,0,Grains/Cereals,38.0,18,0.0,684.0,1,False
10945,1998-03-12,1998-04-09,1998-03-18,10.22,Germany,NAO INFORMADO,MORGK,Morgenstern Gesundkost,Leipzig,Germany,Konbu,0,Seafood,6.0,20,0.0,120.0,6,False
10945,1998-03-12,1998-04-09,1998-03-18,10.22,Germany,NAO INFORMADO,MORGK,Morgenstern Gesundkost,Leipzig,Germany,Gorgonzola Telino,0,Dairy Products,12.5,10,0.0,125.0,6,False
10946,1998-03-12,1998-04-09,1998-03-19,27.2,Denmark,NAO INFORMADO,VAFFE,Vaffeljernet,Århus,Denmark,Ikura,0,Seafood,31.0,25,0.0,775.0,7,False
10946,1998-03-12,1998-04-09,1998-03-19,27.2,Denmark,NAO INFORMADO,VAFFE,Vaffeljernet,Århus,Denmark,Original Frankfurter grüne Soße,0,Condiments,13.0,40,0.0,520.0,7,False
10947,1998-03-13,1998-04-10,1998-03-16,3.26,UK,NAO INFORMADO,BSBEV,B's Beverages,London,UK,Raclette Courdavault,0,Dairy Products,55.0,4,0.0,220.0,3,False
10948,1998-03-13,1998-04-10,1998-03-19,23.39,Spain,NAO INFORMADO,GODOS,Godos Cocina Típica,Sevilla,Spain,Valkoinen suklaa,0,Confections,16.25,9,0.0,146.25,6,False
10948,1998-03-13,1998-04-10,1998-03-19,23.39,Spain,NAO INFORMADO,GODOS,Godos Cocina Típica,Sevilla,Spain,Manjimup Dried Apples,0,Produce,53.0,40,0.0,2120.0,6,False
10948,1998-03-13,1998-04-10,1998-03-19,23.39,Spain,NAO INFORMADO,GODOS,Godos Cocina Típica,Sevilla,Spain,Pâté chinois,0,Meat/Poultry,24.0,4,0.0,96.0,6,False
10949,1998-03-13,1998-04-10,1998-03-17,74.44,Canada,BC,BOTTM,Bottom-Dollar Markets,Tsawassen,Canada,Grandma's Boysenberry Spread,0,Condiments,25.0,12,0.0,300.0,4,False
10949,1998-03-13,1998-04-10,1998-03-17,74.44,Canada,BC,BOTTM,Bottom-Dollar Markets,Tsawassen,Canada,Ikura,0,Seafood,31.0,30,0.0,930.0,4,False
10949,1998-03-13,1998-04-10,1998-03-17,74.44,Canada,BC,BOTTM,Bottom-Dollar Markets,Tsawassen,Canada,Tarte au sucre,0,Confections,49.3,60,0.0,2958.0,4,False
10950,1998-03-16,1998-04-13,1998-03-23,2.5,Italy,NAO INFORMADO,MAGAA,Magazzini Alimentari Riuniti,Bergamo,Italy,Chef Anton's Cajun Seasoning,0,Condiments,22.0,5,0.0,110.0,7,False
10951,1998-03-16,1998-04-27,1998-04-07,30.85,Switzerland,NAO INFORMADO,RICSU,Richter Supermarkt,Genève,Switzerland,Geitost,0,Dairy Products,2.5,15,0.05,35.62,22,False
10951,1998-03-16,1998-04-27,1998-04-07,30.85,Switzerland,NAO INFORMADO,RICSU,Richter Supermarkt,Genève,Switzerland,Jack's New England Clam Chowder,0,Seafood,9.65,6,0.05,55.0,22,False
10951,1998-03-16,1998-04-27,1998-04-07,30.85,Switzerland,NAO INFORMADO,RICSU,Richter Supermarkt,Genève,Switzerland,Rhönbräu Klosterbier,0,Beverages,7.75,50,0.05,368.12,22,False
10952,1998-03-16,1998-04-27,1998-03-24,40.42,Germany,NAO INFORMADO,ALFKI,Alfreds Futterkiste,Berlin,Germany,Grandma's Boysenberry Spread,0,Condiments,25.0,16,0.05,380.0,8,False
10953,1998-03-16,1998-03-30,1998-03-25,23.72,UK,Essex,AROUT,Around the Horn,London,UK,Sir Rodney's Marmalade,0,Confections,81.0,50,0.05,3847.5,9,False
10953,1998-03-16,1998-03-30,1998-03-25,23.72,UK,Essex,AROUT,Around the Horn,London,UK,Gorgonzola Telino,0,Dairy Products,12.5,50,0.05,593.75,9,False
10954,1998-03-17,1998-04-28,1998-03-20,27.91,Venezuela,Nueva Esparta,LINOD,LINO-Delicateses,I. de Margarita,Venezuela,Pavlova,0,Confections,17.45,28,0.15,415.31,3,False
10954,1998-03-17,1998-04-28,1998-03-20,27.91,Venezuela,Nueva Esparta,LINOD,LINO-Delicateses,I. de Margarita,Venezuela,Gorgonzola Telino,0,Dairy Products,12.5,25,0.15,265.62,3,False
10954,1998-03-17,1998-04-28,1998-03-20,27.91,Venezuela,Nueva Esparta,LINOD,LINO-Delicateses,I. de Margarita,Venezuela,Rogede sild,0,Seafood,9.5,30,0.0,285.0,3,False
10954,1998-03-17,1998-04-28,1998-03-20,27.91,Venezuela,Nueva Esparta,LINOD,LINO-Delicateses,I. de Margarita,Venezuela,Camembert Pierrot,0,Dairy Products,34.0,24,0.15,693.6,3,False
10955,1998-03-17,1998-04-14,1998-03-20,3.26,Sweden,NAO INFORMADO,FOLKO,Folk och fä HB,Bräcke,Sweden,Rhönbräu Klosterbier,0,Beverages,7.75,12,0.2,74.4,3,False
10956,1998-03-17,1998-04-28,1998-03-20,44.65,Germany,NAO INFORMADO,BLAUS,Blauer See Delikatessen,Mannheim,Germany,Sir Rodney's Scones,0,Confections,10.0,12,0.0,120.0,3,False
10956,1998-03-17,1998-04-28,1998-03-20,44.65,Germany,NAO INFORMADO,BLAUS,Blauer See Delikatessen,Mannheim,Germany,Zaanse koeken,0,Confections,9.5,14,0.0,133.0,3,False
10956,1998-03-17,1998-04-28,1998-03-20,44.65,Germany,NAO INFORMADO,BLAUS,Blauer See Delikatessen,Mannheim,Germany,Manjimup Dried Apples,0,Produce,53.0,8,0.0,424.0,3,False
10957,1998-03-18,1998-04-15,1998-03-27,105.36,Venezuela,Táchira,HILAA,HILARION-Abastos,San Cristóbal,Venezuela,Nord-Ost Matjeshering,0,Seafood,25.89,30,0.0,776.7,9,False
10957,1998-03-18,1998-04-15,1998-03-27,105.36,Venezuela,Táchira,HILAA,HILARION-Abastos,San Cristóbal,Venezuela,Steeleye Stout,0,Beverages,18.0,40,0.0,720.0,9,False
10957,1998-03-18,1998-04-15,1998-03-27,105.36,Venezuela,Táchira,HILAA,HILARION-Abastos,San Cristóbal,Venezuela,Wimmers gute Semmelknödel,0,Grains/Cereals,33.25,8,0.0,266.0,9,False
10958,1998-03-18,1998-04-15,1998-03-27,49.56,Argentina,NAO INFORMADO,OCEAN,Océano Atlántico Ltda.,Buenos Aires,Argentina,Uncle Bob's Organic Dried Pears,0,Produce,30.0,6,0.0,180.0,9,False
10958,1998-03-18,1998-04-15,1998-03-27,49.56,Argentina,NAO INFORMADO,OCEAN,Océano Atlántico Ltda.,Buenos Aires,Argentina,Mozzarella di Giovanni,0,Dairy Products,34.8,5,0.0,174.0,9,False
10959,1998-03-18,1998-04-29,1998-03-23,4.98,Brazil,SP,GOURL,Gourmet Lanchonetes,Campinas,Brazil,Rhönbräu Klosterbier,0,Beverages,7.75,20,0.15,131.75,5,False
10960,1998-03-19,1998-04-02,1998-04-08,2.08,Venezuela,Táchira,HILAA,HILARION-Abastos,San Cristóbal,Venezuela,Jack's New England Clam Chowder,0,Seafood,9.65,24,0.0,231.6,20,True
10961,1998-03-19,1998-04-16,1998-03-30,104.47,Brazil,SP,QUEEN,Queen Cozinha,Sao Paulo,Brazil,Filo Mix,0,Grains/Cereals,7.0,6,0.05,39.9,11,False
10961,1998-03-19,1998-04-16,1998-03-30,104.47,Brazil,SP,QUEEN,Queen Cozinha,Sao Paulo,Brazil,Lakkalikööri,0,Beverages,18.0,60,0.0,1080.0,11,False
10962,1998-03-19,1998-04-16,1998-03-23,275.79,Germany,NAO INFORMADO,QUICK,QUICK-Stop,Cunewalde,Germany,Uncle Bob's Organic Dried Pears,0,Produce,30.0,45,0.0,1350.0,4,False
10962,1998-03-19,1998-04-16,1998-03-23,275.79,Germany,NAO INFORMADO,QUICK,QUICK-Stop,Cunewalde,Germany,Konbu,0,Seafood,6.0,77,0.0,462.0,4,False
10962,1998-03-19,1998-04-16,1998-03-23,275.79,Germany,NAO INFORMADO,QUICK,QUICK-Stop,Cunewalde,Germany,Gudbrandsdalsost,0,Dairy Products,36.0,9,0.0,324.0,4,False
10962,1998-03-19,1998-04-16,1998-03-23,275.79,Germany,NAO INFORMADO,QUICK,QUICK-Stop,Cunewalde,Germany,Lakkalikööri,0,Beverages,18.0,44,0.0,792.0,4,False
10963,1998-03-19,1998-04-16,1998-03-26,2.7,Portugal,NAO INFORMADO,FURIB,Furia Bacalhau e Frutos do Mar,Lisboa,Portugal,Camembert Pierrot,0,Dairy Products,34.0,2,0.15,57.8,7,False
10964,1998-03-20,1998-04-17,1998-03-24,87.38,France,NAO INFORMADO,SPECD,Spécialités du monde,Paris,France,Carnarvon Tigers,0,Seafood,62.5,6,0.0,375.0,4,False
10964,1998-03-20,1998-04-17,1998-03-24,87.38,France,NAO INFORMADO,SPECD,Spécialités du monde,Paris,France,Côte de Blaye,0,Beverages,263.5,5,0.0,1317.5,4,False
10964,1998-03-20,1998-04-17,1998-03-24,87.38,France,NAO INFORMADO,SPECD,Spécialités du monde,Paris,France,Gudbrandsdalsost,0,Dairy Products,36.0,10,0.0,360.0,4,False
10965,1998-03-20,1998-04-17,1998-03-30,144.38,USA,AK,OLDWO,Old World Delicatessen,Anchorage,USA,Manjimup Dried Apples,0,Produce,53.0,16,0.0,848.0,10,False
10966,1998-03-20,1998-04-17,1998-04-08,27.19,Switzerland,NAO INFORMADO,CHOPS,Chop-suey Chinese,Bern,Switzerland,Gravad lax,0,Seafood,26.0,8,0.0,208.0,19,False
10966,1998-03-20,1998-04-17,1998-04-08,27.19,Switzerland,NAO INFORMADO,CHOPS,Chop-suey Chinese,Bern,Switzerland,Gnocchi di nonna Alice,0,Grains/Cereals,38.0,12,0.15,387.6,19,False
10966,1998-03-20,1998-04-17,1998-04-08,27.19,Switzerland,NAO INFORMADO,CHOPS,Chop-suey Chinese,Bern,Switzerland,Tarte au sucre,0,Confections,49.3,12,0.15,502.86,19,False
10967,1998-03-23,1998-04-20,1998-04-02,62.22,Germany,NAO INFORMADO,TOMSP,Toms Spezialitäten,Münster,Germany,Teatime Chocolate Biscuits,0,Confections,9.2,12,0.0,110.4,10,False
10967,1998-03-23,1998-04-20,1998-04-02,62.22,Germany,NAO INFORMADO,TOMSP,Toms Spezialitäten,Münster,Germany,Maxilaku,0,Confections,20.0,40,0.0,800.0,10,False
10968,1998-03-23,1998-04-20,1998-04-01,74.6,Austria,NAO INFORMADO,ERNSH,Ernst Handel,Graz,Austria,Queso Manchego La Pastora,0,Dairy Products,38.0,30,0.0,1140.0,9,False
10968,1998-03-23,1998-04-20,1998-04-01,74.6,Austria,NAO INFORMADO,ERNSH,Ernst Handel,Graz,Austria,Wimmers gute Semmelknödel,0,Grains/Cereals,33.25,4,0.0,133.0,9,False
10969,1998-03-23,1998-04-20,1998-03-30,0.21,Brazil,SP,COMMI,Comércio Mineiro,Sao Paulo,Brazil,Spegesild,0,Seafood,12.0,9,0.0,108.0,7,False
10970,1998-03-24,1998-04-07,1998-04-24,16.16,Spain,NAO INFORMADO,BOLID,Bólido Comidas preparadas,Madrid,Spain,Filo Mix,0,Grains/Cereals,7.0,40,0.2,224.0,31,True
10972,1998-03-24,1998-04-21,1998-03-26,0.02,France,NAO INFORMADO,LACOR,La corne d'abondance,Versailles,France,Geitost,0,Dairy Products,2.5,7,0.0,17.5,2,False
10973,1998-03-24,1998-04-21,1998-03-27,15.17,France,NAO INFORMADO,LACOR,La corne d'abondance,Versailles,France,Gumbär Gummibärchen,0,Confections,31.23,5,0.0,156.15,3,False
10973,1998-03-24,1998-04-21,1998-03-27,15.17,France,NAO INFORMADO,LACOR,La corne d'abondance,Versailles,France,Jack's New England Clam Chowder,0,Seafood,9.65,6,0.0,57.9,3,False
10973,1998-03-24,1998-04-21,1998-03-27,15.17,France,NAO INFORMADO,LACOR,La corne d'abondance,Versailles,France,Rhönbräu Klosterbier,0,Beverages,7.75,10,0.0,77.5,3,False
10974,1998-03-25,1998-04-08,1998-04-03,12.96,USA,WY,SPLIR,Split Rail Beer & Ale,Lander,USA,Vegie-spread,0,Condiments,43.9,10,0.0,439.0,9,False
10975,1998-03-25,1998-04-22,1998-03-27,32.27,Canada,BC,BOTTM,Bottom-Dollar Markets,Tsawassen,Canada,Northwoods Cranberry Sauce,0,Condiments,40.0,16,0.0,640.0,2,False
10975,1998-03-25,1998-04-22,1998-03-27,32.27,Canada,BC,BOTTM,Bottom-Dollar Markets,Tsawassen,Canada,Rhönbräu Klosterbier,0,Beverages,7.75,10,0.0,77.5,2,False
10977,1998-03-26,1998-04-23,1998-04-10,208.5,Sweden,NAO INFORMADO,FOLKO,Folk och fä HB,Bräcke,Sweden,Chartreuse verte,0,Beverages,18.0,30,0.0,540.0,15,False
10977,1998-03-26,1998-04-23,1998-04-10,208.5,Sweden,NAO INFORMADO,FOLKO,Folk och fä HB,Bräcke,Sweden,Zaanse koeken,0,Confections,9.5,30,0.0,285.0,15,False
10977,1998-03-26,1998-04-23,1998-04-10,208.5,Sweden,NAO INFORMADO,FOLKO,Folk och fä HB,Bräcke,Sweden,Manjimup Dried Apples,0,Produce,53.0,10,0.0,530.0,15,False
10977,1998-03-26,1998-04-23,1998-04-10,208.5,Sweden,NAO INFORMADO,FOLKO,Folk och fä HB,Bräcke,Sweden,Vegie-spread,0,Condiments,43.9,20,0.0,878.0,15,False
10978,1998-03-26,1998-04-23,1998-04-23,32.82,Belgium,NAO INFORMADO,MAISD,Maison Dewey,Bruxelles,Belgium,Northwoods Cranberry Sauce,0,Condiments,40.0,20,0.15,680.0,28,False
10978,1998-03-26,1998-04-23,1998-04-23,32.82,Belgium,NAO INFORMADO,MAISD,Maison Dewey,Bruxelles,Belgium,Sir Rodney's Scones,0,Confections,10.0,40,0.15,340.0,28,False
10978,1998-03-26,1998-04-23,1998-04-23,32.82,Belgium,NAO INFORMADO,MAISD,Maison Dewey,Bruxelles,Belgium,Boston Crab Meat,0,Seafood,18.4,10,0.0,184.0,28,False
10978,1998-03-26,1998-04-23,1998-04-23,32.82,Belgium,NAO INFORMADO,MAISD,Maison Dewey,Bruxelles,Belgium,Gula Malacca,0,Condiments,19.45,6,0.15,99.2,28,False
10979,1998-03-26,1998-04-23,1998-03-31,353.07,Austria,NAO INFORMADO,ERNSH,Ernst Handel,Graz,Austria,Uncle Bob's Organic Dried Pears,0,Produce,30.0,18,0.0,540.0,5,False
10979,1998-03-26,1998-04-23,1998-03-31,353.07,Austria,NAO INFORMADO,ERNSH,Ernst Handel,Graz,Austria,Queso Manchego La Pastora,0,Dairy Products,38.0,20,0.0,760.0,5,False
10979,1998-03-26,1998-04-23,1998-03-31,353.07,Austria,NAO INFORMADO,ERNSH,Ernst Handel,Graz,Austria,Schoggi Schokolade,0,Confections,43.9,30,0.0,1317.0,5,False
10979,1998-03-26,1998-04-23,1998-03-31,353.07,Austria,NAO INFORMADO,ERNSH,Ernst Handel,Graz,Austria,Gorgonzola Telino,0,Dairy Products,12.5,24,0.0,300.0,5,False
10979,1998-03-26,1998-04-23,1998-03-31,353.07,Austria,NAO INFORMADO,ERNSH,Ernst Handel,Graz,Austria,Vegie-spread,0,Condiments,43.9,35,0.0,1536.5,5,False
10980,1998-03-27,1998-05-08,1998-04-17,1.26,Sweden,NAO INFORMADO,FOLKO,Folk och fä HB,Bräcke,Sweden,Rhönbräu Klosterbier,0,Beverages,7.75,40,0.2,248.0,21,False
10981,1998-03-27,1998-04-24,1998-04-02,193.37,Brazil,RJ,HANAR,Hanari Carnes,Rio de Janeiro,Brazil,Côte de Blaye,0,Beverages,263.5,60,0.0,15810.0,6,False
10982,1998-03-27,1998-04-24,1998-04-08,14.01,Canada,BC,BOTTM,Bottom-Dollar Markets,Tsawassen,Canada,Uncle Bob's Organic Dried Pears,0,Produce,30.0,20,0.0,600.0,12,False
10982,1998-03-27,1998-04-24,1998-04-08,14.01,Canada,BC,BOTTM,Bottom-Dollar Markets,Tsawassen,Canada,Ipoh Coffee,0,Beverages,46.0,9,0.0,414.0,12,False
10983,1998-03-27,1998-04-24,1998-04-06,657.54,USA,ID,SAVEA,Save-a-lot Markets,Boise,USA,Konbu,0,Seafood,6.0,84,0.15,428.4,10,False
10983,1998-03-27,1998-04-24,1998-04-06,657.54,USA,ID,SAVEA,Save-a-lot Markets,Boise,USA,Ravioli Angelo,0,Grains/Cereals,19.5,15,0.0,292.5,10,False
10984,1998-03-30,1998-04-27,1998-04-03,211.22,USA,ID,SAVEA,Save-a-lot Markets,Boise,USA,Pavlova,0,Confections,17.45,55,0.0,959.75,4,False
10984,1998-03-30,1998-04-27,1998-04-03,211.22,USA,ID,SAVEA,Save-a-lot Markets,Boise,USA,Inlagd Sill,0,Seafood,19.0,40,0.0,760.0,4,False
10985,1998-03-30,1998-04-27,1998-04-02,91.51,Ireland,Co. Cork,HUNGO,Hungry Owl All-Night Grocers,Cork,Ireland,Pavlova,0,Confections,17.45,36,0.1,565.38,3,False
10985,1998-03-30,1998-04-27,1998-04-02,91.51,Ireland,Co. Cork,HUNGO,Hungry Owl All-Night Grocers,Cork,Ireland,Carnarvon Tigers,0,Seafood,62.5,8,0.1,450.0,3,False
10985,1998-03-30,1998-04-27,1998-04-02,91.51,Ireland,Co. Cork,HUNGO,Hungry Owl All-Night Grocers,Cork,Ireland,Mascarpone Fabioli,0,Dairy Products,32.0,35,0.1,1008.0,3,False
10986,1998-03-30,1998-04-27,1998-04-21,217.86,Argentina,NAO INFORMADO,OCEAN,Océano Atlántico Ltda.,Buenos Aires,Argentina,Queso Cabrales,0,Dairy Products,21.0,30,0.0,630.0,22,False
10986,1998-03-30,1998-04-27,1998-04-21,217.86,Argentina,NAO INFORMADO,OCEAN,Océano Atlántico Ltda.,Buenos Aires,Argentina,Sir Rodney's Marmalade,0,Confections,81.0,15,0.0,1215.0,22,False
10986,1998-03-30,1998-04-27,1998-04-21,217.86,Argentina,NAO INFORMADO,OCEAN,Océano Atlántico Ltda.,Buenos Aires,Argentina,Lakkalikööri,0,Beverages,18.0,10,0.0,180.0,22,False
10986,1998-03-30,1998-04-27,1998-04-21,217.86,Argentina,NAO INFORMADO,OCEAN,Océano Atlántico Ltda.,Buenos Aires,Argentina,Original Frankfurter grüne Soße,0,Condiments,13.0,15,0.0,195.0,22,False
10987,1998-03-31,1998-04-28,1998-04-06,185.48,UK,NAO INFORMADO,EASTC,Eastern Connection,London,UK,Uncle Bob's Organic Dried Pears,0,Produce,30.0,60,0.0,1800.0,6,False
10987,1998-03-31,1998-04-28,1998-04-06,185.48,UK,NAO INFORMADO,EASTC,Eastern Connection,London,UK,Ipoh Coffee,0,Beverages,46.0,6,0.0,276.0,6,False
10987,1998-03-31,1998-04-28,1998-04-06,185.48,UK,NAO INFORMADO,EASTC,Eastern Connection,London,UK,Mozzarella di Giovanni,0,Dairy Products,34.8,20,0.0,696.0,6,False
10988,1998-03-31,1998-04-28,1998-04-10,61.14,USA,NM,RATTC,Rattlesnake Canyon Grocery,Albuquerque,USA,Uncle Bob's Organic Dried Pears,0,Produce,30.0,60,0.0,1800.0,10,False
10988,1998-03-31,1998-04-28,1998-04-10,61.14,USA,NM,RATTC,Rattlesnake Canyon Grocery,Albuquerque,USA,Tarte au sucre,0,Confections,49.3,40,0.1,1774.8,10,False
10989,1998-03-31,1998-04-28,1998-04-02,34.76,Brazil,RJ,QUEDE,Que Delícia,Rio de Janeiro,Brazil,Grandma's Boysenberry Spread,0,Condiments,25.0,40,0.0,1000.0,2,False
10989,1998-03-31,1998-04-28,1998-04-02,34.76,Brazil,RJ,QUEDE,Que Delícia,Rio de Janeiro,Brazil,Queso Cabrales,0,Dairy Products,21.0,15,0.0,315.0,2,False
10989,1998-03-31,1998-04-28,1998-04-02,34.76,Brazil,RJ,QUEDE,Que Delícia,Rio de Janeiro,Brazil,Jack's New England Clam Chowder,0,Seafood,9.65,4,0.0,38.6,2,False
10990,1998-04-01,1998-05-13,1998-04-07,117.61,Austria,NAO INFORMADO,ERNSH,Ernst Handel,Graz,Austria,Sir Rodney's Scones,0,Confections,10.0,65,0.0,650.0,6,False
10990,1998-04-01,1998-05-13,1998-04-07,117.61,Austria,NAO INFORMADO,ERNSH,Ernst Handel,Graz,Austria,Sasquatch Ale,0,Beverages,14.0,60,0.15,714.0,6,False
10990,1998-04-01,1998-05-13,1998-04-07,117.61,Austria,NAO INFORMADO,ERNSH,Ernst Handel,Graz,Austria,Pâté chinois,0,Meat/Poultry,24.0,65,0.15,1326.0,6,False
10990,1998-04-01,1998-05-13,1998-04-07,117.61,Austria,NAO INFORMADO,ERNSH,Ernst Handel,Graz,Austria,Sirop d'érable,0,Condiments,28.5,66,0.15,1598.85,6,False
10991,1998-04-01,1998-04-29,1998-04-07,38.51,Germany,NAO INFORMADO,QUICK,QUICK-Stop,Cunewalde,Germany,Outback Lager,0,Beverages,15.0,20,0.2,240.0,6,False
10991,1998-04-01,1998-04-29,1998-04-07,38.51,Germany,NAO INFORMADO,QUICK,QUICK-Stop,Cunewalde,Germany,Lakkalikööri,0,Beverages,18.0,90,0.2,1296.0,6,False
10992,1998-04-01,1998-04-29,1998-04-03,4.27,USA,OR,THEBI,The Big Cheese,Portland,USA,Mozzarella di Giovanni,0,Dairy Products,34.8,2,0.0,69.6,2,False
10993,1998-04-01,1998-04-29,1998-04-10,8.81,Sweden,NAO INFORMADO,FOLKO,Folk och fä HB,Bräcke,Sweden,Jack's New England Clam Chowder,0,Seafood,9.65,35,0.25,253.31,9,False
10994,1998-04-02,1998-04-16,1998-04-09,65.53,Denmark,NAO INFORMADO,VAFFE,Vaffeljernet,Århus,Denmark,Raclette Courdavault,0,Dairy Products,55.0,18,0.05,940.5,7,False
10995,1998-04-02,1998-04-30,1998-04-06,46.0,Mexico,NAO INFORMADO,PERIC,Pericles Comidas clásicas,México D.F.,Mexico,Manjimup Dried Apples,0,Produce,53.0,20,0.0,1060.0,4,False
10995,1998-04-02,1998-04-30,1998-04-06,46.0,Mexico,NAO INFORMADO,PERIC,Pericles Comidas clásicas,México D.F.,Mexico,Camembert Pierrot,0,Dairy Products,34.0,4,0.0,136.0,4,False
10997,1998-04-03,1998-05-15,1998-04-13,73.91,Venezuela,Lara,LILAS,LILA-Supermercado,Barquisimeto,Venezuela,Mascarpone Fabioli,0,Dairy Products,32.0,50,0.0,1600.0,10,False
10997,1998-04-03,1998-05-15,1998-04-13,73.91,Venezuela,Lara,LILAS,LILA-Supermercado,Barquisimeto,Venezuela,Spegesild,0,Seafood,12.0,20,0.25,180.0,10,False
10997,1998-04-03,1998-05-15,1998-04-13,73.91,Venezuela,Lara,LILAS,LILA-Supermercado,Barquisimeto,Venezuela,Filo Mix,0,Grains/Cereals,7.0,20,0.25,105.0,10,False
10998,1998-04-03,1998-04-17,1998-04-17,20.31,Poland,NAO INFORMADO,WOLZA,Wolski  Zajazd,Warszawa,Poland,Sirop d'érable,0,Condiments,28.5,7,0.0,199.5,14,False
10998,1998-04-03,1998-04-17,1998-04-17,20.31,Poland,NAO INFORMADO,WOLZA,Wolski  Zajazd,Warszawa,Poland,Longlife Tofu,0,Produce,10.0,20,0.0,200.0,14,False
10998,1998-04-03,1998-04-17,1998-04-17,20.31,Poland,NAO INFORMADO,WOLZA,Wolski  Zajazd,Warszawa,Poland,Rhönbräu Klosterbier,0,Beverages,7.75,30,0.0,232.5,14,False
10999,1998-04-03,1998-05-01,1998-04-10,96.35,Germany,NAO INFORMADO,OTTIK,Ottilies Käseladen,Köln,Germany,Jack's New England Clam Chowder,0,Seafood,9.65,20,0.05,183.35,7,False
10999,1998-04-03,1998-05-01,1998-04-10,96.35,Germany,NAO INFORMADO,OTTIK,Ottilies Käseladen,Köln,Germany,Manjimup Dried Apples,0,Produce,53.0,15,0.05,755.25,7,False
10999,1998-04-03,1998-05-01,1998-04-10,96.35,Germany,NAO INFORMADO,OTTIK,Ottilies Käseladen,Köln,Germany,Original Frankfurter grüne Soße,0,Condiments,13.0,21,0.05,259.35,7,False
11000,1998-04-06,1998-05-04,1998-04-14,55.12,USA,NM,RATTC,Rattlesnake Canyon Grocery,Albuquerque,USA,Chef Anton's Cajun Seasoning,0,Condiments,22.0,25,0.25,412.5,8,False
11000,1998-04-06,1998-05-04,1998-04-14,55.12,USA,NM,RATTC,Rattlesnake Canyon Grocery,Albuquerque,USA,Original Frankfurter grüne Soße,0,Condiments,13.0,30,0.0,390.0,8,False
11001,1998-04-06,1998-05-04,1998-04-14,197.3,Sweden,NAO INFORMADO,FOLKO,Folk och fä HB,Bräcke,Sweden,Uncle Bob's Organic Dried Pears,0,Produce,30.0,60,0.0,1800.0,8,False
11001,1998-04-06,1998-05-04,1998-04-14,197.3,Sweden,NAO INFORMADO,FOLKO,Folk och fä HB,Bräcke,Sweden,Gustaf's Knäckebröd,0,Grains/Cereals,21.0,25,0.0,525.0,8,False
11001,1998-04-06,1998-05-04,1998-04-14,197.3,Sweden,NAO INFORMADO,FOLKO,Folk och fä HB,Bräcke,Sweden,Spegesild,0,Seafood,12.0,25,0.0,300.0,8,False
11001,1998-04-06,1998-05-04,1998-04-14,197.3,Sweden,NAO INFORMADO,FOLKO,Folk och fä HB,Bräcke,Sweden,Pâté chinois,0,Meat/Poultry,24.0,6,0.0,144.0,8,False
11002,1998-04-06,1998-05-04,1998-04-16,141.16,USA,ID,SAVEA,Save-a-lot Markets,Boise,USA,Konbu,0,Seafood,6.0,56,0.0,336.0,10,False
11002,1998-04-06,1998-05-04,1998-04-16,141.16,USA,ID,SAVEA,Save-a-lot Markets,Boise,USA,Steeleye Stout,0,Beverages,18.0,15,0.15,229.5,10,False
11002,1998-04-06,1998-05-04,1998-04-16,141.16,USA,ID,SAVEA,Save-a-lot Markets,Boise,USA,Pâté chinois,0,Meat/Poultry,24.0,40,0.0,960.0,10,False
11003,1998-04-06,1998-05-04,1998-04-08,14.91,USA,MT,THECR,The Cracker Box,Butte,USA,Boston Crab Meat,0,Seafood,18.4,10,0.0,184.0,2,False
11003,1998-04-06,1998-05-04,1998-04-08,14.91,USA,MT,THECR,The Cracker Box,Butte,USA,Filo Mix,0,Grains/Cereals,7.0,10,0.0,70.0,2,False
11004,1998-04-07,1998-05-05,1998-04-20,44.84,Belgium,NAO INFORMADO,MAISD,Maison Dewey,Bruxelles,Belgium,Gumbär Gummibärchen,0,Confections,31.23,6,0.0,187.38,13,False
11004,1998-04-07,1998-05-05,1998-04-20,44.84,Belgium,NAO INFORMADO,MAISD,Maison Dewey,Bruxelles,Belgium,Lakkalikööri,0,Beverages,18.0,6,0.0,108.0,13,False
11005,1998-04-07,1998-05-05,1998-04-10,0.75,Finland,NAO INFORMADO,WILMK,Wilman Kala,Helsinki,Finland,Raclette Courdavault,0,Dairy Products,55.0,10,0.0,550.0,3,False
11007,1998-04-08,1998-05-06,1998-04-13,202.24,Portugal,NAO INFORMADO,PRINI,Princesa Isabel Vinhos,Lisboa,Portugal,Northwoods Cranberry Sauce,0,Condiments,40.0,30,0.0,1200.0,5,False
11009,1998-04-08,1998-05-06,1998-04-10,59.11,Spain,NAO INFORMADO,GODOS,Godos Cocina Típica,Sevilla,Spain,Inlagd Sill,0,Seafood,19.0,18,0.25,256.5,2,False
11009,1998-04-08,1998-05-06,1998-04-10,59.11,Spain,NAO INFORMADO,GODOS,Godos Cocina Típica,Sevilla,Spain,Camembert Pierrot,0,Dairy Products,34.0,9,0.0,306.0,2,False
11010,1998-04-09,1998-05-07,1998-04-21,28.71,Italy,NAO INFORMADO,REGGC,Reggiani Caseifici,Reggio Emilia,Italy,Uncle Bob's Organic Dried Pears,0,Produce,30.0,20,0.0,600.0,12,False
11011,1998-04-09,1998-05-07,1998-04-13,1.21,Germany,NAO INFORMADO,ALFKI,Alfreds Futterkiste,Berlin,Germany,Escargots de Bourgogne,0,Seafood,13.25,40,0.05,503.5,4,False
11011,1998-04-09,1998-05-07,1998-04-13,1.21,Germany,NAO INFORMADO,ALFKI,Alfreds Futterkiste,Berlin,Germany,Flotemysost,0,Dairy Products,21.5,20,0.0,430.0,4,False
11012,1998-04-09,1998-04-23,1998-04-17,242.95,Germany,NAO INFORMADO,FRANK,Frankenversand,München,Germany,Teatime Chocolate Biscuits,0,Confections,9.2,50,0.05,437.0,8,False
11012,1998-04-09,1998-04-23,1998-04-17,242.95,Germany,NAO INFORMADO,FRANK,Frankenversand,München,Germany,Camembert Pierrot,0,Dairy Products,34.0,36,0.05,1162.8,8,False
11012,1998-04-09,1998-04-23,1998-04-17,242.95,Germany,NAO INFORMADO,FRANK,Frankenversand,München,Germany,Flotemysost,0,Dairy Products,21.5,60,0.05,1225.5,8,False
11013,1998-04-09,1998-05-07,1998-04-10,32.99,Spain,NAO INFORMADO,ROMEY,Romero y tomillo,Madrid,Spain,Tunnbröd,0,Grains/Cereals,9.0,10,0.0,90.0,1,False
11013,1998-04-09,1998-05-07,1998-04-10,32.99,Spain,NAO INFORMADO,ROMEY,Romero y tomillo,Madrid,Spain,Rogede sild,0,Seafood,9.5,20,0.0,190.0,1,False
11013,1998-04-09,1998-05-07,1998-04-10,32.99,Spain,NAO INFORMADO,ROMEY,Romero y tomillo,Madrid,Spain,Scottish Longbreads,0,Confections,12.5,2,0.0,25.0,1,False
11014,1998-04-10,1998-05-08,1998-04-15,23.6,Venezuela,Nueva Esparta,LINOD,LINO-Delicateses,I. de Margarita,Venezuela,Jack's New England Clam Chowder,0,Seafood,9.65,28,0.1,243.18,5,False
11015,1998-04-10,1998-04-24,1998-04-20,4.62,Norway,NAO INFORMADO,SANTG,Santé Gourmet,Stavern,Norway,Nord-Ost Matjeshering,0,Seafood,25.89,15,0.0,388.35,10,False
11015,1998-04-10,1998-04-24,1998-04-20,4.62,Norway,NAO INFORMADO,SANTG,Santé Gourmet,Stavern,Norway,Original Frankfurter grüne Soße,0,Condiments,13.0,18,0.0,234.0,10,False
11016,1998-04-10,1998-05-08,1998-04-13,33.8,UK,Essex,AROUT,Around the Horn,London,UK,Gorgonzola Telino,0,Dairy Products,12.5,15,0.0,187.5,3,False
11016,1998-04-10,1998-05-08,1998-04-13,33.8,UK,Essex,AROUT,Around the Horn,London,UK,Inlagd Sill,0,Seafood,19.0,16,0.0,304.0,3,False
11017,1998-04-13,1998-05-11,1998-04-20,754.26,Austria,NAO INFORMADO,ERNSH,Ernst Handel,Graz,Austria,Aniseed Syrup,0,Condiments,10.0,25,0.0,250.0,7,False
11017,1998-04-13,1998-05-11,1998-04-20,754.26,Austria,NAO INFORMADO,ERNSH,Ernst Handel,Graz,Austria,Raclette Courdavault,0,Dairy Products,55.0,110,0.0,6050.0,7,False
11017,1998-04-13,1998-05-11,1998-04-20,754.26,Austria,NAO INFORMADO,ERNSH,Ernst Handel,Graz,Austria,Outback Lager,0,Beverages,15.0,30,0.0,450.0,7,False
11018,1998-04-13,1998-05-11,1998-04-16,11.65,USA,OR,LONEP,Lonesome Pine Restaurant,Portland,USA,Queso Manchego La Pastora,0,Dairy Products,38.0,20,0.0,760.0,3,False
11018,1998-04-13,1998-05-11,1998-04-16,11.65,USA,OR,LONEP,Lonesome Pine Restaurant,Portland,USA,Carnarvon Tigers,0,Seafood,62.5,10,0.0,625.0,3,False
11018,1998-04-13,1998-05-11,1998-04-16,11.65,USA,OR,LONEP,Lonesome Pine Restaurant,Portland,USA,Gnocchi di nonna Alice,0,Grains/Cereals,38.0,5,0.0,190.0,3,False
11020,1998-04-14,1998-05-12,1998-04-16,43.3,Germany,NAO INFORMADO,OTTIK,Ottilies Käseladen,Köln,Germany,Ikura,0,Seafood,31.0,24,0.15,632.4,2,False
11021,1998-04-14,1998-05-12,1998-04-21,297.18,Germany,NAO INFORMADO,QUICK,QUICK-Stop,Cunewalde,Germany,Sir Rodney's Marmalade,0,Confections,81.0,15,0.0,1215.0,7,False
11021,1998-04-14,1998-05-12,1998-04-21,297.18,Germany,NAO INFORMADO,QUICK,QUICK-Stop,Cunewalde,Germany,Gumbär Gummibärchen,0,Confections,31.23,63,0.0,1967.49,7,False
11021,1998-04-14,1998-05-12,1998-04-21,297.18,Germany,NAO INFORMADO,QUICK,QUICK-Stop,Cunewalde,Germany,Manjimup Dried Apples,0,Produce,53.0,44,0.25,1749.0,7,False
11021,1998-04-14,1998-05-12,1998-04-21,297.18,Germany,NAO INFORMADO,QUICK,QUICK-Stop,Cunewalde,Germany,Mozzarella di Giovanni,0,Dairy Products,34.8,35,0.0,1218.0,7,False
11022,1998-04-14,1998-05-12,1998-05-04,6.27,Brazil,RJ,HANAR,Hanari Carnes,Rio de Janeiro,Brazil,Teatime Chocolate Biscuits,0,Confections,9.2,35,0.0,322.0,20,False
11022,1998-04-14,1998-05-12,1998-05-04,6.27,Brazil,RJ,HANAR,Hanari Carnes,Rio de Janeiro,Brazil,Gudbrandsdalsost,0,Dairy Products,36.0,30,0.0,1080.0,20,False
11023,1998-04-14,1998-04-28,1998-04-24,123.83,UK,NAO INFORMADO,BSBEV,B's Beverages,London,UK,Uncle Bob's Organic Dried Pears,0,Produce,30.0,4,0.0,120.0,10,False
11023,1998-04-14,1998-04-28,1998-04-24,123.83,UK,NAO INFORMADO,BSBEV,B's Beverages,London,UK,Ipoh Coffee,0,Beverages,46.0,30,0.0,1380.0,10,False
11024,1998-04-15,1998-05-13,1998-04-20,74.36,UK,NAO INFORMADO,EASTC,Eastern Connection,London,UK,Gumbär Gummibärchen,0,Confections,31.23,12,0.0,374.76,5,False
11024,1998-04-15,1998-05-13,1998-04-20,74.36,UK,NAO INFORMADO,EASTC,Eastern Connection,London,UK,Geitost,0,Dairy Products,2.5,30,0.0,75.0,5,False
11024,1998-04-15,1998-05-13,1998-04-20,74.36,UK,NAO INFORMADO,EASTC,Eastern Connection,London,UK,Louisiana Fiery Hot Pepper Sauce,0,Condiments,21.05,21,0.0,442.05,5,False
11024,1998-04-15,1998-05-13,1998-04-20,74.36,UK,NAO INFORMADO,EASTC,Eastern Connection,London,UK,Flotemysost,0,Dairy Products,21.5,50,0.0,1075.0,5,False
11025,1998-04-15,1998-05-13,1998-04-24,29.17,Finland,NAO INFORMADO,WARTH,Wartian Herkku,Oulu,Finland,Konbu,0,Seafood,6.0,20,0.1,108.0,9,False
11026,1998-04-15,1998-05-13,1998-04-28,47.09,Italy,NAO INFORMADO,FRANS,Franchi S.p.A.,Torino,Italy,Carnarvon Tigers,0,Seafood,62.5,8,0.0,500.0,13,False
11026,1998-04-15,1998-05-13,1998-04-28,47.09,Italy,NAO INFORMADO,FRANS,Franchi S.p.A.,Torino,Italy,Manjimup Dried Apples,0,Produce,53.0,10,0.0,530.0,13,False
11027,1998-04-16,1998-05-14,1998-04-20,52.52,Canada,BC,BOTTM,Bottom-Dollar Markets,Tsawassen,Canada,Tarte au sucre,0,Confections,49.3,21,0.25,776.47,4,False
11028,1998-04-16,1998-05-14,1998-04-22,29.59,Germany,NAO INFORMADO,KOENE,Königlich Essen,Brandenburg,Germany,Pâté chinois,0,Meat/Poultry,24.0,35,0.0,840.0,6,False
11028,1998-04-16,1998-05-14,1998-04-22,29.59,Germany,NAO INFORMADO,KOENE,Königlich Essen,Brandenburg,Germany,Raclette Courdavault,0,Dairy Products,55.0,24,0.0,1320.0,6,False
11029,1998-04-16,1998-05-14,1998-04-27,47.84,Switzerland,NAO INFORMADO,CHOPS,Chop-suey Chinese,Bern,Switzerland,Gnocchi di nonna Alice,0,Grains/Cereals,38.0,20,0.0,760.0,11,False
11029,1998-04-16,1998-05-14,1998-04-27,47.84,Switzerland,NAO INFORMADO,CHOPS,Chop-suey Chinese,Bern,Switzerland,Vegie-spread,0,Condiments,43.9,12,0.0,526.8,11,False
11030,1998-04-17,1998-05-15,1998-04-27,830.75,USA,ID,SAVEA,Save-a-lot Markets,Boise,USA,Raclette Courdavault,0,Dairy Products,55.0,100,0.25,4125.0,10,False
11031,1998-04-17,1998-05-15,1998-04-24,227.22,USA,ID,SAVEA,Save-a-lot Markets,Boise,USA,Konbu,0,Seafood,6.0,80,0.0,480.0,7,False
11031,1998-04-17,1998-05-15,1998-04-24,227.22,USA,ID,SAVEA,Save-a-lot Markets,Boise,USA,Wimmers gute Semmelknödel,0,Grains/Cereals,33.25,20,0.0,665.0,7,False
11031,1998-04-17,1998-05-15,1998-04-24,227.22,USA,ID,SAVEA,Save-a-lot Markets,Boise,USA,Flotemysost,0,Dairy Products,21.5,16,0.0,344.0,7,False
11032,1998-04-17,1998-05-15,1998-04-23,606.19,USA,WA,WHITC,White Clover Markets,Seattle,USA,Inlagd Sill,0,Seafood,19.0,35,0.0,665.0,6,False
11032,1998-04-17,1998-05-15,1998-04-23,606.19,USA,WA,WHITC,White Clover Markets,Seattle,USA,Côte de Blaye,0,Beverages,263.5,25,0.0,6587.5,6,False
11032,1998-04-17,1998-05-15,1998-04-23,606.19,USA,WA,WHITC,White Clover Markets,Seattle,USA,Raclette Courdavault,0,Dairy Products,55.0,30,0.0,1650.0,6,False
11033,1998-04-17,1998-05-15,1998-04-23,84.74,Switzerland,NAO INFORMADO,RICSU,Richter Supermarkt,Genève,Switzerland,Gudbrandsdalsost,0,Dairy Products,36.0,36,0.1,1166.4,6,False
11034,1998-04-20,1998-06-01,1998-04-27,40.32,USA,AK,OLDWO,Old World Delicatessen,Anchorage,USA,Sir Rodney's Scones,0,Confections,10.0,15,0.1,135.0,7,False
11034,1998-04-20,1998-06-01,1998-04-27,40.32,USA,AK,OLDWO,Old World Delicatessen,Anchorage,USA,Gula Malacca,0,Condiments,19.45,12,0.0,233.4,7,False
11034,1998-04-20,1998-06-01,1998-04-27,40.32,USA,AK,OLDWO,Old World Delicatessen,Anchorage,USA,Sirop d'érable,0,Condiments,28.5,6,0.0,171.0,7,False
11035,1998-04-20,1998-05-18,1998-04-24,0.17,Belgium,NAO INFORMADO,SUPRD,Suprêmes délices,Charleroi,Belgium,Steeleye Stout,0,Beverages,18.0,60,0.0,1080.0,4,False
11035,1998-04-20,1998-05-18,1998-04-24,0.17,Belgium,NAO INFORMADO,SUPRD,Suprêmes délices,Charleroi,Belgium,Tourtière,0,Meat/Poultry,7.45,10,0.0,74.5,4,False
11036,1998-04-20,1998-05-18,1998-04-22,149.47,Germany,NAO INFORMADO,DRACD,Drachenblut Delikatessen,Aachen,Germany,Konbu,0,Seafood,6.0,7,0.0,42.0,2,False
11036,1998-04-20,1998-05-18,1998-04-22,149.47,Germany,NAO INFORMADO,DRACD,Drachenblut Delikatessen,Aachen,Germany,Raclette Courdavault,0,Dairy Products,55.0,30,0.0,1650.0,2,False
11037,1998-04-21,1998-05-19,1998-04-27,3.2,Spain,NAO INFORMADO,GODOS,Godos Cocina Típica,Sevilla,Spain,Outback Lager,0,Beverages,15.0,4,0.0,60.0,6,False
11038,1998-04-21,1998-05-19,1998-04-30,29.59,Belgium,NAO INFORMADO,SUPRD,Suprêmes délices,Charleroi,Belgium,Boston Crab Meat,0,Seafood,18.4,5,0.2,73.6,9,False
11038,1998-04-21,1998-05-19,1998-04-30,29.59,Belgium,NAO INFORMADO,SUPRD,Suprêmes délices,Charleroi,Belgium,Filo Mix,0,Grains/Cereals,7.0,2,0.0,14.0,9,False
11038,1998-04-21,1998-05-19,1998-04-30,29.59,Belgium,NAO INFORMADO,SUPRD,Suprêmes délices,Charleroi,Belgium,Flotemysost,0,Dairy Products,21.5,30,0.0,645.0,9,False
11041,1998-04-22,1998-05-20,1998-04-28,48.22,Switzerland,NAO INFORMADO,CHOPS,Chop-suey Chinese,Bern,Switzerland,Vegie-spread,0,Condiments,43.9,30,0.0,1317.0,6,False
11042,1998-04-22,1998-05-06,1998-05-01,29.99,Brazil,SP,COMMI,Comércio Mineiro,Sao Paulo,Brazil,Gula Malacca,0,Condiments,19.45,15,0.0,291.75,9,False
11042,1998-04-22,1998-05-06,1998-05-01,29.99,Brazil,SP,COMMI,Comércio Mineiro,Sao Paulo,Brazil,Sirop d'érable,0,Condiments,28.5,4,0.0,114.0,9,False
11043,1998-04-22,1998-05-20,1998-04-29,8.8,France,NAO INFORMADO,SPECD,Spécialités du monde,Paris,France,Queso Cabrales,0,Dairy Products,21.0,10,0.0,210.0,7,False
11044,1998-04-23,1998-05-21,1998-05-01,8.72,Poland,NAO INFORMADO,WOLZA,Wolski  Zajazd,Warszawa,Poland,Tarte au sucre,0,Confections,49.3,12,0.0,591.6,8,False
11046,1998-04-23,1998-05-21,1998-04-24,71.64,Germany,NAO INFORMADO,WANDK,Die Wandernde Kuh,Stuttgart,Germany,Queso Manchego La Pastora,0,Dairy Products,38.0,20,0.05,722.0,1,False
11046,1998-04-23,1998-05-21,1998-04-24,71.64,Germany,NAO INFORMADO,WANDK,Die Wandernde Kuh,Stuttgart,Germany,Mascarpone Fabioli,0,Dairy Products,32.0,15,0.05,456.0,1,False
11046,1998-04-23,1998-05-21,1998-04-24,71.64,Germany,NAO INFORMADO,WANDK,Die Wandernde Kuh,Stuttgart,Germany,Steeleye Stout,0,Beverages,18.0,18,0.05,307.8,1,False
11048,1998-04-24,1998-05-22,1998-04-30,24.12,Canada,BC,BOTTM,Bottom-Dollar Markets,Tsawassen,Canada,Scottish Longbreads,0,Confections,12.5,42,0.0,525.0,6,False
11049,1998-04-24,1998-05-22,1998-05-04,8.34,Brazil,SP,GOURL,Gourmet Lanchonetes,Campinas,Brazil,Queso Manchego La Pastora,0,Dairy Products,38.0,4,0.2,121.6,10,False
11050,1998-04-27,1998-05-25,1998-05-05,59.41,Sweden,NAO INFORMADO,FOLKO,Folk och fä HB,Bräcke,Sweden,Lakkalikööri,0,Beverages,18.0,50,0.1,810.0,8,False
11052,1998-04-27,1998-05-25,1998-05-01,67.26,Brazil,RJ,HANAR,Hanari Carnes,Rio de Janeiro,Brazil,Ipoh Coffee,0,Beverages,46.0,30,0.2,1104.0,4,False
11052,1998-04-27,1998-05-25,1998-05-01,67.26,Brazil,RJ,HANAR,Hanari Carnes,Rio de Janeiro,Brazil,Sirop d'érable,0,Condiments,28.5,10,0.2,228.0,4,False
11053,1998-04-27,1998-05-25,1998-04-29,53.05,Austria,NAO INFORMADO,PICCO,Piccolo und mehr,Salzburg,Austria,Carnarvon Tigers,0,Seafood,62.5,35,0.2,1750.0,2,False
11053,1998-04-27,1998-05-25,1998-04-29,53.05,Austria,NAO INFORMADO,PICCO,Piccolo und mehr,Salzburg,Austria,Mascarpone Fabioli,0,Dairy Products,32.0,20,0.0,640.0,2,False
11053,1998-04-27,1998-05-25,1998-04-29,53.05,Austria,NAO INFORMADO,PICCO,Piccolo und mehr,Salzburg,Austria,Wimmers gute Semmelknödel,0,Grains/Cereals,33.25,25,0.2,665.0,2,False
11055,1998-04-28,1998-05-26,1998-05-05,120.92,Venezuela,Táchira,HILAA,HILARION-Abastos,San Cristóbal,Venezuela,NuNuCa Nuß-Nougat-Creme,0,Confections,14.0,15,0.0,210.0,7,False
11055,1998-04-28,1998-05-26,1998-05-05,120.92,Venezuela,Táchira,HILAA,HILARION-Abastos,San Cristóbal,Venezuela,Manjimup Dried Apples,0,Produce,53.0,20,0.0,1060.0,7,False
11055,1998-04-28,1998-05-26,1998-05-05,120.92,Venezuela,Táchira,HILAA,HILARION-Abastos,San Cristóbal,Venezuela,Ravioli Angelo,0,Grains/Cereals,19.5,20,0.0,390.0,7,False
11056,1998-04-28,1998-05-12,1998-05-01,278.96,UK,NAO INFORMADO,EASTC,Eastern Connection,London,UK,Uncle Bob's Organic Dried Pears,0,Produce,30.0,40,0.0,1200.0,3,False
11056,1998-04-28,1998-05-12,1998-05-01,278.96,UK,NAO INFORMADO,EASTC,Eastern Connection,London,UK,Pâté chinois,0,Meat/Poultry,24.0,35,0.0,840.0,3,False
11056,1998-04-28,1998-05-12,1998-05-01,278.96,UK,NAO INFORMADO,EASTC,Eastern Connection,London,UK,Camembert Pierrot,0,Dairy Products,34.0,50,0.0,1700.0,3,False
11057,1998-04-29,1998-05-27,1998-05-01,4.13,UK,NAO INFORMADO,NORTS,North/South,London,UK,Outback Lager,0,Beverages,15.0,3,0.0,45.0,2,False
11060,1998-04-30,1998-05-28,1998-05-04,10.98,Italy,NAO INFORMADO,FRANS,Franchi S.p.A.,Torino,Italy,Camembert Pierrot,0,Dairy Products,34.0,4,0.0,136.0,4,False
11060,1998-04-30,1998-05-28,1998-05-04,10.98,Italy,NAO INFORMADO,FRANS,Franchi S.p.A.,Torino,Italy,Original Frankfurter grüne Soße,0,Condiments,13.0,10,0.0,130.0,4,False
11063,1998-04-30,1998-05-28,1998-05-06,81.73,Ireland,Co. Cork,HUNGO,Hungry Owl All-Night Grocers,Cork,Ireland,Sasquatch Ale,0,Beverages,14.0,30,0.0,420.0,6,False
11063,1998-04-30,1998-05-28,1998-05-06,81.73,Ireland,Co. Cork,HUNGO,Hungry Owl All-Night Grocers,Cork,Ireland,Boston Crab Meat,0,Seafood,18.4,40,0.1,662.4,6,False
11063,1998-04-30,1998-05-28,1998-05-06,81.73,Ireland,Co. Cork,HUNGO,Hungry Owl All-Night Grocers,Cork,Ireland,Jack's New England Clam Chowder,0,Seafood,9.65,30,0.1,260.55,6,False
11064,1998-05-01,1998-05-29,1998-05-04,30.09,USA,ID,SAVEA,Save-a-lot Markets,Boise,USA,Jack's New England Clam Chowder,0,Seafood,9.65,12,0.0,115.8,3,False
11064,1998-05-01,1998-05-29,1998-05-04,30.09,USA,ID,SAVEA,Save-a-lot Markets,Boise,USA,Pâté chinois,0,Meat/Poultry,24.0,4,0.1,86.4,3,False
11064,1998-05-01,1998-05-29,1998-05-04,30.09,USA,ID,SAVEA,Save-a-lot Markets,Boise,USA,Scottish Longbreads,0,Confections,12.5,55,0.0,687.5,3,False
11066,1998-05-01,1998-05-29,1998-05-04,44.72,USA,WA,WHITC,White Clover Markets,Seattle,USA,Pavlova,0,Confections,17.45,3,0.0,52.35,3,False
11066,1998-05-01,1998-05-29,1998-05-04,44.72,USA,WA,WHITC,White Clover Markets,Seattle,USA,Teatime Chocolate Biscuits,0,Confections,9.2,42,0.0,386.4,3,False
11066,1998-05-01,1998-05-29,1998-05-04,44.72,USA,WA,WHITC,White Clover Markets,Seattle,USA,Sasquatch Ale,0,Beverages,14.0,35,0.0,490.0,3,False
11067,1998-05-04,1998-05-18,1998-05-06,7.98,Germany,NAO INFORMADO,DRACD,Drachenblut Delikatessen,Aachen,Germany,Jack's New England Clam Chowder,0,Seafood,9.65,9,0.0,86.85,2,False
11069,1998-05-04,1998-06-01,1998-05-06,15.67,Mexico,NAO INFORMADO,TORTU,Tortuga Restaurante,México D.F.,Mexico,Chartreuse verte,0,Beverages,18.0,20,0.0,360.0,2,False
