id_pedido,data_pedido,data_prometida,data_envio,frete,pais_entrega,regiao_entrega,id_cliente,cliente,cidade_cliente,pais_cliente,produto,descontinuado,categoria,preco_unitario,quantidade,desconto
10248,1996-07-04,1996-08-01,1996-07-16,32.38,France,,VINET,Vins et alcools Chevalier,Reims,France,Queso Cabrales,0,Dairy Products,14.0,12,0.0
10248,1996-07-04,1996-08-01,1996-07-16,32.38,France,,VINET,Vins et alcools Chevalier,Reims,France,Singaporean Hokkien Fried Mee,1,Grains/Cereals,9.8,10,0.0
10248,1996-07-04,1996-08-01,1996-07-16,32.38,France,,VINET,Vins et alcools Chevalier,Reims,France,Mozzarella di Giovanni,0,Dairy Products,34.8,5,0.0
10249,1996-07-05,1996-08-16,1996-07-10,11.61,Germany,,TOMSP,Toms Spezialitäten,Münster,Germany,Tofu,0,Produce,18.6,9,0.0
10249,1996-07-05,1996-08-16,1996-07-10,11.61,Germany,,TOMSP,Toms Spezialitäten,Münster,Germany,Manjimup Dried Apples,0,Produce,42.4,40,0.0
10250,1996-07-08,1996-08-05,1996-07-12,65.83,Brazil,RJ,HANAR,Hanari Carnes,Rio de Janeiro,Brazil,Jack's New England Clam Chowder,0,Seafood,7.7,10,0.0
10250,1996-07-08,1996-08-05,1996-07-12,65.83,Brazil,RJ,HANAR,Hanari Carnes,Rio de Janeiro,Brazil,Manjimup Dried Apples,0,Produce,42.4,35,0.15
10250,1996-07-08,1996-08-05,1996-07-12,65.83,Brazil,RJ,HANAR,Hanari Carnes,Rio de Janeiro,Brazil,Louisiana Fiery Hot Pepper Sauce,0,Condiments,16.8,15,0.15
10251,1996-07-08,1996-08-05,1996-07-15,41.34,France,,VICTE,Victuailles en stock,Lyon,France,Gustaf's Knäckebröd,0,Grains/Cereals,16.8,6,0.05
10251,1996-07-08,1996-08-05,1996-07-15,41.34,France,,VICTE,Victuailles en stock,Lyon,France,Ravioli Angelo,0,Grains/Cereals,15.6,15,0.05
10251,1996-07-08,1996-08-05,1996-07-15,41.34,France,,VICTE,Victuailles en stock,Lyon,France,Louisiana Fiery Hot Pepper Sauce,0,Condiments,16.8,20,0.0
10252,1996-07-09,1996-08-06,1996-07-11,51.3,Belgium,,SUPRD,Suprêmes délices,Charleroi,Belgium,Sir Rodney's Marmalade,0,Confections,64.8,40,0.05
10252,1996-07-09,1996-08-06,1996-07-11,51.3,Belgium,,SUPRD,Suprêmes délices,Charleroi,Belgium,Geitost,0,Dairy Products,2.0,25,0.05
10252,1996-07-09,1996-08-06,1996-07-11,51.3,Belgium,,SUPRD,Suprêmes délices,Charleroi,Belgium,Camembert Pierrot,0,Dairy Products,27.2,40,0.0
10253,1996-07-10,1996-07-24,1996-07-16,58.17,Brazil,RJ,HANAR,Hanari Carnes,Rio de Janeiro,Brazil,Gorgonzola Telino,0,Dairy Products,10.0,20,0.0
10253,1996-07-10,1996-07-24,1996-07-16,58.17,Brazil,RJ,HANAR,Hanari Carnes,Rio de Janeiro,Brazil,Chartreuse verte,0,Beverages,14.4,42,0.0
10253,1996-07-10,1996-07-24,1996-07-16,58.17,Brazil,RJ,HANAR,Hanari Carnes,Rio de Janeiro,Brazil,Maxilaku,0,Confections,16.0,40,0.0
10254,1996-07-11,1996-08-08,1996-07-23,22.98,Switzerland,,CHOPS,Chop-suey Chinese,Bern,Switzerland,Guaraná Fantástica,1,Beverages,3.6,15,0.15
10254,1996-07-11,1996-08-08,1996-07-23,22.98,Switzerland,,CHOPS,Chop-suey Chinese,Bern,Switzerland,Pâté chinois,0,Meat/Poultry,19.2,21,0.15
10254,1996-07-11,1996-08-08,1996-07-23,22.98,Switzerland,,CHOPS,Chop-suey Chinese,Bern,Switzerland,Longlife Tofu,0,Produce,8.0,21,0.0
10255,1996-07-12,1996-08-09,1996-07-15,148.33,Switzerland,,RICSU,Richter Supermarkt,Genève,Switzerland,Chang,1,Beverages,15.2,20,0.0
10255,1996-07-12,1996-08-09,1996-07-15,148.33,Switzerland,,RICSU,Richter Supermarkt,Genève,Switzerland,Pavlova,0,Confections,13.9,35,0.0
10255,1996-07-12,1996-08-09,1996-07-15,148.33,Switzerland,,RICSU,Richter Supermarkt,Genève,Switzerland,Inlagd Sill,0,Seafood,15.2,25,0.0
10255,1996-07-12,1996-08-09,1996-07-15,148.33,Switzerland,,RICSU,Richter Supermarkt,Genève,Switzerland,Raclette Courdavault,0,Dairy Products,44.0,30,0.0
10256,1996-07-15,1996-08-12,1996-07-17,13.97,Brazil,SP,WELLI,Wellington Importadora,Resende,Brazil,Perth Pasties,1,Meat/Poultry,26.2,15,0.0
10256,1996-07-15,1996-08-12,1996-07-17,13.97,Brazil,SP,WELLI,Wellington Importadora,Resende,Brazil,Original Frankfurter grüne Soße,0,Condiments,10.4,12,0.0
10257,1996-07-16,1996-08-13,1996-07-22,81.91,Venezuela,Táchira,HILAA,HILARION-Abastos,San Cristóbal,Venezuela,Schoggi Schokolade,0,Confections,35.1,25,0.0
10257,1996-07-16,1996-08-13,1996-07-22,81.91,Venezuela,Táchira,HILAA,HILARION-Abastos,San Cristóbal,Venezuela,Chartreuse verte,0,Beverages,14.4,6,0.0
10257,1996-07-16,1996-08-13,1996-07-22,81.91,Venezuela,Táchira,HILAA,HILARION-Abastos,San Cristóbal,Venezuela,Original Frankfurter grüne Soße,0,Condiments,10.4,15,0.0
10258,1996-07-17,1996-08-14,1996-07-23,140.51,Austria,,ERNSH,Ernst Handel,Graz,Austria,Chang,1,Beverages,15.2,50,0.2
10258,1996-07-17,1996-08-14,1996-07-23,140.51,Austria,,ERNSH,Ernst Handel,Graz,Austria,Chef Anton's Gumbo Mix,1,Condiments,17.0,65,0.2
10258,1996-07-17,1996-08-14,1996-07-23,140.51,Austria,,ERNSH,Ernst Handel,Graz,Austria,Mascarpone Fabioli,0,Dairy Products,25.6,6,0.2
10259,1996-07-18,1996-08-15,1996-07-25,3.25,Mexico,,CENTC,Centro comercial Moctezuma,México D.F.,Mexico,Sir Rodney's Scones,0,Confections,8.0,10,0.0
10259,1996-07-18,1996-08-15,1996-07-25,3.25,Mexico,,CENTC,Centro comercial Moctezuma,México D.F.,Mexico,Gravad lax,0,Seafood,20.8,1,0.0
10260,1996-07-19,1996-08-16,1996-07-29,55.09,Germany,,OTTIK,Ottilies Käseladen,Köln,Germany,Jack's New England Clam Chowder,0,Seafood,7.7,16,0.25
10260,1996-07-19,1996-08-16,1996-07-29,55.09,Germany,,OTTIK,Ottilies Käseladen,Köln,Germany,Ravioli Angelo,0,Grains/Cereals,15.6,50,0.0
10260,1996-07-19,1996-08-16,1996-07-29,55.09,Germany,,OTTIK,Ottilies Käseladen,Köln,Germany,Tarte au sucre,0,Confections,39.4,15,0.25
10260,1996-07-19,1996-08-16,1996-07-29,55.09,Germany,,OTTIK,Ottilies Käseladen,Köln,Germany,Outback Lager,0,Beverages,12.0,21,0.25
10261,1996-07-19,1996-08-16,1996-07-30,3.05,Brazil,RJ,QUEDE,Que Delícia,Rio de Janeiro,Brazil,Sir Rodney's Scones,0,Confections,8.0,20,0.0
10261,1996-07-19,1996-08-16,1996-07-30,3.05,Brazil,RJ,QUEDE,Que Delícia,Rio de Janeiro,Brazil,Steeleye Stout,0,Beverages,14.4,20,0.0
10262,1996-07-22,1996-08-19,1996-07-25,48.29,USA,NM,RATTC,Rattlesnake Canyon Grocery,Albuquerque,USA,Chef Anton's Gumbo Mix,1,Condiments,17.0,12,0.2
10262,1996-07-22,1996-08-19,1996-07-25,48.29,USA,NM,RATTC,Rattlesnake Canyon Grocery,Albuquerque,USA,Uncle Bob's Organic Dried Pears,0,Produce,24.0,15,0.0
10262,1996-07-22,1996-08-19,1996-07-25,48.29,USA,NM,RATTC,Rattlesnake Canyon Grocery,Albuquerque,USA,Gnocchi di nonna Alice,0,Grains/Cereals,30.4,2,0.0
10263,1996-07-23,1996-08-20,1996-07-31,146.06,Austria,,ERNSH,Ernst Handel,Graz,Austria,Pavlova,0,Confections,13.9,60,0.25
10263,1996-07-23,1996-08-20,1996-07-31,146.06,Austria,,ERNSH,Ernst Handel,Graz,Austria,Guaraná Fantástica,1,Beverages,3.6,28,0.0
10263,1996-07-23,1996-08-20,1996-07-31,146.06,Austria,,ERNSH,Ernst Handel,Graz,Austria,Nord-Ost Matjeshering,0,Seafood,20.7,60,0.25
10263,1996-07-23,1996-08-20,1996-07-31,146.06,Austria,,ERNSH,Ernst Handel,Graz,Austria,Longlife Tofu,0,Produce,8.0,36,0.25
10264,1996-07-24,1996-08-21,1996-08-23,3.67,Sweden,,FOLKO,Folk och fä HB,Bräcke,Sweden,Chang,1,Beverages,15.2,35,0.0
10264,1996-07-24,1996-08-21,1996-08-23,3.67,Sweden,,FOLKO,Folk och fä HB,Bräcke,Sweden,Jack's New England Clam Chowder,0,Seafood,7.7,25,0.15
10265,1996-07-25,1996-08-22,1996-08-12,55.28,France,,BLONP,Blondesddsl père et fils,Strasbourg,France,Alice Mutton,1,Meat/Poultry,31.2,30,0.0
10265,1996-07-25,1996-08-22,1996-08-12,55.28,France,,BLONP,Blondesddsl père et fils,Strasbourg,France,Outback Lager,0,Beverages,12.0,20,0.0
10266,1996-07-26,1996-09-06,1996-07-31,25.73,Finland,,WARTH,Wartian Herkku,Oulu,Finland,Queso Manchego La Pastora,0,Dairy Products,30.4,12,0.05
10267,1996-07-29,1996-08-26,1996-08-06,208.58,Germany,,FRANK,Frankenversand,München,Germany,Boston Crab Meat,0,Seafood,14.7,50,0.0
10267,1996-07-29,1996-08-26,1996-08-06,208.58,Germany,,FRANK,Frankenversand,München,Germany,Raclette Courdavault,0,Dairy Products,44.0,70,0.15
10267,1996-07-29,1996-08-26,1996-08-06,208.58,Germany,,FRANK,Frankenversand,München,Germany,Lakkalikööri,0,Beverages,14.4,15,0.15
10268,1996-07-30,1996-08-27,1996-08-02,66.29,Venezuela,DF,GROSR,GROSELLA-Restaurante,Caracas,Venezuela,Thüringer Rostbratwurst,1,Meat/Poultry,99.0,10,0.0
10268,1996-07-30,1996-08-27,1996-08-02,66.29,Venezuela,DF,GROSR,GROSELLA-Restaurante,Caracas,Venezuela,Mozzarella di Giovanni,0,Dairy Products,27.8,4,0.0
10269,1996-07-31,1996-08-14,1996-08-09,4.56,USA,WA,WHITC,White Clover Markets,Seattle,USA,Geitost,0,Dairy Products,2.0,60,0.05
10269,1996-07-31,1996-08-14,1996-08-09,4.56,USA,WA,WHITC,White Clover Markets,Seattle,USA,Mozzarella di Giovanni,0,Dairy Products,27.8,20,0.05
10270,1996-08-01,1996-08-29,1996-08-02,136.54,Finland,,WARTH,Wartian Herkku,Oulu,Finland,Inlagd Sill,0,Seafood,15.2,30,0.0
10270,1996-08-01,1996-08-29,1996-08-02,136.54,Finland,,WARTH,Wartian Herkku,Oulu,Finland,Ipoh Coffee,0,Beverages,36.8,25,0.0
10271,1996-08-01,1996-08-29,1996-08-30,4.54,USA,WY,SPLIR,Split Rail Beer & Ale,Lander,USA,Geitost,0,Dairy Products,2.0,24,0.0
10272,1996-08-02,1996-08-30,1996-08-06,98.03,USA,NM,RATTC,Rattlesnake Canyon Grocery,Albuquerque,USA,Sir Rodney's Marmalade,0,Confections,64.8,6,0.0
10272,1996-08-02,1996-08-30,1996-08-06,98.03,USA,NM,RATTC,Rattlesnake Canyon Grocery,Albuquerque,USA,Gorgonzola Telino,0,Dairy Products,10.0,40,0.0
10272,1996-08-02,1996-08-30,1996-08-06,98.03,USA,NM,RATTC,Rattlesnake Canyon Grocery,Albuquerque,USA,Mozzarella di Giovanni,0,Dairy Products,27.8,24,0.0
10273,1996-08-05,1996-09-02,1996-08-12,76.07,Germany,,QUICK,QUICK-Stop,Cunewalde,Germany,Ikura,0,Seafood,24.8,24,0.05
10273,1996-08-05,1996-09-02,1996-08-12,76.07,Germany,,QUICK,QUICK-Stop,Cunewalde,Germany,Gorgonzola Telino,0,Dairy Products,10.0,15,0.05
10273,1996-08-05,1996-09-02,1996-08-12,76.07,Germany,,QUICK,QUICK-Stop,Cunewalde,Germany,Geitost,0,Dairy Products,2.0,20,0.0
10273,1996-08-05,1996-09-02,1996-08-12,76.07,Germany,,QUICK,QUICK-Stop,Cunewalde,Germany,Boston Crab Meat,0,Seafood,14.7,60,0.05
10273,1996-08-05,1996-09-02,1996-08-12,76.07,Germany,,QUICK,QUICK-Stop,Cunewalde,Germany,Lakkalikööri,0,Beverages,14.4,33,0.05
10274,1996-08-06,1996-09-03,1996-08-16,6.01,France,,VINET,Vins et alcools Chevalier,Reims,France,Flotemysost,0,Dairy Products,17.2,20,0.0
10274,1996-08-06,1996-09-03,1996-08-16,6.01,France,,VINET,Vins et alcools Chevalier,Reims,France,Mozzarella di Giovanni,0,Dairy Products,27.8,7,0.0
10275,1996-08-07,1996-09-04,1996-08-09,26.93,Italy,,MAGAA,Magazzini Alimentari Riuniti,Bergamo,Italy,Guaraná Fantástica,1,Beverages,3.6,12,0.05
10275,1996-08-07,1996-09-04,1996-08-09,26.93,Italy,,MAGAA,Magazzini Alimentari Riuniti,Bergamo,Italy,Raclette Courdavault,0,Dairy Products,44.0,6,0.05
10276,1996-08-08,1996-08-22,1996-08-14,13.84,Mexico,,TORTU,Tortuga Restaurante,México D.F.,Mexico,Ikura,0,Seafood,24.8,15,0.0
10276,1996-08-08,1996-08-22,1996-08-14,13.84,Mexico,,TORTU,Tortuga Restaurante,México D.F.,Mexico,Konbu,0,Seafood,4.8,10,0.0
10277,1996-08-09,1996-09-06,1996-08-13,125.77,Germany,,MORGK,Morgenstern Gesundkost,Leipzig,Germany,Rössle Sauerkraut,1,Produce,36.4,20,0.0
10277,1996-08-09,1996-09-06,1996-08-13,125.77,Germany,,MORGK,Morgenstern Gesundkost,Leipzig,Germany,Tarte au sucre,0,Confections,39.4,12,0.0
10278,1996-08-12,1996-09-09,1996-08-16,92.69,Sweden,,BERGS,Berglunds snabbköp,Luleå,Sweden,Gula Malacca,0,Condiments,15.5,16,0.0
10278,1996-08-12,1996-09-09,1996-08-16,92.69,Sweden,,BERGS,Berglunds snabbköp,Luleå,Sweden,Raclette Courdavault,0,Dairy Products,44.0,15,0.0
10278,1996-08-12,1996-09-09,1996-08-16,92.69,Sweden,,BERGS,Berglunds snabbköp,Luleå,Sweden,Vegie-spread,0,Condiments,35.1,8,0.0
10278,1996-08-12,1996-09-09,1996-08-16,92.69,Sweden,,BERGS,Berglunds snabbköp,Luleå,Sweden,Röd Kaviar,0,Seafood,12.0,25,0.0
10279,1996-08-13,1996-09-10,1996-08-16,25.83,Germany,,LEHMS,Lehmanns Marktstand,Frankfurt a.M.,Germany,Alice Mutton,1,Meat/Poultry,31.2,15,0.25
10280,1996-08-14,1996-09-11,1996-09-12,8.98,Sweden,,BERGS,Berglunds snabbköp,Luleå,Sweden,Guaraná Fantástica,1,Beverages,3.6,12,0.0
10280,1996-08-14,1996-09-11,1996-09-12,8.98,Sweden,,BERGS,Berglunds snabbköp,Luleå,Sweden,Pâté chinois,0,Meat/Poultry,19.2,20,0.0
10280,1996-08-14,1996-09-11,1996-09-12,8.98,Sweden,,BERGS,Berglunds snabbköp,Luleå,Sweden,Rhönbräu Klosterbier,0,Beverages,6.2,30,0.0
10281,1996-08-14,1996-08-28,1996-08-21,2.94,Spain,,ROMEY,Romero y tomillo,Madrid,Spain,Teatime Chocolate Biscuits,0,Confections,7.3,1,0.0
10281,1996-08-14,1996-08-28,1996-08-21,2.94,Spain,,ROMEY,Romero y tomillo,Madrid,Spain,Guaraná Fantástica,1,Beverages,3.6,6,0.0
10281,1996-08-14,1996-08-28,1996-08-21,2.94,Spain,,ROMEY,Romero y tomillo,Madrid,Spain,Steeleye Stout,0,Beverages,14.4,4,0.0
10282,1996-08-15,1996-09-12,1996-08-21,12.69,Spain,,ROMEY,Romero y tomillo,Madrid,Spain,Nord-Ost Matjeshering,0,Seafood,20.7,6,0.0
10282,1996-08-15,1996-09-12,1996-08-21,12.69,Spain,,ROMEY,Romero y tomillo,Madrid,Spain,Ravioli Angelo,0,Grains/Cereals,15.6,2,0.0
10283,1996-08-16,1996-09-13,1996-08-23,84.81,Venezuela,Lara,LILAS,LILA-Supermercado,Barquisimeto,Venezuela,Genen Shouyu,0,Condiments,12.4,20,0.0
10283,1996-08-16,1996-09-13,1996-08-23,84.81,Venezuela,Lara,LILAS,LILA-Supermercado,Barquisimeto,Venezuela,Teatime Chocolate Biscuits,0,Confections,7.3,18,0.0
10283,1996-08-16,1996-09-13,1996-08-23,84.81,Venezuela,Lara,LILAS,LILA-Supermercado,Barquisimeto,Venezuela,Camembert Pierrot,0,Dairy Products,27.2,35,0.0
10283,1996-08-16,1996-09-13,1996-08-23,84.81,Venezuela,Lara,LILAS,LILA-Supermercado,Barquisimeto,Venezuela,Mozzarella di Giovanni,0,Dairy Products,27.8,3,0.0
10284,1996-08-19,1996-09-16,1996-08-27,76.56,Germany,,LEHMS,Lehmanns Marktstand,Frankfurt a.M.,Germany,Schoggi Schokolade,0,Confections,35.1,15,0.25
10284,1996-08-19,1996-09-16,1996-08-27,76.56,Germany,,LEHMS,Lehmanns Marktstand,Frankfurt a.M.,Germany,Gula Malacca,0,Condiments,15.5,21,0.0
10284,1996-08-19,1996-09-16,1996-08-27,76.56,Germany,,LEHMS,Lehmanns Marktstand,Frankfurt a.M.,Germany,Camembert Pierrot,0,Dairy Products,27.2,20,0.25
10284,1996-08-19,1996-09-16,1996-08-27,76.56,Germany,,LEHMS,Lehmanns Marktstand,Frankfurt a.M.,Germany,Laughing Lumberjack Lager,0,Beverages,11.2,5,0.25
10285,1996-08-20,1996-09-17,1996-08-26,76.83,Germany,,QUICK,QUICK-Stop,Cunewalde,Germany,Chai,1,Beverages,14.4,45,0.2
10285,1996-08-20,1996-09-17,1996-08-26,76.83,Germany,,QUICK,QUICK-Stop,Cunewalde,Germany,Boston Crab Meat,0,Seafood,14.7,40,0.2
10285,1996-08-20,1996-09-17,1996-08-26,76.83,Germany,,QUICK,QUICK-Stop,Cunewalde,Germany,Perth Pasties,1,Meat/Poultry,26.2,36,0.2
10286,1996-08-21,1996-09-18,1996-08-30,229.24,Germany,,QUICK,QUICK-Stop,Cunewalde,Germany,Steeleye Stout,0,Beverages,14.4,100,0.0
10286,1996-08-21,1996-09-18,1996-08-30,229.24,Germany,,QUICK,QUICK-Stop,Cunewalde,Germany,Tarte au sucre,0,Confections,39.4,40,0.0
10287,1996-08-22,1996-09-19,1996-08-28,12.76,Brazil,RJ,RICAR,Ricardo Adocicados,Rio de Janeiro,Brazil,Pavlova,0,Confections,13.9,40,0.15
10287,1996-08-22,1996-09-19,1996-08-28,12.76,Brazil,RJ,RICAR,Ricardo Adocicados,Rio de Janeiro,Brazil,Sasquatch Ale,0,Beverages,11.2,20,0.0
10287,1996-08-22,1996-09-19,1996-08-28,12.76,Brazil,RJ,RICAR,Ricardo Adocicados,Rio de Janeiro,Brazil,Spegesild,0,Seafood,9.6,15,0.15
10288,1996-08-23,1996-09-20,1996-09-03,7.45,Italy,,REGGC,Reggiani Caseifici,Reggio Emilia,Italy,Tourtière,0,Meat/Poultry,5.9,10,0.1
10288,1996-08-23,1996-09-20,1996-09-03,7.45,Italy,,REGGC,Reggiani Caseifici,Reggio Emilia,Italy,Scottish Longbreads,0,Confections,10.0,3,0.1
10289,1996-08-26,1996-09-23,1996-08-28,22.77,UK,,BSBEV,B's Beverages,London,UK,Aniseed Syrup,0,Condiments,8.0,30,0.0
10289,1996-08-26,1996-09-23,1996-08-28,22.77,UK,,BSBEV,B's Beverages,London,UK,Wimmers gute Semmelknödel,0,Grains/Cereals,26.6,9,0.0
10290,1996-08-27,1996-09-24,1996-09-03,79.7,Brazil,SP,COMMI,Comércio Mineiro,Sao Paulo,Brazil,Chef Anton's Gumbo Mix,1,Condiments,17.0,20,0.0
10290,1996-08-27,1996-09-24,1996-09-03,79.7,Brazil,SP,COMMI,Comércio Mineiro,Sao Paulo,Brazil,Thüringer Rostbratwurst,1,Meat/Poultry,99.0,15,0.0
10290,1996-08-27,1996-09-24,1996-09-03,79.7,Brazil,SP,COMMI,Comércio Mineiro,Sao Paulo,Brazil,Maxilaku,0,Confections,16.0,15,0.0
10290,1996-08-27,1996-09-24,1996-09-03,79.7,Brazil,SP,COMMI,Comércio Mineiro,Sao Paulo,Brazil,Original Frankfurter grüne Soße,0,Condiments,10.4,10,0.0
10291,1996-08-27,1996-09-24,1996-09-04,6.4,Brazil,RJ,QUEDE,Que Delícia,Rio de Janeiro,Brazil,Konbu,0,Seafood,4.8,20,0.1
10291,1996-08-27,1996-09-24,1996-09-04,6.4,Brazil,RJ,QUEDE,Que Delícia,Rio de Janeiro,Brazil,Gula Malacca,0,Condiments,15.5,24,0.1
10291,1996-08-27,1996-09-24,1996-09-04,6.4,Brazil,RJ,QUEDE,Que Delícia,Rio de Janeiro,Brazil,Manjimup Dried Apples,0,Produce,42.4,2,0.1
10292,1996-08-28,1996-09-25,1996-09-02,1.35,Brazil,SP,TRADH,Tradição Hipermercados,Sao Paulo,Brazil,Sir Rodney's Marmalade,0,Confections,64.8,20,0.0
10293,1996-08-29,1996-09-26,1996-09-11,21.18,Mexico,,TORTU,Tortuga Restaurante,México D.F.,Mexico,Carnarvon Tigers,0,Seafood,50.0,12,0.0
10293,1996-08-29,1996-09-26,1996-09-11,21.18,Mexico,,TORTU,Tortuga Restaurante,México D.F.,Mexico,Guaraná Fantástica,1,Beverages,3.6,10,0.0
10293,1996-08-29,1996-09-26,1996-09-11,21.18,Mexico,,TORTU,Tortuga Restaurante,México D.F.,Mexico,Vegie-spread,0,Condiments,35.1,5,0.0
10293,1996-08-29,1996-09-26,1996-09-11,21.18,Mexico,,TORTU,Tortuga Restaurante,México D.F.,Mexico,Rhönbräu Klosterbier,0,Beverages,6.2,6,0.0
10294,1996-08-30,1996-09-27,1996-09-05,147.26,USA,NM,RATTC,Rattlesnake Canyon Grocery,Albuquerque,USA,Chai,1,Beverages,14.4,18,0.0
10294,1996-08-30,1996-09-27,1996-09-05,147.26,USA,NM,RATTC,Rattlesnake Canyon Grocery,Albuquerque,USA,Alice Mutton,1,Meat/Poultry,31.2,15,0.0
10294,1996-08-30,1996-09-27,1996-09-05,147.26,USA,NM,RATTC,Rattlesnake Canyon Grocery,Albuquerque,USA,Ipoh Coffee,0,Beverages,36.8,15,0.0
10294,1996-08-30,1996-09-27,1996-09-05,147.26,USA,NM,RATTC,Rattlesnake Canyon Grocery,Albuquerque,USA,Camembert Pierrot,0,Dairy Products,27.2,21,0.0
10294,1996-08-30,1996-09-27,1996-09-05,147.26,USA,NM,RATTC,Rattlesnake Canyon Grocery,Albuquerque,USA,Rhönbräu Klosterbier,0,Beverages,6.2,6,0.0
10295,1996-09-02,1996-09-30,1996-09-10,1.15,France,,VINET,Vins et alcools Chevalier,Reims,France,Gnocchi di nonna Alice,0,Grains/Cereals,30.4,4,0.0
10296,1996-09-03,1996-10-01,1996-09-11,0.12,Venezuela,Lara,LILAS,LILA-Supermercado,Barquisimeto,Venezuela,Queso Cabrales,0,Dairy Products,16.8,12,0.0
10296,1996-09-03,1996-10-01,1996-09-11,0.12,Venezuela,Lara,LILAS,LILA-Supermercado,Barquisimeto,Venezuela,Pavlova,0,Confections,13.9,30,0.0
10296,1996-09-03,1996-10-01,1996-09-11,0.12,Venezuela,Lara,LILAS,LILA-Supermercado,Barquisimeto,Venezuela,Gudbrandsdalsost,0,Dairy Products,28.8,15,0.0
10297,1996-09-04,1996-10-16,1996-09-10,5.74,France,,BLONP,Blondesddsl père et fils,Strasbourg,France,Chartreuse verte,0,Beverages,14.4,60,0.0
10297,1996-09-04,1996-10-16,1996-09-10,5.74,France,,BLONP,Blondesddsl père et fils,Strasbourg,France,Mozzarella di Giovanni,0,Dairy Products,27.8,20,0.0
10298,1996-09-05,1996-10-03,1996-09-11,168.22,Ireland,Co. Cork,HUNGO,Hungry Owl All-Night Grocers,Cork,Ireland,Chang,1,Beverages,15.2,40,0.0
10298,1996-09-05,1996-10-03,1996-09-11,168.22,Ireland,Co. Cork,HUNGO,Hungry Owl All-Night Grocers,Cork,Ireland,Inlagd Sill,0,Seafood,15.2,40,0.25
10298,1996-09-05,1996-10-03,1996-09-11,168.22,Ireland,Co. Cork,HUNGO,Hungry Owl All-Night Grocers,Cork,Ireland,Raclette Courdavault,0,Dairy Products,44.0,30,0.25
10298,1996-09-05,1996-10-03,1996-09-11,168.22,Ireland,Co. Cork,HUNGO,Hungry Owl All-Night Grocers,Cork,Ireland,Tarte au sucre,0,Confections,39.4,15,0.0
10299,1996-09-06,1996-10-04,1996-09-13,29.76,Brazil,RJ,RICAR,Ricardo Adocicados,Rio de Janeiro,Brazil,Teatime Chocolate Biscuits,0,Confections,7.3,15,0.0
10299,1996-09-06,1996-10-04,1996-09-13,29.76,Brazil,RJ,RICAR,Ricardo Adocicados,Rio de Janeiro,Brazil,Outback Lager,0,Beverages,12.0,20,0.0
10300,1996-09-09,1996-10-07,1996-09-18,17.68,Italy,,MAGAA,Magazzini Alimentari Riuniti,Bergamo,Italy,Louisiana Hot Spiced Okra,0,Condiments,13.6,30,0.0
10300,1996-09-09,1996-10-07,1996-09-18,17.68,Italy,,MAGAA,Magazzini Alimentari Riuniti,Bergamo,Italy,Scottish Longbreads,0,Confections,10.0,20,0.0
10301,1996-09-09,1996-10-07,1996-09-17,45.08,Germany,,WANDK,Die Wandernde Kuh,Stuttgart,Germany,Boston Crab Meat,0,Seafood,14.7,10,0.0
10301,1996-09-09,1996-10-07,1996-09-17,45.08,Germany,,WANDK,Die Wandernde Kuh,Stuttgart,Germany,Gnocchi di nonna Alice,0,Grains/Cereals,30.4,20,0.0
10302,1996-09-10,1996-10-08,1996-10-09,6.27,Belgium,,SUPRD,Suprêmes délices,Charleroi,Belgium,Alice Mutton,1,Meat/Poultry,31.2,40,0.0
10302,1996-09-10,1996-10-08,1996-10-09,6.27,Belgium,,SUPRD,Suprêmes délices,Charleroi,Belgium,Rössle Sauerkraut,1,Produce,36.4,28,0.0
10302,1996-09-10,1996-10-08,1996-10-09,6.27,Belgium,,SUPRD,Suprêmes délices,Charleroi,Belgium,Ipoh Coffee,0,Beverages,36.8,12,0.0
10303,1996-09-11,1996-10-09,1996-09-18,107.83,Spain,,GODOS,Godos Cocina Típica,Sevilla,Spain,Boston Crab Meat,0,Seafood,14.7,40,0.1
10303,1996-09-11,1996-10-09,1996-09-18,107.83,Spain,,GODOS,Godos Cocina Típica,Sevilla,Spain,Louisiana Fiery Hot Pepper Sauce,0,Condiments,16.8,30,0.1
10303,1996-09-11,1996-10-09,1996-09-18,107.83,Spain,,GODOS,Godos Cocina Típica,Sevilla,Spain,Scottish Longbreads,0,Confections,10.0,15,0.1
10304,1996-09-12,1996-10-10,1996-09-17,63.79,Mexico,,TORTU,Tortuga Restaurante,México D.F.,Mexico,Maxilaku,0,Confections,16.0,30,0.0
10304,1996-09-12,1996-10-10,1996-09-17,63.79,Mexico,,TORTU,Tortuga Restaurante,México D.F.,Mexico,Raclette Courdavault,0,Dairy Products,44.0,10,0.0
10304,1996-09-12,1996-10-10,1996-09-17,63.79,Mexico,,TORTU,Tortuga Restaurante,México D.F.,Mexico,Flotemysost,0,Dairy Products,17.2,2,0.0
10305,1996-09-13,1996-10-11,1996-10-09,257.62,USA,AK,OLDWO,Old World Delicatessen,Anchorage,USA,Carnarvon Tigers,0,Seafood,50.0,25,0.1
10305,1996-09-13,1996-10-11,1996-10-09,257.62,USA,AK,OLDWO,Old World Delicatessen,Anchorage,USA,Thüringer Rostbratwurst,1,Meat/Poultry,99.0,25,0.1
10305,1996-09-13,1996-10-11,1996-10-09,257.62,USA,AK,OLDWO,Old World Delicatessen,Anchorage,USA,Chartreuse verte,0,Beverages,14.4,30,0.1
10306,1996-09-16,1996-10-14,1996-09-23,7.56,Spain,,ROMEY,Romero y tomillo,Madrid,Spain,Nord-Ost Matjeshering,0,Seafood,20.7,10,0.0
10306,1996-09-16,1996-10-14,1996-09-23,7.56,Spain,,ROMEY,Romero y tomillo,Madrid,Spain,Perth Pasties,1,Meat/Poultry,26.2,10,0.0
10306,1996-09-16,1996-10-14,1996-09-23,7.56,Spain,,ROMEY,Romero y tomillo,Madrid,Spain,Tourtière,0,Meat/Poultry,5.9,5,0.0
10307,1996-09-17,1996-10-15,1996-09-25,0.56,USA,OR,LONEP,Lonesome Pine Restaurant,Portland,USA,Tarte au sucre,0,Confections,39.4,10,0.0
10307,1996-09-17,1996-10-15,1996-09-25,0.56,USA,OR,LONEP,Lonesome Pine Restaurant,Portland,USA,Scottish Longbreads,0,Confections,10.0,3,0.0
10308,1996-09-18,1996-10-16,1996-09-24,1.61,Mexico,,ANATR,Ana Trujillo Emparedados y helados,México D.F.,Mexico,Gudbrandsdalsost,0,Dairy Products,28.8,1,0.0
10308,1996-09-18,1996-10-16,1996-09-24,1.61,Mexico,,ANATR,Ana Trujillo Emparedados y helados,México D.F.,Mexico,Outback Lager,0,Beverages,12.0,5,0.0
10309,1996-09-19,1996-10-17,1996-10-23,47.3,Ireland,Co. Cork,HUNGO,Hungry Owl All-Night Grocers,Cork,Ireland,Chef Anton's Cajun Seasoning,0,Condiments,17.6,20,0.0
10309,1996-09-19,1996-10-17,1996-10-23,47.3,Ireland,Co. Cork,HUNGO,Hungry Owl All-Night Grocers,Cork,Ireland,Grandma's Boysenberry Spread,0,Condiments,20.0,30,0.0
10309,1996-09-19,1996-10-17,1996-10-23,47.3,Ireland,Co. Cork,HUNGO,Hungry Owl All-Night Grocers,Cork,Ireland,Singaporean Hokkien Fried Mee,1,Grains/Cereals,11.2,2,0.0
10309,1996-09-19,1996-10-17,1996-10-23,47.3,Ireland,Co. Cork,HUNGO,Hungry Owl All-Night Grocers,Cork,Ireland,Ipoh Coffee,0,Beverages,36.8,20,0.0
10309,1996-09-19,1996-10-17,1996-10-23,47.3,Ireland,Co. Cork,HUNGO,Hungry Owl All-Night Grocers,Cork,Ireland,Flotemysost,0,Dairy Products,17.2,3,0.0
10310,1996-09-20,1996-10-18,1996-09-27,17.52,USA,OR,THEBI,The Big Cheese,Portland,USA,Pavlova,0,Confections,13.9,10,0.0
10310,1996-09-20,1996-10-18,1996-09-27,17.52,USA,OR,THEBI,The Big Cheese,Portland,USA,Tarte au sucre,0,Confections,39.4,5,0.0
10311,1996-09-20,1996-10-04,1996-09-26,24.69,France,,DUMON,Du monde entier,Nantes,France,Singaporean Hokkien Fried Mee,1,Grains/Cereals,11.2,6,0.0
10311,1996-09-20,1996-10-04,1996-09-26,24.69,France,,DUMON,Du monde entier,Nantes,France,Gudbrandsdalsost,0,Dairy Products,28.8,7,0.0
10312,1996-09-23,1996-10-21,1996-10-03,40.26,Germany,,WANDK,Die Wandernde Kuh,Stuttgart,Germany,Rössle Sauerkraut,1,Produce,36.4,4,0.0
10312,1996-09-23,1996-10-21,1996-10-03,40.26,Germany,,WANDK,Die Wandernde Kuh,Stuttgart,Germany,Ipoh Coffee,0,Beverages,36.8,24,0.0
10312,1996-09-23,1996-10-21,1996-10-03,40.26,Germany,,WANDK,Die Wandernde Kuh,Stuttgart,Germany,Perth Pasties,1,Meat/Poultry,26.2,20,0.0
10312,1996-09-23,1996-10-21,1996-10-03,40.26,Germany,,WANDK,Die Wandernde Kuh,Stuttgart,Germany,Rhönbräu Klosterbier,0,Beverages,6.2,10,0.0
10313,1996-09-24,1996-10-22,1996-10-04,1.96,Germany,,QUICK,QUICK-Stop,Cunewalde,Germany,Inlagd Sill,0,Seafood,15.2,12,0.0
10314,1996-09-25,1996-10-23,1996-10-04,74.16,USA,NM,RATTC,Rattlesnake Canyon Grocery,Albuquerque,USA,Mascarpone Fabioli,0,Dairy Products,25.6,40,0.1
10314,1996-09-25,1996-10-23,1996-10-04,74.16,USA,NM,RATTC,Rattlesnake Canyon Grocery,Albuquerque,USA,Escargots de Bourgogne,0,Seafood,10.6,30,0.1
10314,1996-09-25,1996-10-23,1996-10-04,74.16,USA,NM,RATTC,Rattlesnake Canyon Grocery,Albuquerque,USA,Tarte au sucre,0,Confections,39.4,25,0.1
10315,1996-09-26,1996-10-24,1996-10-03,41.76,UK,Isle of Wight,ISLAT,Island Trading,Cowes,UK,Sasquatch Ale,0,Beverages,11.2,14,0.0
10315,1996-09-26,1996-10-24,1996-10-03,41.76,UK,Isle of Wight,ISLAT,Island Trading,Cowes,UK,Outback Lager,0,Beverages,12.0,30,0.0
10316,1996-09-27,1996-10-25,1996-10-08,150.15,USA,NM,RATTC,Rattlesnake Canyon Grocery,Albuquerque,USA,Jack's New England Clam Chowder,0,Seafood,7.7,10,0.0
10316,1996-09-27,1996-10-25,1996-10-08,150.15,USA,NM,RATTC,Rattlesnake Canyon Grocery,Albuquerque,USA,Tarte au sucre,0,Confections,39.4,70,0.0
10317,1996-09-30,1996-10-28,1996-10-10,12.69,USA,OR,LONEP,Lonesome Pine Restaurant,Portland,USA,Chai,1,Beverages,14.4,20,0.0
10318,1996-10-01,1996-10-29,1996-10-04,4.73,UK,Isle of Wight,ISLAT,Island Trading,Cowes,UK,Jack's New England Clam Chowder,0,Seafood,7.7,20,0.0
10318,1996-10-01,1996-10-29,1996-10-04,4.73,UK,Isle of Wight,ISLAT,Island Trading,Cowes,UK,Lakkalikööri,0,Beverages,14.4,6,0.0
10319,1996-10-02,1996-10-30,1996-10-11,64.5,Mexico,,TORTU,Tortuga Restaurante,México D.F.,Mexico,Alice Mutton,1,Meat/Poultry,31.2,8,0.0
10319,1996-10-02,1996-10-30,1996-10-11,64.5,Mexico,,TORTU,Tortuga Restaurante,México D.F.,Mexico,Rössle Sauerkraut,1,Produce,36.4,14,0.0
10319,1996-10-02,1996-10-30,1996-10-11,64.5,Mexico,,TORTU,Tortuga Restaurante,México D.F.,Mexico,Lakkalikööri,0,Beverages,14.4,30,0.0
10320,1996-10-03,1996-10-17,1996-10-18,34.57,Finland,,WARTH,Wartian Herkku,Oulu,Finland,Flotemysost,0,Dairy Products,17.2,30,0.0
10321,1996-10-03,1996-10-31,1996-10-11,3.43,UK,Isle of Wight,ISLAT,Island Trading,Cowes,UK,Steeleye Stout,0,Beverages,14.4,10,0.0
10322,1996-10-04,1996-11-01,1996-10-23,0.4,Mexico,,PERIC,Pericles Comidas clásicas,México D.F.,Mexico,Filo Mix,0,Grains/Cereals,5.6,20,0.0
10323,1996-10-07,1996-11-04,1996-10-14,4.88,Germany,,KOENE,Königlich Essen,Brandenburg,Germany,Genen Shouyu,0,Condiments,12.4,5,0.0
10323,1996-10-07,1996-11-04,1996-10-14,4.88,Germany,,KOENE,Königlich Essen,Brandenburg,Germany,NuNuCa Nuß-Nougat-Creme,0,Confections,11.2,4,0.0
10323,1996-10-07,1996-11-04,1996-10-14,4.88,Germany,,KOENE,Königlich Essen,Brandenburg,Germany,Chartreuse verte,0,Beverages,14.4,4,0.0
10324,1996-10-08,1996-11-05,1996-10-10,214.27,USA,ID,SAVEA,Save-a-lot Markets,Boise,USA,Pavlova,0,Confections,13.9,21,0.15
10324,1996-10-08,1996-11-05,1996-10-10,214.27,USA,ID,SAVEA,Save-a-lot Markets,Boise,USA,Steeleye Stout,0,Beverages,14.4,70,0.15
10324,1996-10-08,1996-11-05,1996-10-10,214.27,USA,ID,SAVEA,Save-a-lot Markets,Boise,USA,Spegesild,0,Seafood,9.6,30,0.0
10324,1996-10-08,1996-11-05,1996-10-10,214.27,USA,ID,SAVEA,Save-a-lot Markets,Boise,USA,Raclette Courdavault,0,Dairy Products,44.0,40,0.15
10324,1996-10-08,1996-11-05,1996-10-10,214.27,USA,ID,SAVEA,Save-a-lot Markets,Boise,USA,Vegie-spread,0,Condiments,35.1,80,0.15
10325,1996-10-09,1996-10-23,1996-10-14,64.86,Germany,,KOENE,Königlich Essen,Brandenburg,Germany,Grandma's Boysenberry Spread,0,Condiments,20.0,6,0.0
10325,1996-10-09,1996-10-23,1996-10-14,64.86,Germany,,KOENE,Königlich Essen,Brandenburg,Germany,Konbu,0,Seafood,4.8,12,0.0
10325,1996-10-09,1996-10-23,1996-10-14,64.86,Germany,,KOENE,Königlich Essen,Brandenburg,Germany,Tofu,0,Produce,18.6,9,0.0
10325,1996-10-09,1996-10-23,1996-10-14,64.86,Germany,,KOENE,Königlich Essen,Brandenburg,Germany,Gorgonzola Telino,0,Dairy Products,10.0,4,0.0
10325,1996-10-09,1996-10-23,1996-10-14,64.86,Germany,,KOENE,Königlich Essen,Brandenburg,Germany,Mozzarella di Giovanni,0,Dairy Products,27.8,40,0.0
10326,1996-10-10,1996-11-07,1996-10-14,77.92,Spain,,BOLID,Bólido Comidas preparadas,Madrid,Spain,Chef Anton's Cajun Seasoning,0,Condiments,17.6,24,0.0
10326,1996-10-10,1996-11-07,1996-10-14,77.92,Spain,,BOLID,Bólido Comidas preparadas,Madrid,Spain,Ravioli Angelo,0,Grains/Cereals,15.6,16,0.0
10326,1996-10-10,1996-11-07,1996-10-14,77.92,Spain,,BOLID,Bólido Comidas preparadas,Madrid,Spain,Rhönbräu Klosterbier,0,Beverages,6.2,50,0.0
10327,1996-10-11,1996-11-08,1996-10-14,63.36,Sweden,,FOLKO,Folk och fä HB,Bräcke,Sweden,Chang,1,Beverages,15.2,25,0.2
10327,1996-10-11,1996-11-08,1996-10-14,63.36,Sweden,,FOLKO,Folk och fä HB,Bräcke,Sweden,Queso Cabrales,0,Dairy Products,16.8,50,0.2
10327,1996-10-11,1996-11-08,1996-10-14,63.36,Sweden,,FOLKO,Folk och fä HB,Bräcke,Sweden,Nord-Ost Matjeshering,0,Seafood,20.7,35,0.2
10327,1996-10-11,1996-11-08,1996-10-14,63.36,Sweden,,FOLKO,Folk och fä HB,Bräcke,Sweden,Escargots de Bourgogne,0,Seafood,10.6,30,0.2
10328,1996-10-14,1996-11-11,1996-10-17,87.03,Portugal,,FURIB,Furia Bacalhau e Frutos do Mar,Lisboa,Portugal,Raclette Courdavault,0,Dairy Products,44.0,9,0.0
10328,1996-10-14,1996-11-11,1996-10-17,87.03,Portugal,,FURIB,Furia Bacalhau e Frutos do Mar,Lisboa,Portugal,Louisiana Fiery Hot Pepper Sauce,0,Condiments,16.8,40,0.0
10328,1996-10-14,1996-11-11,1996-10-17,87.03,Portugal,,FURIB,Furia Bacalhau e Frutos do Mar,Lisboa,Portugal,Scottish Longbreads,0,Confections,10.0,10,0.0
10329,1996-10-15,1996-11-26,1996-10-23,191.67,USA,WY,SPLIR,Split Rail Beer & Ale,Lander,USA,Teatime Chocolate Biscuits,0,Confections,7.3,10,0.05
10329,1996-10-15,1996-11-26,1996-10-23,191.67,USA,WY,SPLIR,Split Rail Beer & Ale,Lander,USA,Nord-Ost Matjeshering,0,Seafood,20.7,8,0.05
10329,1996-10-15,1996-11-26,1996-10-23,191.67,USA,WY,SPLIR,Split Rail Beer & Ale,Lander,USA,Côte de Blaye,0,Beverages,210.8,20,0.05
10329,1996-10-15,1996-11-26,1996-10-23,191.67,USA,WY,SPLIR,Split Rail Beer & Ale,Lander,USA,Gnocchi di nonna Alice,0,Grains/Cereals,30.4,12,0.05
10330,1996-10-16,1996-11-13,1996-10-28,12.75,Venezuela,Lara,LILAS,LILA-Supermercado,Barquisimeto,Venezuela,Gumbär Gummibärchen,0,Confections,24.9,50,0.15
10330,1996-10-16,1996-11-13,1996-10-28,12.75,Venezuela,Lara,LILAS,LILA-Supermercado,Barquisimeto,Venezuela,Mozzarella di Giovanni,0,Dairy Products,27.8,25,0.15
10331,1996-10-16,1996-11-27,1996-10-21,10.19,France,,BONAP,Bon app',Marseille,France,Tourtière,0,Meat/Poultry,5.9,15,0.0
10332,1996-10-17,1996-11-28,1996-10-21,52.84,Canada,Québec,MEREP,Mère Paillarde,Montréal,Canada,Carnarvon Tigers,0,Seafood,50.0,40,0.2
10332,1996-10-17,1996-11-28,1996-10-21,52.84,Canada,Québec,MEREP,Mère Paillarde,Montréal,Canada,Singaporean Hokkien Fried Mee,1,Grains/Cereals,11.2,10,0.2
10332,1996-10-17,1996-11-28,1996-10-21,52.84,Canada,Québec,MEREP,Mère Paillarde,Montréal,Canada,Zaanse koeken,0,Confections,7.6,16,0.2
10333,1996-10-18,1996-11-15,1996-10-25,0.59,Finland,,WARTH,Wartian Herkku,Oulu,Finland,Tofu,0,Produce,18.6,10,0.0
10333,1996-10-18,1996-11-15,1996-10-25,0.59,Finland,,WARTH,Wartian Herkku,Oulu,Finland,Sir Rodney's Scones,0,Confections,8.0,10,0.1
10333,1996-10-18,1996-11-15,1996-10-25,0.59,Finland,,WARTH,Wartian Herkku,Oulu,Finland,Flotemysost,0,Dairy Products,17.2,40,0.1
10334,1996-10-21,1996-11-18,1996-10-28,8.56,France,,VICTE,Victuailles en stock,Lyon,France,Filo Mix,0,Grains/Cereals,5.6,8,0.0
10334,1996-10-21,1996-11-18,1996-10-28,8.56,France,,VICTE,Victuailles en stock,Lyon,France,Scottish Longbreads,0,Confections,10.0,10,0.0
10335,1996-10-22,1996-11-19,1996-10-24,42.11,Ireland,Co. Cork,HUNGO,Hungry Owl All-Night Grocers,Cork,Ireland,Chang,1,Beverages,15.2,7,0.2
10335,1996-10-22,1996-11-19,1996-10-24,42.11,Ireland,Co. Cork,HUNGO,Hungry Owl All-Night Grocers,Cork,Ireland,Gorgonzola Telino,0,Dairy Products,10.0,25,0.2
10335,1996-10-22,1996-11-19,1996-10-24,42.11,Ireland,Co. Cork,HUNGO,Hungry Owl All-Night Grocers,Cork,Ireland,Mascarpone Fabioli,0,Dairy Products,25.6,6,0.2
10335,1996-10-22,1996-11-19,1996-10-24,42.11,Ireland,Co. Cork,HUNGO,Hungry Owl All-Night Grocers,Cork,Ireland,Manjimup Dried Apples,0,Produce,42.4,48,0.2
10336,1996-10-23,1996-11-20,1996-10-25,15.51,Portugal,,PRINI,Princesa Isabel Vinhos,Lisboa,Portugal,Chef Anton's Cajun Seasoning,0,Condiments,17.6,18,0.1
10337,1996-10-24,1996-11-21,1996-10-29,108.26,Germany,,FRANK,Frankenversand,München,Germany,Tunnbröd,0,Grains/Cereals,7.2,40,0.0
10337,1996-10-24,1996-11-21,1996-10-29,108.26,Germany,,FRANK,Frankenversand,München,Germany,Gumbär Gummibärchen,0,Confections,24.9,24,0.0
10337,1996-10-24,1996-11-21,1996-10-29,108.26,Germany,,FRANK,Frankenversand,München,Germany,Inlagd Sill,0,Seafood,15.2,20,0.0
10337,1996-10-24,1996-11-21,1996-10-29,108.26,Germany,,FRANK,Frankenversand,München,Germany,Gravad lax,0,Seafood,20.8,28,0.0
10337,1996-10-24,1996-11-21,1996-10-29,108.26,Germany,,FRANK,Frankenversand,München,Germany,Mozzarella di Giovanni,0,Dairy Products,27.8,25,0.0
10338,1996-10-25,1996-11-22,1996-10-29,84.21,USA,AK,OLDWO,Old World Delicatessen,Anchorage,USA,Alice Mutton,1,Meat/Poultry,31.2,20,0.0
10338,1996-10-25,1996-11-22,1996-10-29,84.21,USA,AK,OLDWO,Old World Delicatessen,Anchorage,USA,Nord-Ost Matjeshering,0,Seafood,20.7,15,0.0
10339,1996-10-28,1996-11-25,1996-11-04,15.66,Canada,Québec,MEREP,Mère Paillarde,Montréal,Canada,Chef Anton's Cajun Seasoning,0,Condiments,17.6,10,0.0
10339,1996-10-28,1996-11-25,1996-11-04,15.66,Canada,Québec,MEREP,Mère Paillarde,Montréal,Canada,Alice Mutton,1,Meat/Poultry,31.2,70,0.05
10339,1996-10-28,1996-11-25,1996-11-04,15.66,Canada,Québec,MEREP,Mère Paillarde,Montréal,Canada,Tarte au sucre,0,Confections,39.4,28,0.0
10340,1996-10-29,1996-11-26,1996-11-08,166.31,France,,BONAP,Bon app',Marseille,France,Carnarvon Tigers,0,Seafood,50.0,20,0.05
10340,1996-10-29,1996-11-26,1996-11-08,166.31,France,,BONAP,Bon app',Marseille,France,Jack's New England Clam Chowder,0,Seafood,7.7,12,0.05
10340,1996-10-29,1996-11-26,1996-11-08,166.31,France,,BONAP,Bon app',Marseille,France,Ipoh Coffee,0,Beverages,36.8,40,0.05
10341,1996-10-29,1996-11-26,1996-11-05,26.78,Denmark,,SIMOB,Simons bistro,Kobenhavn,Denmark,Geitost,0,Dairy Products,2.0,8,0.0
10341,1996-10-29,1996-11-26,1996-11-05,26.78,Denmark,,SIMOB,Simons bistro,Kobenhavn,Denmark,Raclette Courdavault,0,Dairy Products,44.0,9,0.15
10342,1996-10-30,1996-11-13,1996-11-04,54.83,Germany,,FRANK,Frankenversand,München,Germany,Chang,1,Beverages,15.2,24,0.2
10342,1996-10-30,1996-11-13,1996-11-04,54.83,Germany,,FRANK,Frankenversand,München,Germany,Gorgonzola Telino,0,Dairy Products,10.0,56,0.2
10342,1996-10-30,1996-11-13,1996-11-04,54.83,Germany,,FRANK,Frankenversand,München,Germany,Inlagd Sill,0,Seafood,15.2,40,0.2
10342,1996-10-30,1996-11-13,1996-11-04,54.83,Germany,,FRANK,Frankenversand,München,Germany,Pâté chinois,0,Meat/Poultry,19.2,40,0.2
10343,1996-10-31,1996-11-28,1996-11-06,110.37,Germany,,LEHMS,Lehmanns Marktstand,Frankfurt a.M.,Germany,Wimmers gute Semmelknödel,0,Grains/Cereals,26.6,50,0.0
10343,1996-10-31,1996-11-28,1996-11-06,110.37,Germany,,LEHMS,Lehmanns Marktstand,Frankfurt a.M.,Germany,Scottish Longbreads,0,Confections,10.0,4,0.05
10343,1996-10-31,1996-11-28,1996-11-06,110.37,Germany,,LEHMS,Lehmanns Marktstand,Frankfurt a.M.,Germany,Lakkalikööri,0,Beverages,14.4,15,0.0
10344,1996-11-01,1996-11-29,1996-11-05,23.29,USA,WA,WHITC,White Clover Markets,Seattle,USA,Chef Anton's Cajun Seasoning,0,Condiments,17.6,35,0.0
10344,1996-11-01,1996-11-29,1996-11-05,23.29,USA,WA,WHITC,White Clover Markets,Seattle,USA,Northwoods Cranberry Sauce,0,Condiments,32.0,70,0.25
10345,1996-11-04,1996-12-02,1996-11-11,249.06,Germany,,QUICK,QUICK-Stop,Cunewalde,Germany,Northwoods Cranberry Sauce,0,Condiments,32.0,70,0.0
10345,1996-11-04,1996-12-02,1996-11-11,249.06,Germany,,QUICK,QUICK-Stop,Cunewalde,Germany,Teatime Chocolate Biscuits,0,Confections,7.3,80,0.0
10345,1996-11-04,1996-12-02,1996-11-11,249.06,Germany,,QUICK,QUICK-Stop,Cunewalde,Germany,Singaporean Hokkien Fried Mee,1,Grains/Cereals,11.2,9,0.0
10346,1996-11-05,1996-12-17,1996-11-08,142.08,USA,NM,RATTC,Rattlesnake Canyon Grocery,Albuquerque,USA,Alice Mutton,1,Meat/Poultry,31.2,36,0.1
10346,1996-11-05,1996-12-17,1996-11-08,142.08,USA,NM,RATTC,Rattlesnake Canyon Grocery,Albuquerque,USA,Gnocchi di nonna Alice,0,Grains/Cereals,30.4,20,0.0
10347,1996-11-06,1996-12-04,1996-11-08,3.1,Brazil,SP,FAMIA,Familia Arquibaldo,Sao Paulo,Brazil,NuNuCa Nuß-Nougat-Creme,0,Confections,11.2,10,0.0
10347,1996-11-06,1996-12-04,1996-11-08,3.1,Brazil,SP,FAMIA,Familia Arquibaldo,Sao Paulo,Brazil,Chartreuse verte,0,Beverages,14.4,50,0.15
10347,1996-11-06,1996-12-04,1996-11-08,3.1,Brazil,SP,FAMIA,Familia Arquibaldo,Sao Paulo,Brazil,Boston Crab Meat,0,Seafood,14.7,4,0.0
10347,1996-11-06,1996-12-04,1996-11-08,3.1,Brazil,SP,FAMIA,Familia Arquibaldo,Sao Paulo,Brazil,Rhönbräu Klosterbier,0,Beverages,6.2,6,0.15
10348,1996-11-07,1996-12-05,1996-11-15,0.78,Germany,,WANDK,Die Wandernde Kuh,Stuttgart,Germany,Chai,1,Beverages,14.4,15,0.15
10348,1996-11-07,1996-12-05,1996-11-15,0.78,Germany,,WANDK,Die Wandernde Kuh,Stuttgart,Germany,Tunnbröd,0,Grains/Cereals,7.2,25,0.0
10349,1996-11-08,1996-12-06,1996-11-15,8.63,USA,WY,SPLIR,Split Rail Beer & Ale,Lander,USA,Tourtière,0,Meat/Poultry,5.9,24,0.0
10350,1996-11-11,1996-12-09,1996-12-03,64.19,France,,LAMAI,La maison d'Asie,Toulouse,France,Valkoinen suklaa,0,Confections,13.0,15,0.1
10350,1996-11-11,1996-12-09,1996-12-03,64.19,France,,LAMAI,La maison d'Asie,Toulouse,France,Gudbrandsdalsost,0,Dairy Products,28.8,18,0.1
10351,1996-11-11,1996-12-09,1996-11-20,162.33,Austria,,ERNSH,Ernst Handel,Graz,Austria,Côte de Blaye,0,Beverages,210.8,20,0.05
10351,1996-11-11,1996-12-09,1996-11-20,162.33,Austria,,ERNSH,Ernst Handel,Graz,Austria,Jack's New England Clam Chowder,0,Seafood,7.7,13,0.0
10351,1996-11-11,1996-12-09,1996-11-20,162.33,Austria,,ERNSH,Ernst Handel,Graz,Austria,Gula Malacca,0,Condiments,15.5,77,0.05
10351,1996-11-11,1996-12-09,1996-11-20,162.33,Austria,,ERNSH,Ernst Handel,Graz,Austria,Louisiana Fiery Hot Pepper Sauce,0,Condiments,16.8,10,0.05
10352,1996-11-12,1996-11-26,1996-11-18,1.3,Portugal,,FURIB,Furia Bacalhau e Frutos do Mar,Lisboa,Portugal,Guaraná Fantástica,1,Beverages,3.6,10,0.0
10352,1996-11-12,1996-11-26,1996-11-18,1.3,Portugal,,FURIB,Furia Bacalhau e Frutos do Mar,Lisboa,Portugal,Tourtière,0,Meat/Poultry,5.9,20,0.15
10353,1996-11-13,1996-12-11,1996-11-25,360.63,Austria,,PICCO,Piccolo und mehr,Salzburg,Austria,Queso Cabrales,0,Dairy Products,16.8,12,0.2
10353,1996-11-13,1996-12-11,1996-11-25,360.63,Austria,,PICCO,Piccolo und mehr,Salzburg,Austria,Côte de Blaye,0,Beverages,210.8,50,0.2
10354,1996-11-14,1996-12-12,1996-11-20,53.8,Mexico,,PERIC,Pericles Comidas clásicas,México D.F.,Mexico,Chai,1,Beverages,14.4,12,0.0
10354,1996-11-14,1996-12-12,1996-11-20,53.8,Mexico,,PERIC,Pericles Comidas clásicas,México D.F.,Mexico,Thüringer Rostbratwurst,1,Meat/Poultry,99.0,4,0.0
10355,1996-11-15,1996-12-13,1996-11-20,41.95,UK,Essex,AROUT,Around the Horn,London,UK,Guaraná Fantástica,1,Beverages,3.6,25,0.0
10355,1996-11-15,1996-12-13,1996-11-20,41.95,UK,Essex,AROUT,Around the Horn,London,UK,Ravioli Angelo,0,Grains/Cereals,15.6,25,0.0
10356,1996-11-18,1996-12-16,1996-11-27,36.71,Germany,,WANDK,Die Wandernde Kuh,Stuttgart,Germany,Gorgonzola Telino,0,Dairy Products,10.0,30,0.0
10356,1996-11-18,1996-12-16,1996-11-27,36.71,Germany,,WANDK,Die Wandernde Kuh,Stuttgart,Germany,Pâté chinois,0,Meat/Poultry,19.2,12,0.0
10356,1996-11-18,1996-12-16,1996-11-27,36.71,Germany,,WANDK,Die Wandernde Kuh,Stuttgart,Germany,Gudbrandsdalsost,0,Dairy Products,28.8,20,0.0
10357,1996-11-19,1996-12-17,1996-12-02,34.88,Venezuela,Lara,LILAS,LILA-Supermercado,Barquisimeto,Venezuela,Ikura,0,Seafood,24.8,30,0.2
10357,1996-11-19,1996-12-17,1996-12-02,34.88,Venezuela,Lara,LILAS,LILA-Supermercado,Barquisimeto,Venezuela,Gumbär Gummibärchen,0,Confections,24.9,16,0.0
10357,1996-11-19,1996-12-17,1996-12-02,34.88,Venezuela,Lara,LILAS,LILA-Supermercado,Barquisimeto,Venezuela,Camembert Pierrot,0,Dairy Products,27.2,8,0.2
10358,1996-11-20,1996-12-18,1996-11-27,19.64,France,,LAMAI,La maison d'Asie,Toulouse,France,Guaraná Fantástica,1,Beverages,3.6,10,0.05
10358,1996-11-20,1996-12-18,1996-11-27,19.64,France,,LAMAI,La maison d'Asie,Toulouse,France,Sasquatch Ale,0,Beverages,11.2,10,0.05
10358,1996-11-20,1996-12-18,1996-11-27,19.64,France,,LAMAI,La maison d'Asie,Toulouse,France,Inlagd Sill,0,Seafood,15.2,20,0.05
10359,1996-11-21,1996-12-19,1996-11-26,288.43,UK,,SEVES,Seven Seas Imports,London,UK,Pavlova,0,Confections,13.9,56,0.05
10359,1996-11-21,1996-12-19,1996-11-26,288.43,UK,,SEVES,Seven Seas Imports,London,UK,Gorgonzola Telino,0,Dairy Products,10.0,70,0.05
10359,1996-11-21,1996-12-19,1996-11-26,288.43,UK,,SEVES,Seven Seas Imports,London,UK,Camembert Pierrot,0,Dairy Products,27.2,80,0.05
10360,1996-11-22,1996-12-20,1996-12-02,131.7,France,,BLONP,Blondesddsl père et fils,Strasbourg,France,Rössle Sauerkraut,1,Produce,36.4,30,0.0
10360,1996-11-22,1996-12-20,1996-12-02,131.7,France,,BLONP,Blondesddsl père et fils,Strasbourg,France,Thüringer Rostbratwurst,1,Meat/Poultry,99.0,35,0.0
10360,1996-11-22,1996-12-20,1996-12-02,131.7,France,,BLONP,Blondesddsl père et fils,Strasbourg,France,Côte de Blaye,0,Beverages,210.8,10,0.0
10360,1996-11-22,1996-12-20,1996-12-02,131.7,France,,BLONP,Blondesddsl père et fils,Strasbourg,France,Maxilaku,0,Confections,16.0,35,0.0
10360,1996-11-22,1996-12-20,1996-12-02,131.7,France,,BLONP,Blondesddsl père et fils,Strasbourg,France,Tourtière,0,Meat/Poultry,5.9,28,0.0
10361,1996-11-22,1996-12-20,1996-12-03,183.17,Germany,,QUICK,QUICK-Stop,Cunewalde,Germany,Chartreuse verte,0,Beverages,14.4,54,0.1
10361,1996-11-22,1996-12-20,1996-12-03,183.17,Germany,,QUICK,QUICK-Stop,Cunewalde,Germany,Camembert Pierrot,0,Dairy Products,27.2,55,0.1
10362,1996-11-25,1996-12-23,1996-11-28,96.04,France,,BONAP,Bon app',Marseille,France,NuNuCa Nuß-Nougat-Creme,0,Confections,11.2,50,0.0
10362,1996-11-25,1996-12-23,1996-11-28,96.04,France,,BONAP,Bon app',Marseille,France,Manjimup Dried Apples,0,Produce,42.4,20,0.0
10362,1996-11-25,1996-12-23,1996-11-28,96.04,France,,BONAP,Bon app',Marseille,France,Tourtière,0,Meat/Poultry,5.9,24,0.0
10363,1996-11-26,1996-12-24,1996-12-04,30.54,Germany,,DRACD,Drachenblut Delikatessen,Aachen,Germany,Gorgonzola Telino,0,Dairy Products,10.0,20,0.0
10363,1996-11-26,1996-12-24,1996-12-04,30.54,Germany,,DRACD,Drachenblut Delikatessen,Aachen,Germany,Rhönbräu Klosterbier,0,Beverages,6.2,12,0.0
10363,1996-11-26,1996-12-24,1996-12-04,30.54,Germany,,DRACD,Drachenblut Delikatessen,Aachen,Germany,Lakkalikööri,0,Beverages,14.4,12,0.0
10364,1996-11-26,1997-01-07,1996-12-04,71.97,UK,,EASTC,Eastern Connection,London,UK,Gudbrandsdalsost,0,Dairy Products,28.8,30,0.0
10364,1996-11-26,1997-01-07,1996-12-04,71.97,UK,,EASTC,Eastern Connection,London,UK,Flotemysost,0,Dairy Products,17.2,5,0.0
10365,1996-11-27,1996-12-25,1996-12-02,22.0,Mexico,,ANTON,Antonio Moreno Taquería,México D.F.,Mexico,Queso Cabrales,0,Dairy Products,16.8,24,0.0
10366,1996-11-28,1997-01-09,1996-12-30,10.14,Spain,,GALED,Galería del gastrónomo,Barcelona,Spain,Louisiana Fiery Hot Pepper Sauce,0,Condiments,16.8,5,0.0
10366,1996-11-28,1997-01-09,1996-12-30,10.14,Spain,,GALED,Galería del gastrónomo,Barcelona,Spain,Original Frankfurter grüne Soße,0,Condiments,10.4,5,0.0
10367,1996-11-28,1996-12-26,1996-12-02,13.55,Denmark,,VAFFE,Vaffeljernet,Århus,Denmark,Sasquatch Ale,0,Beverages,11.2,36,0.0
10367,1996-11-28,1996-12-26,1996-12-02,13.55,Denmark,,VAFFE,Vaffeljernet,Århus,Denmark,Tourtière,0,Meat/Poultry,5.9,18,0.0
10367,1996-11-28,1996-12-26,1996-12-02,13.55,Denmark,,VAFFE,Vaffeljernet,Århus,Denmark,Louisiana Fiery Hot Pepper Sauce,0,Condiments,16.8,15,0.0
10367,1996-11-28,1996-12-26,1996-12-02,13.55,Denmark,,VAFFE,Vaffeljernet,Århus,Denmark,Original Frankfurter grüne Soße,0,Condiments,10.4,7,0.0
10368,1996-11-29,1996-12-27,1996-12-02,101.95,Austria,,ERNSH,Ernst Handel,Graz,Austria,Sir Rodney's Scones,0,Confections,8.0,5,0.1
10368,1996-11-29,1996-12-27,1996-12-02,101.95,Austria,,ERNSH,Ernst Handel,Graz,Austria,Rössle Sauerkraut,1,Produce,36.4,13,0.1
10368,1996-11-29,1996-12-27,1996-12-02,101.95,Austria,,ERNSH,Ernst Handel,Graz,Austria,Ravioli Angelo,0,Grains/Cereals,15.6,25,0.0
10368,1996-11-29,1996-12-27,1996-12-02,101.95,Austria,,ERNSH,Ernst Handel,Graz,Austria,Wimmers gute Semmelknödel,0,Grains/Cereals,26.6,35,0.1
10369,1996-12-02,1996-12-30,1996-12-09,195.68,USA,WY,SPLIR,Split Rail Beer & Ale,Lander,USA,Thüringer Rostbratwurst,1,Meat/Poultry,99.0,20,0.0
10369,1996-12-02,1996-12-30,1996-12-09,195.68,USA,WY,SPLIR,Split Rail Beer & Ale,Lander,USA,Gnocchi di nonna Alice,0,Grains/Cereals,30.4,18,0.25
10370,1996-12-03,1996-12-31,1996-12-27,1.17,Switzerland,,CHOPS,Chop-suey Chinese,Bern,Switzerland,Chai,1,Beverages,14.4,15,0.15
10370,1996-12-03,1996-12-31,1996-12-27,1.17,Switzerland,,CHOPS,Chop-suey Chinese,Bern,Switzerland,Wimmers gute Semmelknödel,0,Grains/Cereals,26.6,30,0.0
10370,1996-12-03,1996-12-31,1996-12-27,1.17,Switzerland,,CHOPS,Chop-suey Chinese,Bern,Switzerland,Longlife Tofu,0,Produce,8.0,20,0.15
10371,1996-12-03,1996-12-31,1996-12-24,0.45,France,,LAMAI,La maison d'Asie,Toulouse,France,Inlagd Sill,0,Seafood,15.2,6,0.2
10372,1996-12-04,1997-01-01,1996-12-09,890.78,Brazil,SP,QUEEN,Queen Cozinha,Sao Paulo,Brazil,Sir Rodney's Marmalade,0,Confections,64.8,12,0.25
10372,1996-12-04,1997-01-01,1996-12-09,890.78,Brazil,SP,QUEEN,Queen Cozinha,Sao Paulo,Brazil,Côte de Blaye,0,Beverages,210.8,40,0.25
10372,1996-12-04,1997-01-01,1996-12-09,890.78,Brazil,SP,QUEEN,Queen Cozinha,Sao Paulo,Brazil,Camembert Pierrot,0,Dairy Products,27.2,70,0.25
10372,1996-12-04,1997-01-01,1996-12-09,890.78,Brazil,SP,QUEEN,Queen Cozinha,Sao Paulo,Brazil,Mozzarella di Giovanni,0,Dairy Products,27.8,42,0.25
10373,1996-12-05,1997-01-02,1996-12-11,124.12,Ireland,Co. Cork,HUNGO,Hungry Owl All-Night Grocers,Cork,Ireland,Escargots de Bourgogne,0,Seafood,10.6,80,0.2
10373,1996-12-05,1997-01-02,1996-12-11,124.12,Ireland,Co. Cork,HUNGO,Hungry Owl All-Night Grocers,Cork,Ireland,Flotemysost,0,Dairy Products,17.2,50,0.2
10374,1996-12-05,1997-01-02,1996-12-09,3.94,Poland,,WOLZA,Wolski  Zajazd,Warszawa,Poland,Gorgonzola Telino,0,Dairy Products,10.0,30,0.0
10374,1996-12-05,1997-01-02,1996-12-09,3.94,Poland,,WOLZA,Wolski  Zajazd,Warszawa,Poland,Escargots de Bourgogne,0,Seafood,10.6,15,0.0
10375,1996-12-06,1997-01-03,1996-12-09,20.12,USA,OR,HUNGC,Hungry Coyote Import Store,Elgin,USA,Tofu,0,Produce,18.6,15,0.0
10375,1996-12-06,1997-01-03,1996-12-09,20.12,USA,OR,HUNGC,Hungry Coyote Import Store,Elgin,USA,Tourtière,0,Meat/Poultry,5.9,10,0.0
10376,1996-12-09,1997-01-06,1996-12-13,20.39,Canada,Québec,MEREP,Mère Paillarde,Montréal,Canada,Gorgonzola Telino,0,Dairy Products,10.0,42,0.05
10377,1996-12-09,1997-01-06,1996-12-13,22.21,UK,,SEVES,Seven Seas Imports,London,UK,Rössle Sauerkraut,1,Produce,36.4,20,0.15
10377,1996-12-09,1997-01-06,1996-12-13,22.21,UK,,SEVES,Seven Seas Imports,London,UK,Chartreuse verte,0,Beverages,14.4,20,0.15
10378,1996-12-10,1997-01-07,1996-12-19,5.44,Sweden,,FOLKO,Folk och fä HB,Bräcke,Sweden,Flotemysost,0,Dairy Products,17.2,6,0.0
10379,1996-12-11,1997-01-08,1996-12-13,45.03,Brazil,RJ,QUEDE,Que Delícia,Rio de Janeiro,Brazil,Jack's New England Clam Chowder,0,Seafood,7.7,8,0.1
10379,1996-12-11,1997-01-08,1996-12-13,45.03,Brazil,RJ,QUEDE,Que Delícia,Rio de Janeiro,Brazil,Vegie-spread,0,Condiments,35.1,16,0.1
10379,1996-12-11,1997-01-08,1996-12-13,45.03,Brazil,RJ,QUEDE,Que Delícia,Rio de Janeiro,Brazil,Louisiana Fiery Hot Pepper Sauce,0,Condiments,16.8,20,0.1
10380,1996-12-12,1997-01-09,1997-01-16,35.03,Ireland,Co. Cork,HUNGO,Hungry Owl All-Night Grocers,Cork,Ireland,Nord-Ost Matjeshering,0,Seafood,20.7,18,0.1
10380,1996-12-12,1997-01-09,1997-01-16,35.03,Ireland,Co. Cork,HUNGO,Hungry Owl All-Night Grocers,Cork,Ireland,Perth Pasties,1,Meat/Poultry,26.2,20,0.1
10380,1996-12-12,1997-01-09,1997-01-16,35.03,Ireland,Co. Cork,HUNGO,Hungry Owl All-Night Grocers,Cork,Ireland,Camembert Pierrot,0,Dairy Products,27.2,6,0.1
10380,1996-12-12,1997-01-09,1997-01-16,35.03,Ireland,Co. Cork,HUNGO,Hungry Owl All-Night Grocers,Cork,Ireland,Outback Lager,0,Beverages,12.0,30,0.0
10381,1996-12-12,1997-01-09,1996-12-13,7.99,Venezuela,Lara,LILAS,LILA-Supermercado,Barquisimeto,Venezuela,Longlife Tofu,0,Produce,8.0,14,0.0
10382,1996-12-13,1997-01-10,1996-12-16,94.77,Austria,,ERNSH,Ernst Handel,Graz,Austria,Chef Anton's Gumbo Mix,1,Condiments,17.0,32,0.0
10382,1996-12-13,1997-01-10,1996-12-16,94.77,Austria,,ERNSH,Ernst Handel,Graz,Austria,Carnarvon Tigers,0,Seafood,50.0,9,0.0
10382,1996-12-13,1997-01-10,1996-12-16,94.77,Austria,,ERNSH,Ernst Handel,Graz,Austria,Thüringer Rostbratwurst,1,Meat/Poultry,99.0,14,0.0
10382,1996-12-13,1997-01-10,1996-12-16,94.77,Austria,,ERNSH,Ernst Handel,Graz,Austria,Geitost,0,Dairy Products,2.0,60,0.0
10382,1996-12-13,1997-01-10,1996-12-16,94.77,Austria,,ERNSH,Ernst Handel,Graz,Austria,Longlife Tofu,0,Produce,8.0,50,0.0
10383,1996-12-16,1997-01-13,1996-12-18,34.24,UK,Essex,AROUT,Around the Horn,London,UK,Konbu,0,Seafood,4.8,20,0.0
10383,1996-12-16,1997-01-13,1996-12-18,34.24,UK,Essex,AROUT,Around the Horn,London,UK,Valkoinen suklaa,0,Confections,13.0,15,0.0
10383,1996-12-16,1997-01-13,1996-12-18,34.24,UK,Essex,AROUT,Around the Horn,London,UK,Gnocchi di nonna Alice,0,Grains/Cereals,30.4,20,0.0
10384,1996-12-16,1997-01-13,1996-12-20,168.64,Sweden,,BERGS,Berglunds snabbköp,Luleå,Sweden,Sir Rodney's Marmalade,0,Confections,64.8,28,0.0
10384,1996-12-16,1997-01-13,1996-12-20,168.64,Sweden,,BERGS,Berglunds snabbköp,Luleå,Sweden,Camembert Pierrot,0,Dairy Products,27.2,15,0.0
10385,1996-12-17,1997-01-14,1996-12-23,30.96,USA,WY,SPLIR,Split Rail Beer & Ale,Lander,USA,Uncle Bob's Organic Dried Pears,0,Produce,24.0,10,0.2
10385,1996-12-17,1997-01-14,1996-12-23,30.96,USA,WY,SPLIR,Split Rail Beer & Ale,Lander,USA,Camembert Pierrot,0,Dairy Products,27.2,20,0.2
10385,1996-12-17,1997-01-14,1996-12-23,30.96,USA,WY,SPLIR,Split Rail Beer & Ale,Lander,USA,Scottish Longbreads,0,Confections,10.0,8,0.2
10386,1996-12-18,1997-01-01,1996-12-25,13.99,Brazil,SP,FAMIA,Familia Arquibaldo,Sao Paulo,Brazil,Guaraná Fantástica,1,Beverages,3.6,15,0.0
10386,1996-12-18,1997-01-01,1996-12-25,13.99,Brazil,SP,FAMIA,Familia Arquibaldo,Sao Paulo,Brazil,Sasquatch Ale,0,Beverages,11.2,10,0.0
10387,1996-12-18,1997-01-15,1996-12-20,93.63,Norway,,SANTG,Santé Gourmet,Stavern,Norway,Guaraná Fantástica,1,Beverages,3.6,15,0.0
10387,1996-12-18,1997-01-15,1996-12-20,93.63,Norway,,SANTG,Santé Gourmet,Stavern,Norway,Rössle Sauerkraut,1,Produce,36.4,6,0.0
10387,1996-12-18,1997-01-15,1996-12-20,93.63,Norway,,SANTG,Santé Gourmet,Stavern,Norway,Raclette Courdavault,0,Dairy Products,44.0,12,0.0
10387,1996-12-18,1997-01-15,1996-12-20,93.63,Norway,,SANTG,Santé Gourmet,Stavern,Norway,Flotemysost,0,Dairy Products,17.2,15,0.0
10388,1996-12-19,1997-01-16,1996-12-20,34.86,UK,,SEVES,Seven Seas Imports,London,UK,Rogede sild,0,Seafood,7.6,15,0.2
10388,1996-12-19,1997-01-16,1996-12-20,34.86,UK,,SEVES,Seven Seas Imports,London,UK,Filo Mix,0,Grains/Cereals,5.6,20,0.2
10388,1996-12-19,1997-01-16,1996-12-20,34.86,UK,,SEVES,Seven Seas Imports,London,UK,Perth Pasties,1,Meat/Poultry,26.2,40,0.0
10389,1996-12-20,1997-01-17,1996-12-24,47.42,Canada,BC,BOTTM,Bottom-Dollar Markets,Tsawassen,Canada,Ikura,0,Seafood,24.8,16,0.0
10389,1996-12-20,1997-01-17,1996-12-24,47.42,Canada,BC,BOTTM,Bottom-Dollar Markets,Tsawassen,Canada,Pâté chinois,0,Meat/Poultry,19.2,15,0.0
10389,1996-12-20,1997-01-17,1996-12-24,47.42,Canada,BC,BOTTM,Bottom-Dollar Markets,Tsawassen,Canada,Tarte au sucre,0,Confections,39.4,20,0.0
10389,1996-12-20,1997-01-17,1996-12-24,47.42,Canada,BC,BOTTM,Bottom-Dollar Markets,Tsawassen,Canada,Outback Lager,0,Beverages,12.0,30,0.0
10390,1996-12-23,1997-01-20,1996-12-26,126.38,Austria,,ERNSH,Ernst Handel,Graz,Austria,Gorgonzola Telino,0,Dairy Products,10.0,60,0.1
10390,1996-12-23,1997-01-20,1996-12-26,126.38,Austria,,ERNSH,Ernst Handel,Graz,Austria,Steeleye Stout,0,Beverages,14.4,40,0.1
10390,1996-12-23,1997-01-20,1996-12-26,126.38,Austria,,ERNSH,Ernst Handel,Graz,Austria,Spegesild,0,Seafood,9.6,45,0.0
10390,1996-12-23,1997-01-20,1996-12-26,126.38,Austria,,ERNSH,Ernst Handel,Graz,Austria,Mozzarella di Giovanni,0,Dairy Products,27.8,24,0.1
10391,1996-12-23,1997-01-20,1996-12-31,5.45,Germany,,DRACD,Drachenblut Delikatessen,Aachen,Germany,Konbu,0,Seafood,4.8,18,0.0
10392,1996-12-24,1997-01-21,1997-01-01,122.46,Austria,,PICCO,Piccolo und mehr,Salzburg,Austria,Gudbrandsdalsost,0,Dairy Products,28.8,50,0.0
10393,1996-12-25,1997-01-22,1997-01-03,126.56,USA,ID,SAVEA,Save-a-lot Markets,Boise,USA,Chang,1,Beverages,15.2,25,0.25
10393,1996-12-25,1997-01-22,1997-01-03,126.56,USA,ID,SAVEA,Save-a-lot Markets,Boise,USA,Tofu,0,Produce,18.6,42,0.25
10393,1996-12-25,1997-01-22,1997-01-03,126.56,USA,ID,SAVEA,Save-a-lot Markets,Boise,USA,NuNuCa Nuß-Nougat-Creme,0,Confections,11.2,7,0.25
10393,1996-12-25,1997-01-22,1997-01-03,126.56,USA,ID,SAVEA,Save-a-lot Markets,Boise,USA,Gumbär Gummibärchen,0,Confections,24.9,70,0.25
10393,1996-12-25,1997-01-22,1997-01-03,126.56,USA,ID,SAVEA,Save-a-lot Markets,Boise,USA,Gorgonzola Telino,0,Dairy Products,10.0,32,0.0
10394,1996-12-25,1997-01-22,1997-01-03,30.34,USA,OR,HUNGC,Hungry Coyote Import Store,Elgin,USA,Konbu,0,Seafood,4.8,10,0.0
10394,1996-12-25,1997-01-22,1997-01-03,30.34,USA,OR,HUNGC,Hungry Coyote Import Store,Elgin,USA,Tarte au sucre,0,Confections,39.4,10,0.0
10395,1996-12-26,1997-01-23,1997-01-03,184.41,Venezuela,Táchira,HILAA,HILARION-Abastos,San Cristóbal,Venezuela,Spegesild,0,Seafood,9.6,28,0.1
10395,1996-12-26,1997-01-23,1997-01-03,184.41,Venezuela,Táchira,HILAA,HILARION-Abastos,San Cristóbal,Venezuela,Perth Pasties,1,Meat/Poultry,26.2,70,0.1
10395,1996-12-26,1997-01-23,1997-01-03,184.41,Venezuela,Táchira,HILAA,HILARION-Abastos,San Cristóbal,Venezuela,Gudbrandsdalsost,0,Dairy Products,28.8,8,0.0
10396,1996-12-27,1997-01-10,1997-01-06,135.35,Germany,,FRANK,Frankenversand,München,Germany,Tunnbröd,0,Grains/Cereals,7.2,40,0.0
10396,1996-12-27,1997-01-10,1997-01-06,135.35,Germany,,FRANK,Frankenversand,München,Germany,Flotemysost,0,Dairy Products,17.2,60,0.0
10396,1996-12-27,1997-01-10,1997-01-06,135.35,Germany,,FRANK,Frankenversand,München,Germany,Mozzarella di Giovanni,0,Dairy Products,27.8,21,0.0
10397,1996-12-27,1997-01-24,1997-01-02,60.26,Portugal,,PRINI,Princesa Isabel Vinhos,Lisboa,Portugal,Sir Rodney's Scones,0,Confections,8.0,10,0.15
10397,1996-12-27,1997-01-24,1997-01-02,60.26,Portugal,,PRINI,Princesa Isabel Vinhos,Lisboa,Portugal,Manjimup Dried Apples,0,Produce,42.4,18,0.15
10398,1996-12-30,1997-01-27,1997-01-09,89.16,USA,ID,SAVEA,Save-a-lot Markets,Boise,USA,Steeleye Stout,0,Beverages,14.4,30,0.0
10398,1996-12-30,1997-01-27,1997-01-09,89.16,USA,ID,SAVEA,Save-a-lot Markets,Boise,USA,Pâté chinois,0,Meat/Poultry,19.2,120,0.1
10399,1996-12-31,1997-01-14,1997-01-08,27.36,Denmark,,VAFFE,Vaffeljernet,Århus,Denmark,Scottish Longbreads,0,Confections,10.0,60,0.0
10399,1996-12-31,1997-01-14,1997-01-08,27.36,Denmark,,VAFFE,Vaffeljernet,Århus,Denmark,Flotemysost,0,Dairy Products,17.2,30,0.0
10399,1996-12-31,1997-01-14,1997-01-08,27.36,Denmark,,VAFFE,Vaffeljernet,Århus,Denmark,Lakkalikööri,0,Beverages,14.4,35,0.0
10399,1996-12-31,1997-01-14,1997-01-08,27.36,Denmark,,VAFFE,Vaffeljernet,Århus,Denmark,Original Frankfurter grüne Soße,0,Condiments,10.4,14,0.0
10400,1997-01-01,1997-01-29,1997-01-16,83.93,UK,,EASTC,Eastern Connection,London,UK,Thüringer Rostbratwurst,1,Meat/Poultry,99.0,21,0.0
10400,1997-01-01,1997-01-29,1997-01-16,83.93,UK,,EASTC,Eastern Connection,London,UK,Steeleye Stout,0,Beverages,14.4,35,0.0
10400,1997-01-01,1997-01-29,1997-01-16,83.93,UK,,EASTC,Eastern Connection,London,UK,Maxilaku,0,Confections,16.0,30,0.0
10401,1997-01-01,1997-01-29,1997-01-10,12.51,USA,NM,RATTC,Rattlesnake Canyon Grocery,Albuquerque,USA,Nord-Ost Matjeshering,0,Seafood,20.7,18,0.0
10401,1997-01-01,1997-01-29,1997-01-10,12.51,USA,NM,RATTC,Rattlesnake Canyon Grocery,Albuquerque,USA,Gnocchi di nonna Alice,0,Grains/Cereals,30.4,70,0.0
10401,1997-01-01,1997-01-29,1997-01-10,12.51,USA,NM,RATTC,Rattlesnake Canyon Grocery,Albuquerque,USA,Louisiana Fiery Hot Pepper Sauce,0,Condiments,16.8,20,0.0
10401,1997-01-01,1997-01-29,1997-01-10,12.51,USA,NM,RATTC,Rattlesnake Canyon Grocery,Albuquerque,USA,Flotemysost,0,Dairy Products,17.2,60,0.0
10402,1997-01-02,1997-02-13,1997-01-10,67.88,Austria,,ERNSH,Ernst Handel,Graz,Austria,Tunnbröd,0,Grains/Cereals,7.2,60,0.0
10402,1997-01-02,1997-02-13,1997-01-10,67.88,Austria,,ERNSH,Ernst Handel,Graz,Austria,Vegie-spread,0,Condiments,35.1,65,0.0
10403,1997-01-03,1997-01-31,1997-01-09,73.79,Austria,,ERNSH,Ernst Handel,Graz,Austria,Pavlova,0,Confections,13.9,21,0.15
10403,1997-01-03,1997-01-31,1997-01-09,73.79,Austria,,ERNSH,Ernst Handel,Graz,Austria,Chocolade,0,Confections,10.2,70,0.15
10404,1997-01-03,1997-01-31,1997-01-08,155.97,Italy,,MAGAA,Magazzini Alimentari Riuniti,Bergamo,Italy,Gumbär Gummibärchen,0,Confections,24.9,30,0.05
10404,1997-01-03,1997-01-31,1997-01-08,155.97,Italy,,MAGAA,Magazzini Alimentari Riuniti,Bergamo,Italy,Singaporean Hokkien Fried Mee,1,Grains/Cereals,11.2,40,0.05
10404,1997-01-03,1997-01-31,1997-01-08,155.97,Italy,,MAGAA,Magazzini Alimentari Riuniti,Bergamo,Italy,Maxilaku,0,Confections,16.0,30,0.05
10405,1997-01-06,1997-02-03,1997-01-22,34.82,Venezuela,Nueva Esparta,LINOD,LINO-Delicateses,I. de Margarita,Venezuela,Aniseed Syrup,0,Condiments,8.0,50,0.0
10406,1997-01-07,1997-02-18,1997-01-13,108.04,Brazil,SP,QUEEN,Queen Cozinha,Sao Paulo,Brazil,Chai,1,Beverages,14.4,10,0.0
10406,1997-01-07,1997-02-18,1997-01-13,108.04,Brazil,SP,QUEEN,Queen Cozinha,Sao Paulo,Brazil,Sir Rodney's Scones,0,Confections,8.0,30,0.1
10406,1997-01-07,1997-02-18,1997-01-13,108.04,Brazil,SP,QUEEN,Queen Cozinha,Sao Paulo,Brazil,Rössle Sauerkraut,1,Produce,36.4,42,0.1
10406,1997-01-07,1997-02-18,1997-01-13,108.04,Brazil,SP,QUEEN,Queen Cozinha,Sao Paulo,Brazil,Inlagd Sill,0,Seafood,15.2,5,0.1
10406,1997-01-07,1997-02-18,1997-01-13,108.04,Brazil,SP,QUEEN,Queen Cozinha,Sao Paulo,Brazil,Boston Crab Meat,0,Seafood,14.7,2,0.1
10407,1997-01-07,1997-02-04,1997-01-30,91.48,Germany,,OTTIK,Ottilies Käseladen,Köln,Germany,Queso Cabrales,0,Dairy Products,16.8,30,0.0
10407,1997-01-07,1997-02-04,1997-01-30,91.48,Germany,,OTTIK,Ottilies Käseladen,Köln,Germany,Gudbrandsdalsost,0,Dairy Products,28.8,15,0.0
10407,1997-01-07,1997-02-04,1997-01-30,91.48,Germany,,OTTIK,Ottilies Käseladen,Köln,Germany,Flotemysost,0,Dairy Products,17.2,15,0.0
10408,1997-01-08,1997-02-05,1997-01-14,11.26,France,,FOLIG,Folies gourmandes,Lille,France,Gravad lax,0,Seafood,20.8,10,0.0
10408,1997-01-08,1997-02-05,1997-01-14,11.26,France,,FOLIG,Folies gourmandes,Lille,France,Tourtière,0,Meat/Poultry,5.9,6,0.0
10408,1997-01-08,1997-02-05,1997-01-14,11.26,France,,FOLIG,Folies gourmandes,Lille,France,Tarte au sucre,0,Confections,39.4,35,0.0
10409,1997-01-09,1997-02-06,1997-01-14,29.83,Argentina,,OCEAN,Océano Atlántico Ltda.,Buenos Aires,Argentina,Tofu,0,Produce,18.6,12,0.0
10409,1997-01-09,1997-02-06,1997-01-14,29.83,Argentina,,OCEAN,Océano Atlántico Ltda.,Buenos Aires,Argentina,Sir Rodney's Scones,0,Confections,8.0,12,0.0
10410,1997-01-10,1997-02-07,1997-01-15,2.4,Canada,BC,BOTTM,Bottom-Dollar Markets,Tsawassen,Canada,Geitost,0,Dairy Products,2.0,49,0.0
10410,1997-01-10,1997-02-07,1997-01-15,2.4,Canada,BC,BOTTM,Bottom-Dollar Markets,Tsawassen,Canada,Raclette Courdavault,0,Dairy Products,44.0,16,0.0
10411,1997-01-10,1997-02-07,1997-01-21,23.65,Canada,BC,BOTTM,Bottom-Dollar Markets,Tsawassen,Canada,Jack's New England Clam Chowder,0,Seafood,7.7,25,0.2
10411,1997-01-10,1997-02-07,1997-01-21,23.65,Canada,BC,BOTTM,Bottom-Dollar Markets,Tsawassen,Canada,Gula Malacca,0,Condiments,15.5,40,0.2
10411,1997-01-10,1997-02-07,1997-01-21,23.65,Canada,BC,BOTTM,Bottom-Dollar Markets,Tsawassen,Canada,Raclette Courdavault,0,Dairy Products,44.0,9,0.2
10412,1997-01-13,1997-02-10,1997-01-15,3.77,Finland,,WARTH,Wartian Herkku,Oulu,Finland,Tofu,0,Produce,18.6,20,0.1
10413,1997-01-14,1997-02-11,1997-01-16,95.66,France,,LAMAI,La maison d'Asie,Toulouse,France,Chai,1,Beverages,14.4,24,0.0
10413,1997-01-14,1997-02-11,1997-01-16,95.66,France,,LAMAI,La maison d'Asie,Toulouse,France,Tarte au sucre,0,Confections,39.4,40,0.0
10413,1997-01-14,1997-02-11,1997-01-16,95.66,France,,LAMAI,La maison d'Asie,Toulouse,France,Lakkalikööri,0,Beverages,14.4,14,0.0
10414,1997-01-14,1997-02-11,1997-01-17,21.48,Brazil,SP,FAMIA,Familia Arquibaldo,Sao Paulo,Brazil,Teatime Chocolate Biscuits,0,Confections,7.3,18,0.05
10414,1997-01-14,1997-02-11,1997-01-17,21.48,Brazil,SP,FAMIA,Familia Arquibaldo,Sao Paulo,Brazil,Geitost,0,Dairy Products,2.0,50,0.0
10415,1997-01-15,1997-02-12,1997-01-24,0.2,USA,OR,HUNGC,Hungry Coyote Import Store,Elgin,USA,Alice Mutton,1,Meat/Poultry,31.2,2,0.0
10415,1997-01-15,1997-02-12,1997-01-24,0.2,USA,OR,HUNGC,Hungry Coyote Import Store,Elgin,USA,Geitost,0,Dairy Products,2.0,20,0.0
10416,1997-01-16,1997-02-13,1997-01-27,22.72,Finland,,WARTH,Wartian Herkku,Oulu,Finland,Teatime Chocolate Biscuits,0,Confections,7.3,20,0.0
10416,1997-01-16,1997-02-13,1997-01-27,22.72,Finland,,WARTH,Wartian Herkku,Oulu,Finland,Perth Pasties,1,Meat/Poultry,26.2,10,0.0
10416,1997-01-16,1997-02-13,1997-01-27,22.72,Finland,,WARTH,Wartian Herkku,Oulu,Finland,Ravioli Angelo,0,Grains/Cereals,15.6,20,0.0
10417,1997-01-16,1997-02-13,1997-01-28,70.29,Denmark,,SIMOB,Simons bistro,Kobenhavn,Denmark,Côte de Blaye,0,Beverages,210.8,50,0.0
10417,1997-01-16,1997-02-13,1997-01-28,70.29,Denmark,,SIMOB,Simons bistro,Kobenhavn,Denmark,Spegesild,0,Seafood,9.6,2,0.25
10417,1997-01-16,1997-02-13,1997-01-28,70.29,Denmark,,SIMOB,Simons bistro,Kobenhavn,Denmark,Scottish Longbreads,0,Confections,10.0,36,0.25
10417,1997-01-16,1997-02-13,1997-01-28,70.29,Denmark,,SIMOB,Simons bistro,Kobenhavn,Denmark,Original Frankfurter grüne Soße,0,Condiments,10.4,35,0.0
10418,1997-01-17,1997-02-14,1997-01-24,17.55,Germany,,QUICK,QUICK-Stop,Cunewalde,Germany,Chang,1,Beverages,15.2,60,0.0
10418,1997-01-17,1997-02-14,1997-01-24,17.55,Germany,,QUICK,QUICK-Stop,Cunewalde,Germany,Zaanse koeken,0,Confections,7.6,55,0.0
10418,1997-01-17,1997-02-14,1997-01-24,17.55,Germany,,QUICK,QUICK-Stop,Cunewalde,Germany,Sirop d'érable,0,Condiments,22.8,16,0.0
10418,1997-01-17,1997-02-14,1997-01-24,17.55,Germany,,QUICK,QUICK-Stop,Cunewalde,Germany,Longlife Tofu,0,Produce,8.0,15,0.0
10419,1997-01-20,1997-02-17,1997-01-30,137.35,Switzerland,,RICSU,Richter Supermarkt,Genève,Switzerland,Camembert Pierrot,0,Dairy Products,27.2,60,0.05
10419,1997-01-20,1997-02-17,1997-01-30,137.35,Switzerland,,RICSU,Richter Supermarkt,Genève,Switzerland,Gudbrandsdalsost,0,Dairy Products,28.8,20,0.05
10420,1997-01-21,1997-02-18,1997-01-27,44.12,Brazil,SP,WELLI,Wellington Importadora,Resende,Brazil,Mishi Kobe Niku,1,Meat/Poultry,77.6,20,0.1
10420,1997-01-21,1997-02-18,1997-01-27,44.12,Brazil,SP,WELLI,Wellington Importadora,Resende,Brazil,Konbu,0,Seafood,4.8,2,0.1
10420,1997-01-21,1997-02-18,1997-01-27,44.12,Brazil,SP,WELLI,Wellington Importadora,Resende,Brazil,Outback Lager,0,Beverages,12.0,8,0.1
10420,1997-01-21,1997-02-18,1997-01-27,44.12,Brazil,SP,WELLI,Wellington Importadora,Resende,Brazil,Röd Kaviar,0,Seafood,12.0,20,0.1
10421,1997-01-21,1997-03-04,1997-01-27,99.23,Brazil,RJ,QUEDE,Que Delícia,Rio de Janeiro,Brazil,Teatime Chocolate Biscuits,0,Confections,7.3,4,0.15
10421,1997-01-21,1997-03-04,1997-01-27,99.23,Brazil,RJ,QUEDE,Que Delícia,Rio de Janeiro,Brazil,Gumbär Gummibärchen,0,Confections,24.9,30,0.0
10421,1997-01-21,1997-03-04,1997-01-27,99.23,Brazil,RJ,QUEDE,Que Delícia,Rio de Janeiro,Brazil,Perth Pasties,1,Meat/Poultry,26.2,15,0.15
10421,1997-01-21,1997-03-04,1997-01-27,99.23,Brazil,RJ,QUEDE,Que Delícia,Rio de Janeiro,Brazil,Original Frankfurter grüne Soße,0,Condiments,10.4,10,0.15
10422,1997-01-22,1997-02-19,1997-01-31,3.02,Italy,,FRANS,Franchi S.p.A.,Torino,Italy,Gumbär Gummibärchen,0,Confections,24.9,2,0.0
10423,1997-01-23,1997-02-06,1997-02-24,24.5,Brazil,SP,GOURL,Gourmet Lanchonetes,Campinas,Brazil,Gorgonzola Telino,0,Dairy Products,10.0,14,0.0
10423,1997-01-23,1997-02-06,1997-02-24,24.5,Brazil,SP,GOURL,Gourmet Lanchonetes,Campinas,Brazil,Raclette Courdavault,0,Dairy Products,44.0,20,0.0
10424,1997-01-23,1997-02-20,1997-01-27,370.61,Canada,Québec,MEREP,Mère Paillarde,Montréal,Canada,Steeleye Stout,0,Beverages,14.4,60,0.2
10424,1997-01-23,1997-02-20,1997-01-27,370.61,Canada,Québec,MEREP,Mère Paillarde,Montréal,Canada,Côte de Blaye,0,Beverages,210.8,49,0.2
10424,1997-01-23,1997-02-20,1997-01-27,370.61,Canada,Québec,MEREP,Mère Paillarde,Montréal,Canada,Scottish Longbreads,0,Confections,10.0,30,0.2
10425,1997-01-24,1997-02-21,1997-02-14,7.93,France,,LAMAI,La maison d'Asie,Toulouse,France,Pâté chinois,0,Meat/Poultry,19.2,10,0.25
10425,1997-01-24,1997-02-21,1997-02-14,7.93,France,,LAMAI,La maison d'Asie,Toulouse,France,Lakkalikööri,0,Beverages,14.4,20,0.25
10426,1997-01-27,1997-02-24,1997-02-06,18.69,Spain,,GALED,Galería del gastrónomo,Barcelona,Spain,Gnocchi di nonna Alice,0,Grains/Cereals,30.4,5,0.0
10426,1997-01-27,1997-02-24,1997-02-06,18.69,Spain,,GALED,Galería del gastrónomo,Barcelona,Spain,Wimmers gute Semmelknödel,0,Grains/Cereals,26.6,7,0.0
10427,1997-01-27,1997-02-24,1997-03-03,31.29,Austria,,PICCO,Piccolo und mehr,Salzburg,Austria,Tofu,0,Produce,18.6,35,0.0
10428,1997-01-28,1997-02-25,1997-02-04,11.09,Italy,,REGGC,Reggiani Caseifici,Reggio Emilia,Italy,Spegesild,0,Seafood,9.6,20,0.0
10429,1997-01-29,1997-03-12,1997-02-07,56.63,Ireland,Co. Cork,HUNGO,Hungry Owl All-Night Grocers,Cork,Ireland,Valkoinen suklaa,0,Confections,13.0,40,0.0
10429,1997-01-29,1997-03-12,1997-02-07,56.63,Ireland,Co. Cork,HUNGO,Hungry Owl All-Night Grocers,Cork,Ireland,Vegie-spread,0,Condiments,35.1,35,0.25
10430,1997-01-30,1997-02-13,1997-02-03,458.78,Austria,,ERNSH,Ernst Handel,Graz,Austria,Alice Mutton,1,Meat/Poultry,31.2,45,0.2
10430,1997-01-30,1997-02-13,1997-02-03,458.78,Austria,,ERNSH,Ernst Handel,Graz,Austria,Sir Rodney's Scones,0,Confections,8.0,50,0.0
10430,1997-01-30,1997-02-13,1997-02-03,458.78,Austria,,ERNSH,Ernst Handel,Graz,Austria,Gnocchi di nonna Alice,0,Grains/Cereals,30.4,30,0.0
10430,1997-01-30,1997-02-13,1997-02-03,458.78,Austria,,ERNSH,Ernst Handel,Graz,Austria,Raclette Courdavault,0,Dairy Products,44.0,70,0.2
10431,1997-01-30,1997-02-13,1997-02-07,44.17,Canada,BC,BOTTM,Bottom-Dollar Markets,Tsawassen,Canada,Alice Mutton,1,Meat/Poultry,31.2,50,0.25
10431,1997-01-30,1997-02-13,1997-02-07,44.17,Canada,BC,BOTTM,Bottom-Dollar Markets,Tsawassen,Canada,Boston Crab Meat,0,Seafood,14.7,50,0.25
10431,1997-01-30,1997-02-13,1997-02-07,44.17,Canada,BC,BOTTM,Bottom-Dollar Markets,Tsawassen,Canada,Zaanse koeken,0,Confections,7.6,30,0.25
10432,1997-01-31,1997-02-14,1997-02-07,4.34,USA,WY,SPLIR,Split Rail Beer & Ale,Lander,USA,Gumbär Gummibärchen,0,Confections,24.9,10,0.0
10432,1997-01-31,1997-02-14,1997-02-07,4.34,USA,WY,SPLIR,Split Rail Beer & Ale,Lander,USA,Tourtière,0,Meat/Poultry,5.9,40,0.0
10433,1997-02-03,1997-03-03,1997-03-04,73.83,Portugal,,PRINI,Princesa Isabel Vinhos,Lisboa,Portugal,Gnocchi di nonna Alice,0,Grains/Cereals,30.4,28,0.0
10434,1997-02-03,1997-03-03,1997-02-13,17.92,Sweden,,FOLKO,Folk och fä HB,Bräcke,Sweden,Queso Cabrales,0,Dairy Products,16.8,6,0.0
10434,1997-02-03,1997-03-03,1997-02-13,17.92,Sweden,,FOLKO,Folk och fä HB,Bräcke,Sweden,Lakkalikööri,0,Beverages,14.4,18,0.15
10435,1997-02-04,1997-03-18,1997-02-07,9.21,UK,,CONSH,Consolidated Holdings,London,UK,Chang,1,Beverages,15.2,10,0.0
10435,1997-02-04,1997-03-18,1997-02-07,9.21,UK,,CONSH,Consolidated Holdings,London,UK,Gustaf's Knäckebröd,0,Grains/Cereals,16.8,12,0.0
10435,1997-02-04,1997-03-18,1997-02-07,9.21,UK,,CONSH,Consolidated Holdings,London,UK,Mozzarella di Giovanni,0,Dairy Products,27.8,10,0.0
10436,1997-02-05,1997-03-05,1997-02-11,156.66,France,,BLONP,Blondesddsl père et fils,Strasbourg,France,Spegesild,0,Seafood,9.6,5,0.0
10436,1997-02-05,1997-03-05,1997-02-11,156.66,France,,BLONP,Blondesddsl père et fils,Strasbourg,France,Gnocchi di nonna Alice,0,Grains/Cereals,30.4,40,0.1
10436,1997-02-05,1997-03-05,1997-02-11,156.66,France,,BLONP,Blondesddsl père et fils,Strasbourg,France,Wimmers gute Semmelknödel,0,Grains/Cereals,26.6,30,0.1
10436,1997-02-05,1997-03-05,1997-02-11,156.66,France,,BLONP,Blondesddsl père et fils,Strasbourg,France,Rhönbräu Klosterbier,0,Beverages,6.2,24,0.1
10437,1997-02-05,1997-03-05,1997-02-12,19.97,Finland,,WARTH,Wartian Herkku,Oulu,Finland,Perth Pasties,1,Meat/Poultry,26.2,15,0.0
10438,1997-02-06,1997-03-06,1997-02-14,8.24,Germany,,TOMSP,Toms Spezialitäten,Münster,Germany,Teatime Chocolate Biscuits,0,Confections,7.3,15,0.2
10438,1997-02-06,1997-03-06,1997-02-14,8.24,Germany,,TOMSP,Toms Spezialitäten,Münster,Germany,Sasquatch Ale,0,Beverages,11.2,20,0.2
10438,1997-02-06,1997-03-06,1997-02-14,8.24,Germany,,TOMSP,Toms Spezialitäten,Münster,Germany,Ravioli Angelo,0,Grains/Cereals,15.6,15,0.2
10439,1997-02-07,1997-03-07,1997-02-10,4.07,Canada,Québec,MEREP,Mère Paillarde,Montréal,Canada,Queso Manchego La Pastora,0,Dairy Products,30.4,15,0.0
10439,1997-02-07,1997-03-07,1997-02-10,4.07,Canada,Québec,MEREP,Mère Paillarde,Montréal,Canada,Pavlova,0,Confections,13.9,16,0.0
10439,1997-02-07,1997-03-07,1997-02-10,4.07,Canada,Québec,MEREP,Mère Paillarde,Montréal,Canada,Wimmers gute Semmelknödel,0,Grains/Cereals,26.6,6,0.0
10439,1997-02-07,1997-03-07,1997-02-10,4.07,Canada,Québec,MEREP,Mère Paillarde,Montréal,Canada,Longlife Tofu,0,Produce,8.0,30,0.0
10440,1997-02-10,1997-03-10,1997-02-28,86.53,USA,ID,SAVEA,Save-a-lot Markets,Boise,USA,Chang,1,Beverages,15.2,45,0.15
10440,1997-02-10,1997-03-10,1997-02-28,86.53,USA,ID,SAVEA,Save-a-lot Markets,Boise,USA,Pavlova,0,Confections,13.9,49,0.15
10440,1997-02-10,1997-03-10,1997-02-28,86.53,USA,ID,SAVEA,Save-a-lot Markets,Boise,USA,Thüringer Rostbratwurst,1,Meat/Poultry,99.0,24,0.15
10440,1997-02-10,1997-03-10,1997-02-28,86.53,USA,ID,SAVEA,Save-a-lot Markets,Boise,USA,Sirop d'érable,0,Condiments,22.8,90,0.15
10441,1997-02-10,1997-03-24,1997-03-14,73.02,USA,AK,OLDWO,Old World Delicatessen,Anchorage,USA,Schoggi Schokolade,0,Confections,35.1,50,0.0
10442,1997-02-11,1997-03-11,1997-02-18,47.94,Austria,,ERNSH,Ernst Handel,Graz,Austria,Queso Cabrales,0,Dairy Products,16.8,30,0.0
10442,1997-02-11,1997-03-11,1997-02-18,47.94,Austria,,ERNSH,Ernst Handel,Graz,Austria,Tourtière,0,Meat/Poultry,5.9,80,0.0
10442,1997-02-11,1997-03-11,1997-02-18,47.94,Austria,,ERNSH,Ernst Handel,Graz,Austria,Louisiana Hot Spiced Okra,0,Condiments,13.6,60,0.0
10443,1997-02-12,1997-03-12,1997-02-14,13.95,Italy,,REGGC,Reggiani Caseifici,Reggio Emilia,Italy,Queso Cabrales,0,Dairy Products,16.8,6,0.2
10443,1997-02-12,1997-03-12,1997-02-14,13.95,Italy,,REGGC,Reggiani Caseifici,Reggio Emilia,Italy,Rössle Sauerkraut,1,Produce,36.4,12,0.0
10444,1997-02-12,1997-03-12,1997-02-21,3.5,Sweden,,BERGS,Berglunds snabbköp,Luleå,Sweden,Alice Mutton,1,Meat/Poultry,31.2,10,0.0
10444,1997-02-12,1997-03-12,1997-02-21,3.5,Sweden,,BERGS,Berglunds snabbköp,Luleå,Sweden,Gumbär Gummibärchen,0,Confections,24.9,15,0.0
10444,1997-02-12,1997-03-12,1997-02-21,3.5,Sweden,,BERGS,Berglunds snabbköp,Luleå,Sweden,Steeleye Stout,0,Beverages,14.4,8,0.0
10444,1997-02-12,1997-03-12,1997-02-21,3.5,Sweden,,BERGS,Berglunds snabbköp,Luleå,Sweden,Jack's New England Clam Chowder,0,Seafood,7.7,30,0.0
10445,1997-02-13,1997-03-13,1997-02-20,9.3,Sweden,,BERGS,Berglunds snabbköp,Luleå,Sweden,Chartreuse verte,0,Beverages,14.4,6,0.0
10445,1997-02-13,1997-03-13,1997-02-20,9.3,Sweden,,BERGS,Berglunds snabbköp,Luleå,Sweden,Tourtière,0,Meat/Poultry,5.9,15,0.0
10446,1997-02-14,1997-03-14,1997-02-19,14.68,Germany,,TOMSP,Toms Spezialitäten,Münster,Germany,Teatime Chocolate Biscuits,0,Confections,7.3,12,0.1
10446,1997-02-14,1997-03-14,1997-02-19,14.68,Germany,,TOMSP,Toms Spezialitäten,Münster,Germany,Guaraná Fantástica,1,Beverages,3.6,20,0.1
10446,1997-02-14,1997-03-14,1997-02-19,14.68,Germany,,TOMSP,Toms Spezialitäten,Münster,Germany,Gorgonzola Telino,0,Dairy Products,10.0,3,0.1
10446,1997-02-14,1997-03-14,1997-02-19,14.68,Germany,,TOMSP,Toms Spezialitäten,Münster,Germany,Filo Mix,0,Grains/Cereals,5.6,15,0.1
10447,1997-02-14,1997-03-14,1997-03-07,68.66,Brazil,RJ,RICAR,Ricardo Adocicados,Rio de Janeiro,Brazil,Teatime Chocolate Biscuits,0,Confections,7.3,40,0.0
10447,1997-02-14,1997-03-14,1997-03-07,68.66,Brazil,RJ,RICAR,Ricardo Adocicados,Rio de Janeiro,Brazil,Louisiana Fiery Hot Pepper Sauce,0,Condiments,16.8,35,0.0
10447,1997-02-14,1997-03-14,1997-03-07,68.66,Brazil,RJ,RICAR,Ricardo Adocicados,Rio de Janeiro,Brazil,Flotemysost,0,Dairy Products,17.2,2,0.0
10448,1997-02-17,1997-03-17,1997-02-24,38.82,Argentina,,RANCH,Rancho grande,Buenos Aires,Argentina,Gumbär Gummibärchen,0,Confections,24.9,6,0.0
10448,1997-02-17,1997-03-17,1997-02-24,38.82,Argentina,,RANCH,Rancho grande,Buenos Aires,Argentina,Boston Crab Meat,0,Seafood,14.7,20,0.0
10449,1997-02-18,1997-03-18,1997-02-27,53.3,France,,BLONP,Blondesddsl père et fils,Strasbourg,France,Ikura,0,Seafood,24.8,14,0.0
10449,1997-02-18,1997-03-18,1997-02-27,53.3,France,,BLONP,Blondesddsl père et fils,Strasbourg,France,Filo Mix,0,Grains/Cereals,5.6,20,0.0
10449,1997-02-18,1997-03-18,1997-02-27,53.3,France,,BLONP,Blondesddsl père et fils,Strasbourg,France,Tarte au sucre,0,Confections,39.4,35,0.0
10450,1997-02-19,1997-03-19,1997-03-11,7.23,France,,VICTE,Victuailles en stock,Lyon,France,Ikura,0,Seafood,24.8,20,0.2
10450,1997-02-19,1997-03-19,1997-03-11,7.23,France,,VICTE,Victuailles en stock,Lyon,France,Tourtière,0,Meat/Poultry,5.9,6,0.2
10451,1997-02-19,1997-03-05,1997-03-12,189.09,Germany,,QUICK,QUICK-Stop,Cunewalde,Germany,Pâté chinois,0,Meat/Poultry,19.2,120,0.1
10451,1997-02-19,1997-03-05,1997-03-12,189.09,Germany,,QUICK,QUICK-Stop,Cunewalde,Germany,Wimmers gute Semmelknödel,0,Grains/Cereals,26.6,35,0.1
10451,1997-02-19,1997-03-05,1997-03-12,189.09,Germany,,QUICK,QUICK-Stop,Cunewalde,Germany,Louisiana Fiery Hot Pepper Sauce,0,Condiments,16.8,28,0.1
10451,1997-02-19,1997-03-05,1997-03-12,189.09,Germany,,QUICK,QUICK-Stop,Cunewalde,Germany,Original Frankfurter grüne Soße,0,Condiments,10.4,55,0.1
10452,1997-02-20,1997-03-20,1997-02-26,140.26,USA,ID,SAVEA,Save-a-lot Markets,Boise,USA,Rössle Sauerkraut,1,Produce,36.4,15,0.0
10452,1997-02-20,1997-03-20,1997-02-26,140.26,USA,ID,SAVEA,Save-a-lot Markets,Boise,USA,Gula Malacca,0,Condiments,15.5,100,0.05
10453,1997-02-21,1997-03-21,1997-02-26,25.36,UK,Essex,AROUT,Around the Horn,London,UK,Chocolade,0,Confections,10.2,15,0.1
10453,1997-02-21,1997-03-21,1997-02-26,25.36,UK,Essex,AROUT,Around the Horn,London,UK,Outback Lager,0,Beverages,12.0,25,0.1
10454,1997-02-21,1997-03-21,1997-02-25,2.74,France,,LAMAI,La maison d'Asie,Toulouse,France,Pavlova,0,Confections,13.9,20,0.2
10454,1997-02-21,1997-03-21,1997-02-25,2.74,France,,LAMAI,La maison d'Asie,Toulouse,France,Geitost,0,Dairy Products,2.0,20,0.2
10454,1997-02-21,1997-03-21,1997-02-25,2.74,France,,LAMAI,La maison d'Asie,Toulouse,France,Spegesild,0,Seafood,9.6,10,0.2
10455,1997-02-24,1997-04-07,1997-03-03,180.45,Finland,,WARTH,Wartian Herkku,Oulu,Finland,Chartreuse verte,0,Beverages,14.4,20,0.0
10455,1997-02-24,1997-04-07,1997-03-03,180.45,Finland,,WARTH,Wartian Herkku,Oulu,Finland,Perth Pasties,1,Meat/Poultry,26.2,50,0.0
10455,1997-02-24,1997-04-07,1997-03-03,180.45,Finland,,WARTH,Wartian Herkku,Oulu,Finland,Sirop d'érable,0,Condiments,22.8,25,0.0
10455,1997-02-24,1997-04-07,1997-03-03,180.45,Finland,,WARTH,Wartian Herkku,Oulu,Finland,Flotemysost,0,Dairy Products,17.2,30,0.0
10456,1997-02-25,1997-04-08,1997-02-28,8.12,Germany,,KOENE,Königlich Essen,Brandenburg,Germany,Sir Rodney's Scones,0,Confections,8.0,40,0.15
10456,1997-02-25,1997-04-08,1997-02-28,8.12,Germany,,KOENE,Königlich Essen,Brandenburg,Germany,Maxilaku,0,Confections,16.0,21,0.15
10457,1997-02-25,1997-03-25,1997-03-03,11.57,Germany,,KOENE,Königlich Essen,Brandenburg,Germany,Raclette Courdavault,0,Dairy Products,44.0,36,0.0
10458,1997-02-26,1997-03-26,1997-03-04,147.06,Belgium,,SUPRD,Suprêmes délices,Charleroi,Belgium,Gumbär Gummibärchen,0,Confections,24.9,30,0.0
10458,1997-02-26,1997-03-26,1997-03-04,147.06,Belgium,,SUPRD,Suprêmes délices,Charleroi,Belgium,Rössle Sauerkraut,1,Produce,36.4,30,0.0
10458,1997-02-26,1997-03-26,1997-03-04,147.06,Belgium,,SUPRD,Suprêmes délices,Charleroi,Belgium,Ipoh Coffee,0,Beverages,36.8,20,0.0
10458,1997-02-26,1997-03-26,1997-03-04,147.06,Belgium,,SUPRD,Suprêmes délices,Charleroi,Belgium,Gnocchi di nonna Alice,0,Grains/Cereals,30.4,15,0.0
10458,1997-02-26,1997-03-26,1997-03-04,147.06,Belgium,,SUPRD,Suprêmes délices,Charleroi,Belgium,Flotemysost,0,Dairy Products,17.2,50,0.0
10459,1997-02-27,1997-03-27,1997-02-28,25.09,France,,VICTE,Victuailles en stock,Lyon,France,Uncle Bob's Organic Dried Pears,0,Produce,24.0,16,0.05
10459,1997-02-27,1997-03-27,1997-02-28,25.09,France,,VICTE,Victuailles en stock,Lyon,France,Spegesild,0,Seafood,9.6,20,0.05
10459,1997-02-27,1997-03-27,1997-02-28,25.09,France,,VICTE,Victuailles en stock,Lyon,France,Mozzarella di Giovanni,0,Dairy Products,27.8,40,0.0
10460,1997-02-28,1997-03-28,1997-03-03,16.27,Sweden,,FOLKO,Folk och fä HB,Bräcke,Sweden,Scottish Longbreads,0,Confections,10.0,21,0.25
10460,1997-02-28,1997-03-28,1997-03-03,16.27,Sweden,,FOLKO,Folk och fä HB,Bräcke,Sweden,Rhönbräu Klosterbier,0,Beverages,6.2,4,0.25
10461,1997-02-28,1997-03-28,1997-03-05,148.61,Venezuela,Lara,LILAS,LILA-Supermercado,Barquisimeto,Venezuela,Sir Rodney's Scones,0,Confections,8.0,40,0.25
10461,1997-02-28,1997-03-28,1997-03-05,148.61,Venezuela,Lara,LILAS,LILA-Supermercado,Barquisimeto,Venezuela,Nord-Ost Matjeshering,0,Seafood,20.7,28,0.25
10461,1997-02-28,1997-03-28,1997-03-05,148.61,Venezuela,Lara,LILAS,LILA-Supermercado,Barquisimeto,Venezuela,Pâté chinois,0,Meat/Poultry,19.2,60,0.25
10462,1997-03-03,1997-03-31,1997-03-18,6.17,UK,,CONSH,Consolidated Holdings,London,UK,Konbu,0,Seafood,4.8,1,0.0
10462,1997-03-03,1997-03-31,1997-03-18,6.17,UK,,CONSH,Consolidated Holdings,London,UK,Tunnbröd,0,Grains/Cereals,7.2,21,0.0
10463,1997-03-04,1997-04-01,1997-03-06,14.78,Belgium,,SUPRD,Suprêmes délices,Charleroi,Belgium,Teatime Chocolate Biscuits,0,Confections,7.3,21,0.0
10463,1997-03-04,1997-04-01,1997-03-06,14.78,Belgium,,SUPRD,Suprêmes délices,Charleroi,Belgium,Singaporean Hokkien Fried Mee,1,Grains/Cereals,11.2,50,0.0
10464,1997-03-04,1997-04-01,1997-03-14,89.0,Portugal,,FURIB,Furia Bacalhau e Frutos do Mar,Lisboa,Portugal,Chef Anton's Cajun Seasoning,0,Condiments,17.6,16,0.2
10464,1997-03-04,1997-04-01,1997-03-14,89.0,Portugal,,FURIB,Furia Bacalhau e Frutos do Mar,Lisboa,Portugal,Ipoh Coffee,0,Beverages,36.8,3,0.0
10464,1997-03-04,1997-04-01,1997-03-14,89.0,Portugal,,FURIB,Furia Bacalhau e Frutos do Mar,Lisboa,Portugal,Gnocchi di nonna Alice,0,Grains/Cereals,30.4,30,0.2
10464,1997-03-04,1997-04-01,1997-03-14,89.0,Portugal,,FURIB,Furia Bacalhau e Frutos do Mar,Lisboa,Portugal,Camembert Pierrot,0,Dairy Products,27.2,20,0.0
10465,1997-03-05,1997-04-02,1997-03-14,145.04,Denmark,,VAFFE,Vaffeljernet,Århus,Denmark,Guaraná Fantástica,1,Beverages,3.6,25,0.0
10465,1997-03-05,1997-04-02,1997-03-14,145.04,Denmark,,VAFFE,Vaffeljernet,Århus,Denmark,Thüringer Rostbratwurst,1,Meat/Poultry,99.0,18,0.1
10465,1997-03-05,1997-04-02,1997-03-14,145.04,Denmark,,VAFFE,Vaffeljernet,Århus,Denmark,Boston Crab Meat,0,Seafood,14.7,20,0.0
10465,1997-03-05,1997-04-02,1997-03-14,145.04,Denmark,,VAFFE,Vaffeljernet,Århus,Denmark,Rogede sild,0,Seafood,7.6,30,0.1
10465,1997-03-05,1997-04-02,1997-03-14,145.04,Denmark,,VAFFE,Vaffeljernet,Århus,Denmark,Valkoinen suklaa,0,Confections,13.0,25,0.0
10466,1997-03-06,1997-04-03,1997-03-13,11.93,Brazil,SP,COMMI,Comércio Mineiro,Sao Paulo,Brazil,Queso Cabrales,0,Dairy Products,16.8,10,0.0
10466,1997-03-06,1997-04-03,1997-03-13,11.93,Brazil,SP,COMMI,Comércio Mineiro,Sao Paulo,Brazil,Spegesild,0,Seafood,9.6,5,0.0
10467,1997-03-06,1997-04-03,1997-03-11,4.93,Italy,,MAGAA,Magazzini Alimentari Riuniti,Bergamo,Italy,Guaraná Fantástica,1,Beverages,3.6,28,0.0
10467,1997-03-06,1997-04-03,1997-03-11,4.93,Italy,,MAGAA,Magazzini Alimentari Riuniti,Bergamo,Italy,NuNuCa Nuß-Nougat-Creme,0,Confections,11.2,12,0.0
10468,1997-03-07,1997-04-04,1997-03-12,44.12,Germany,,KOENE,Königlich Essen,Brandenburg,Germany,Nord-Ost Matjeshering,0,Seafood,20.7,8,0.0
10468,1997-03-07,1997-04-04,1997-03-12,44.12,Germany,,KOENE,Königlich Essen,Brandenburg,Germany,Ipoh Coffee,0,Beverages,36.8,15,0.0
10469,1997-03-10,1997-04-07,1997-03-14,60.18,USA,WA,WHITC,White Clover Markets,Seattle,USA,Chang,1,Beverages,15.2,40,0.15
10469,1997-03-10,1997-04-07,1997-03-14,60.18,USA,WA,WHITC,White Clover Markets,Seattle,USA,Pavlova,0,Confections,13.9,35,0.15
10469,1997-03-10,1997-04-07,1997-03-14,60.18,USA,WA,WHITC,White Clover Markets,Seattle,USA,Gula Malacca,0,Condiments,15.5,2,0.15
10470,1997-03-11,1997-04-08,1997-03-14,64.56,France,,BONAP,Bon app',Marseille,France,Carnarvon Tigers,0,Seafood,50.0,30,0.0
10470,1997-03-11,1997-04-08,1997-03-14,64.56,France,,BONAP,Bon app',Marseille,France,Tunnbröd,0,Grains/Cereals,7.2,15,0.0
10470,1997-03-11,1997-04-08,1997-03-14,64.56,France,,BONAP,Bon app',Marseille,France,Wimmers gute Semmelknödel,0,Grains/Cereals,26.6,8,0.0
10471,1997-03-11,1997-04-08,1997-03-18,45.59,UK,,BSBEV,B's Beverages,London,UK,Uncle Bob's Organic Dried Pears,0,Produce,24.0,30,0.0
10471,1997-03-11,1997-04-08,1997-03-18,45.59,UK,,BSBEV,B's Beverages,London,UK,Gnocchi di nonna Alice,0,Grains/Cereals,30.4,20,0.0
10472,1997-03-12,1997-04-09,1997-03-19,4.2,UK,,SEVES,Seven Seas Imports,London,UK,Guaraná Fantástica,1,Beverages,3.6,80,0.05
10472,1997-03-12,1997-04-09,1997-03-19,4.2,UK,,SEVES,Seven Seas Imports,London,UK,Manjimup Dried Apples,0,Produce,42.4,18,0.0
10473,1997-03-13,1997-03-27,1997-03-21,16.37,UK,Isle of Wight,ISLAT,Island Trading,Cowes,UK,Geitost,0,Dairy Products,2.0,12,0.0
10473,1997-03-13,1997-03-27,1997-03-21,16.37,UK,Isle of Wight,ISLAT,Island Trading,Cowes,UK,Flotemysost,0,Dairy Products,17.2,12,0.0
10474,1997-03-13,1997-04-10,1997-03-21,83.49,Mexico,,PERIC,Pericles Comidas clásicas,México D.F.,Mexico,Tofu,0,Produce,18.6,12,0.0
10474,1997-03-13,1997-04-10,1997-03-21,83.49,Mexico,,PERIC,Pericles Comidas clásicas,México D.F.,Mexico,Rössle Sauerkraut,1,Produce,36.4,18,0.0
10474,1997-03-13,1997-04-10,1997-03-21,83.49,Mexico,,PERIC,Pericles Comidas clásicas,México D.F.,Mexico,Boston Crab Meat,0,Seafood,14.7,21,0.0
10474,1997-03-13,1997-04-10,1997-03-21,83.49,Mexico,,PERIC,Pericles Comidas clásicas,México D.F.,Mexico,Rhönbräu Klosterbier,0,Beverages,6.2,10,0.0
10475,1997-03-14,1997-04-11,1997-04-04,68.52,Belgium,,SUPRD,Suprêmes délices,Charleroi,Belgium,Gorgonzola Telino,0,Dairy Products,10.0,35,0.15
10475,1997-03-14,1997-04-11,1997-04-04,68.52,Belgium,,SUPRD,Suprêmes délices,Charleroi,Belgium,Louisiana Hot Spiced Okra,0,Condiments,13.6,60,0.15
10475,1997-03-14,1997-04-11,1997-04-04,68.52,Belgium,,SUPRD,Suprêmes délices,Charleroi,Belgium,Lakkalikööri,0,Beverages,14.4,42,0.15
10476,1997-03-17,1997-04-14,1997-03-24,4.41,Venezuela,Táchira,HILAA,HILARION-Abastos,San Cristóbal,Venezuela,Pâté chinois,0,Meat/Poultry,19.2,2,0.05
10476,1997-03-17,1997-04-14,1997-03-24,4.41,Venezuela,Táchira,HILAA,HILARION-Abastos,San Cristóbal,Venezuela,Outback Lager,0,Beverages,12.0,12,0.0
10477,1997-03-17,1997-04-14,1997-03-25,13.02,Portugal,,PRINI,Princesa Isabel Vinhos,Lisboa,Portugal,Chai,1,Beverages,14.4,15,0.0
10477,1997-03-17,1997-04-14,1997-03-25,13.02,Portugal,,PRINI,Princesa Isabel Vinhos,Lisboa,Portugal,Sir Rodney's Scones,0,Confections,8.0,21,0.25
10477,1997-03-17,1997-04-14,1997-03-25,13.02,Portugal,,PRINI,Princesa Isabel Vinhos,Lisboa,Portugal,Chartreuse verte,0,Beverages,14.4,20,0.25
10478,1997-03-18,1997-04-01,1997-03-26,4.81,France,,VICTE,Victuailles en stock,Lyon,France,Ikura,0,Seafood,24.8,20,0.05
10479,1997-03-19,1997-04-16,1997-03-21,708.95,USA,NM,RATTC,Rattlesnake Canyon Grocery,Albuquerque,USA,Côte de Blaye,0,Beverages,210.8,30,0.0
10479,1997-03-19,1997-04-16,1997-03-21,708.95,USA,NM,RATTC,Rattlesnake Canyon Grocery,Albuquerque,USA,Perth Pasties,1,Meat/Poultry,26.2,28,0.0
10479,1997-03-19,1997-04-16,1997-03-21,708.95,USA,NM,RATTC,Rattlesnake Canyon Grocery,Albuquerque,USA,Raclette Courdavault,0,Dairy Products,44.0,60,0.0
10479,1997-03-19,1997-04-16,1997-03-21,708.95,USA,NM,RATTC,Rattlesnake Canyon Grocery,Albuquerque,USA,Wimmers gute Semmelknödel,0,Grains/Cereals,26.6,30,0.0
10480,1997-03-20,1997-04-17,1997-03-24,1.35,France,,FOLIG,Folies gourmandes,Lille,France,Zaanse koeken,0,Confections,7.6,30,0.0
10480,1997-03-20,1997-04-17,1997-03-24,1.35,France,,FOLIG,Folies gourmandes,Lille,France,Raclette Courdavault,0,Dairy Products,44.0,12,0.0
10481,1997-03-20,1997-04-17,1997-03-25,64.33,Brazil,RJ,RICAR,Ricardo Adocicados,Rio de Janeiro,Brazil,Maxilaku,0,Confections,16.0,24,0.0
10481,1997-03-20,1997-04-17,1997-03-25,64.33,Brazil,RJ,RICAR,Ricardo Adocicados,Rio de Janeiro,Brazil,Camembert Pierrot,0,Dairy Products,27.2,40,0.0
10482,1997-03-21,1997-04-18,1997-04-10,7.48,USA,WA,LAZYK,Lazy K Kountry Store,Walla Walla,USA,Boston Crab Meat,0,Seafood,14.7,10,0.0
10483,1997-03-24,1997-04-21,1997-04-25,15.28,USA,WA,WHITC,White Clover Markets,Seattle,USA,Sasquatch Ale,0,Beverages,11.2,35,0.05
10483,1997-03-24,1997-04-21,1997-04-25,15.28,USA,WA,WHITC,White Clover Markets,Seattle,USA,Original Frankfurter grüne Soße,0,Condiments,10.4,30,0.05
10484,1997-03-24,1997-04-21,1997-04-01,6.88,UK,,BSBEV,B's Beverages,London,UK,Sir Rodney's Scones,0,Confections,8.0,14,0.0
10484,1997-03-24,1997-04-21,1997-04-01,6.88,UK,,BSBEV,B's Beverages,London,UK,Boston Crab Meat,0,Seafood,14.7,10,0.0
10484,1997-03-24,1997-04-21,1997-04-01,6.88,UK,,BSBEV,B's Beverages,London,UK,Manjimup Dried Apples,0,Produce,42.4,3,0.0
10485,1997-03-25,1997-04-08,1997-03-31,64.45,Venezuela,Nueva Esparta,LINOD,LINO-Delicateses,I. de Margarita,Venezuela,Chang,1,Beverages,15.2,20,0.1
10485,1997-03-25,1997-04-08,1997-03-31,64.45,Venezuela,Nueva Esparta,LINOD,LINO-Delicateses,I. de Margarita,Venezuela,Aniseed Syrup,0,Condiments,8.0,20,0.1
10485,1997-03-25,1997-04-08,1997-03-31,64.45,Venezuela,Nueva Esparta,LINOD,LINO-Delicateses,I. de Margarita,Venezuela,Pâté chinois,0,Meat/Poultry,19.2,30,0.1
10485,1997-03-25,1997-04-08,1997-03-31,64.45,Venezuela,Nueva Esparta,LINOD,LINO-Delicateses,I. de Margarita,Venezuela,Outback Lager,0,Beverages,12.0,60,0.1
10486,1997-03-26,1997-04-23,1997-04-02,30.53,Venezuela,Táchira,HILAA,HILARION-Abastos,San Cristóbal,Venezuela,Queso Cabrales,0,Dairy Products,16.8,5,0.0
10486,1997-03-26,1997-04-23,1997-04-02,30.53,Venezuela,Táchira,HILAA,HILARION-Abastos,San Cristóbal,Venezuela,Manjimup Dried Apples,0,Produce,42.4,25,0.0
10486,1997-03-26,1997-04-23,1997-04-02,30.53,Venezuela,Táchira,HILAA,HILARION-Abastos,San Cristóbal,Venezuela,Longlife Tofu,0,Produce,8.0,16,0.0
10487,1997-03-26,1997-04-23,1997-03-28,71.07,Brazil,SP,QUEEN,Queen Cozinha,Sao Paulo,Brazil,Teatime Chocolate Biscuits,0,Confections,7.3,5,0.0
10487,1997-03-26,1997-04-23,1997-03-28,71.07,Brazil,SP,QUEEN,Queen Cozinha,Sao Paulo,Brazil,Gumbär Gummibärchen,0,Confections,24.9,30,0.0
10487,1997-03-26,1997-04-23,1997-03-28,71.07,Brazil,SP,QUEEN,Queen Cozinha,Sao Paulo,Brazil,Tourtière,0,Meat/Poultry,5.9,24,0.25
10488,1997-03-27,1997-04-24,1997-04-02,4.93,Germany,,FRANK,Frankenversand,München,Germany,Raclette Courdavault,0,Dairy Products,44.0,30,0.0
10488,1997-03-27,1997-04-24,1997-04-02,4.93,Germany,,FRANK,Frankenversand,München,Germany,Röd Kaviar,0,Seafood,12.0,20,0.2
10489,1997-03-28,1997-04-25,1997-04-09,5.29,Austria,,PICCO,Piccolo und mehr,Salzburg,Austria,Queso Cabrales,0,Dairy Products,16.8,15,0.25
10489,1997-03-28,1997-04-25,1997-04-09,5.29,Austria,,PICCO,Piccolo und mehr,Salzburg,Austria,Pavlova,0,Confections,13.9,18,0.0
10490,1997-03-31,1997-04-28,1997-04-03,210.19,Venezuela,Táchira,HILAA,HILARION-Abastos,San Cristóbal,Venezuela,Raclette Courdavault,0,Dairy Products,44.0,60,0.0
10490,1997-03-31,1997-04-28,1997-04-03,210.19,Venezuela,Táchira,HILAA,HILARION-Abastos,San Cristóbal,Venezuela,Scottish Longbreads,0,Confections,10.0,30,0.0
10490,1997-03-31,1997-04-28,1997-04-03,210.19,Venezuela,Táchira,HILAA,HILARION-Abastos,San Cristóbal,Venezuela,Rhönbräu Klosterbier,0,Beverages,6.2,36,0.0
10491,1997-03-31,1997-04-28,1997-04-08,16.96,Portugal,,FURIB,Furia Bacalhau e Frutos do Mar,Lisboa,Portugal,Gula Malacca,0,Condiments,15.5,15,0.15
10491,1997-03-31,1997-04-28,1997-04-08,16.96,Portugal,,FURIB,Furia Bacalhau e Frutos do Mar,Lisboa,Portugal,Original Frankfurter grüne Soße,0,Condiments,10.4,7,0.15
10492,1997-04-01,1997-04-29,1997-04-11,62.89,Canada,BC,BOTTM,Bottom-Dollar Markets,Tsawassen,Canada,NuNuCa Nuß-Nougat-Creme,0,Confections,11.2,60,0.05
10492,1997-04-01,1997-04-29,1997-04-11,62.89,Canada,BC,BOTTM,Bottom-Dollar Markets,Tsawassen,Canada,Singaporean Hokkien Fried Mee,1,Grains/Cereals,11.2,20,0.05
10493,1997-04-02,1997-04-30,1997-04-10,10.64,France,,LAMAI,La maison d'Asie,Toulouse,France,Louisiana Fiery Hot Pepper Sauce,0,Condiments,16.8,15,0.1
10493,1997-04-02,1997-04-30,1997-04-10,10.64,France,,LAMAI,La maison d'Asie,Toulouse,France,Louisiana Hot Spiced Okra,0,Condiments,13.6,10,0.1
10493,1997-04-02,1997-04-30,1997-04-10,10.64,France,,LAMAI,La maison d'Asie,Toulouse,France,Gudbrandsdalsost,0,Dairy Products,28.8,10,0.1
10494,1997-04-02,1997-04-30,1997-04-09,65.99,Brazil,SP,COMMI,Comércio Mineiro,Sao Paulo,Brazil,Gnocchi di nonna Alice,0,Grains/Cereals,30.4,30,0.0
10495,1997-04-03,1997-05-01,1997-04-11,4.65,Canada,BC,LAUGB,Laughing Bacchus Wine Cellars,Vancouver,Canada,Tunnbröd,0,Grains/Cereals,7.2,10,0.0
10495,1997-04-03,1997-05-01,1997-04-11,4.65,Canada,BC,LAUGB,Laughing Bacchus Wine Cellars,Vancouver,Canada,Jack's New England Clam Chowder,0,Seafood,7.7,20,0.0
10495,1997-04-03,1997-05-01,1997-04-11,4.65,Canada,BC,LAUGB,Laughing Bacchus Wine Cellars,Vancouver,Canada,Original Frankfurter grüne Soße,0,Condiments,10.4,5,0.0
10496,1997-04-04,1997-05-02,1997-04-07,46.77,Brazil,SP,TRADH,Tradição Hipermercados,Sao Paulo,Brazil,Gorgonzola Telino,0,Dairy Products,10.0,20,0.05
10497,1997-04-04,1997-05-02,1997-04-07,36.21,Germany,,LEHMS,Lehmanns Marktstand,Frankfurt a.M.,Germany,Gnocchi di nonna Alice,0,Grains/Cereals,30.4,14,0.0
10497,1997-04-04,1997-05-02,1997-04-07,36.21,Germany,,LEHMS,Lehmanns Marktstand,Frankfurt a.M.,Germany,Mozzarella di Giovanni,0,Dairy Products,27.8,25,0.0
10497,1997-04-04,1997-05-02,1997-04-07,36.21,Germany,,LEHMS,Lehmanns Marktstand,Frankfurt a.M.,Germany,Original Frankfurter grüne Soße,0,Condiments,10.4,25,0.0
10498,1997-04-07,1997-05-05,1997-04-11,29.75,Venezuela,Táchira,HILAA,HILARION-Abastos,San Cristóbal,Venezuela,Guaraná Fantástica,1,Beverages,4.5,14,0.0
10498,1997-04-07,1997-05-05,1997-04-11,29.75,Venezuela,Táchira,HILAA,HILARION-Abastos,San Cristóbal,Venezuela,Boston Crab Meat,0,Seafood,18.4,5,0.0
10498,1997-04-07,1997-05-05,1997-04-11,29.75,Venezuela,Táchira,HILAA,HILARION-Abastos,San Cristóbal,Venezuela,Singaporean Hokkien Fried Mee,1,Grains/Cereals,14.0,30,0.0
10499,1997-04-08,1997-05-06,1997-04-16,102.02,Venezuela,Lara,LILAS,LILA-Supermercado,Barquisimeto,Venezuela,Rössle Sauerkraut,1,Produce,45.6,20,0.0
10499,1997-04-08,1997-05-06,1997-04-16,102.02,Venezuela,Lara,LILAS,LILA-Supermercado,Barquisimeto,Venezuela,Maxilaku,0,Confections,20.0,25,0.0
10500,1997-04-09,1997-05-07,1997-04-17,42.68,France,,LAMAI,La maison d'Asie,Toulouse,France,Genen Shouyu,0,Condiments,15.5,12,0.05
10500,1997-04-09,1997-05-07,1997-04-17,42.68,France,,LAMAI,La maison d'Asie,Toulouse,France,Rössle Sauerkraut,1,Produce,45.6,8,0.05
10501,1997-04-09,1997-05-07,1997-04-16,8.85,Germany,,BLAUS,Blauer See Delikatessen,Mannheim,Germany,Tourtière,0,Meat/Poultry,7.45,20,0.0
10502,1997-04-10,1997-05-08,1997-04-29,69.32,Mexico,,PERIC,Pericles Comidas clásicas,México D.F.,Mexico,Rogede sild,0,Seafood,9.5,21,0.0
10502,1997-04-10,1997-05-08,1997-04-29,69.32,Mexico,,PERIC,Pericles Comidas clásicas,México D.F.,Mexico,Perth Pasties,1,Meat/Poultry,32.8,6,0.0
10502,1997-04-10,1997-05-08,1997-04-29,69.32,Mexico,,PERIC,Pericles Comidas clásicas,México D.F.,Mexico,Laughing Lumberjack Lager,0,Beverages,14.0,30,0.0
10503,1997-04-11,1997-05-09,1997-04-16,16.74,Ireland,Co. Cork,HUNGO,Hungry Owl All-Night Grocers,Cork,Ireland,Tofu,0,Produce,23.25,70,0.0
10503,1997-04-11,1997-05-09,1997-04-16,16.74,Ireland,Co. Cork,HUNGO,Hungry Owl All-Night Grocers,Cork,Ireland,Louisiana Fiery Hot Pepper Sauce,0,Condiments,21.05,20,0.0
10504,1997-04-11,1997-05-09,1997-04-18,59.13,USA,WA,WHITC,White Clover Markets,Seattle,USA,Chang,1,Beverages,19.0,12,0.0
10504,1997-04-11,1997-05-09,1997-04-18,59.13,USA,WA,WHITC,White Clover Markets,Seattle,USA,Sir Rodney's Scones,0,Confections,10.0,12,0.0
10504,1997-04-11,1997-05-09,1997-04-18,59.13,USA,WA,WHITC,White Clover Markets,Seattle,USA,Perth Pasties,1,Meat/Poultry,32.8,10,0.0
10504,1997-04-11,1997-05-09,1997-04-18,59.13,USA,WA,WHITC,White Clover Markets,Seattle,USA,Sirop d'érable,0,Condiments,28.5,25,0.0
10505,1997-04-14,1997-05-12,1997-04-21,7.13,Canada,Québec,MEREP,Mère Paillarde,Montréal,Canada,Tarte au sucre,0,Confections,49.3,3,0.0
10506,1997-04-15,1997-05-13,1997-05-02,21.19,Germany,,KOENE,Königlich Essen,Brandenburg,Germany,NuNuCa Nuß-Nougat-Creme,0,Confections,14.0,18,0.1
10506,1997-04-15,1997-05-13,1997-05-02,21.19,Germany,,KOENE,Königlich Essen,Brandenburg,Germany,Outback Lager,0,Beverages,15.0,14,0.1
10507,1997-04-15,1997-05-13,1997-04-22,47.45,Mexico,,ANTON,Antonio Moreno Taquería,México D.F.,Mexico,Ipoh Coffee,0,Beverages,46.0,15,0.15
10507,1997-04-15,1997-05-13,1997-04-22,47.45,Mexico,,ANTON,Antonio Moreno Taquería,México D.F.,Mexico,Chocolade,0,Confections,12.75,15,0.15
10508,1997-04-16,1997-05-14,1997-05-13,4.99,Germany,,OTTIK,Ottilies Käseladen,Köln,Germany,Konbu,0,Seafood,6.0,10,0.0
10508,1997-04-16,1997-05-14,1997-05-13,4.99,Germany,,OTTIK,Ottilies Käseladen,Köln,Germany,Chartreuse verte,0,Beverages,18.0,10,0.0
10509,1997-04-17,1997-05-15,1997-04-29,0.15,Germany,,BLAUS,Blauer See Delikatessen,Mannheim,Germany,Rössle Sauerkraut,1,Produce,45.6,3,0.0
10510,1997-04-18,1997-05-16,1997-04-28,367.63,USA,ID,SAVEA,Save-a-lot Markets,Boise,USA,Thüringer Rostbratwurst,1,Meat/Poultry,123.79,36,0.0
10510,1997-04-18,1997-05-16,1997-04-28,367.63,USA,ID,SAVEA,Save-a-lot Markets,Boise,USA,Rhönbräu Klosterbier,0,Beverages,7.75,36,0.1
10511,1997-04-18,1997-05-16,1997-04-21,350.64,France,,BONAP,Bon app',Marseille,France,Chef Anton's Cajun Seasoning,0,Condiments,22.0,50,0.15
10511,1997-04-18,1997-05-16,1997-04-21,350.64,France,,BONAP,Bon app',Marseille,France,Uncle Bob's Organic Dried Pears,0,Produce,30.0,50,0.15
10511,1997-04-18,1997-05-16,1997-04-21,350.64,France,,BONAP,Bon app',Marseille,France,Northwoods Cranberry Sauce,0,Condiments,40.0,10,0.15
10512,1997-04-21,1997-05-19,1997-04-24,3.53,Brazil,SP,FAMIA,Familia Arquibaldo,Sao Paulo,Brazil,Guaraná Fantástica,1,Beverages,4.5,10,0.15
10512,1997-04-21,1997-05-19,1997-04-24,3.53,Brazil,SP,FAMIA,Familia Arquibaldo,Sao Paulo,Brazil,Spegesild,0,Seafood,12.0,9,0.15
10512,1997-04-21,1997-05-19,1997-04-24,3.53,Brazil,SP,FAMIA,Familia Arquibaldo,Sao Paulo,Brazil,Zaanse koeken,0,Confections,9.5,6,0.15
10512,1997-04-21,1997-05-19,1997-04-24,3.53,Brazil,SP,FAMIA,Familia Arquibaldo,Sao Paulo,Brazil,Camembert Pierrot,0,Dairy Products,34.0,12,0.15
10513,1997-04-22,1997-06-03,1997-04-28,105.65,Germany,,WANDK,Die Wandernde Kuh,Stuttgart,Germany,Sir Rodney's Scones,0,Confections,10.0,40,0.2
10513,1997-04-22,1997-06-03,1997-04-28,105.65,Germany,,WANDK,Die Wandernde Kuh,Stuttgart,Germany,Mascarpone Fabioli,0,Dairy Products,32.0,50,0.2
10513,1997-04-22,1997-06-03,1997-04-28,105.65,Germany,,WANDK,Die Wandernde Kuh,Stuttgart,Germany,Sirop d'érable,0,Condiments,28.5,15,0.2
10514,1997-04-22,1997-05-20,1997-05-16,789.95,Austria,,ERNSH,Ernst Handel,Graz,Austria,Sir Rodney's Marmalade,0,Confections,81.0,39,0.0
10514,1997-04-22,1997-05-20,1997-05-16,789.95,Austria,,ERNSH,Ernst Handel,Graz,Austria,Rössle Sauerkraut,1,Produce,45.6,35,0.0
10514,1997-04-22,1997-05-20,1997-05-16,789.95,Austria,,ERNSH,Ernst Handel,Graz,Austria,Gnocchi di nonna Alice,0,Grains/Cereals,38.0,70,0.0
10514,1997-04-22,1997-05-20,1997-05-16,789.95,Austria,,ERNSH,Ernst Handel,Graz,Austria,Louisiana Fiery Hot Pepper Sauce,0,Condiments,21.05,39,0.0
10514,1997-04-22,1997-05-20,1997-05-16,789.95,Austria,,ERNSH,Ernst Handel,Graz,Austria,Rhönbräu Klosterbier,0,Beverages,7.75,50,0.0
10515,1997-04-23,1997-05-07,1997-05-23,204.47,Germany,,QUICK,QUICK-Stop,Cunewalde,Germany,Mishi Kobe Niku,1,Meat/Poultry,97.0,16,0.15
10515,1997-04-23,1997-05-07,1997-05-23,204.47,Germany,,QUICK,QUICK-Stop,Cunewalde,Germany,Pavlova,0,Confections,17.45,50,0.0
10515,1997-04-23,1997-05-07,1997-05-23,204.47,Germany,,QUICK,QUICK-Stop,Cunewalde,Germany,Schoggi Schokolade,0,Confections,43.9,120,0.0
10515,1997-04-23,1997-05-07,1997-05-23,204.47,Germany,,QUICK,QUICK-Stop,Cunewalde,Germany,Geitost,0,Dairy Products,2.5,16,0.15
10515,1997-04-23,1997-05-07,1997-05-23,204.47,Germany,,QUICK,QUICK-Stop,Cunewalde,Germany,Camembert Pierrot,0,Dairy Products,34.0,84,0.15
10516,1997-04-24,1997-05-22,1997-05-01,62.78,Ireland,Co. Cork,HUNGO,Hungry Owl All-Night Grocers,Cork,Ireland,Carnarvon Tigers,0,Seafood,62.5,25,0.1
10516,1997-04-24,1997-05-22,1997-05-01,62.78,Ireland,Co. Cork,HUNGO,Hungry Owl All-Night Grocers,Cork,Ireland,Jack's New England Clam Chowder,0,Seafood,9.65,80,0.1
10516,1997-04-24,1997-05-22,1997-05-01,62.78,Ireland,Co. Cork,HUNGO,Hungry Owl All-Night Grocers,Cork,Ireland,Singaporean Hokkien Fried Mee,1,Grains/Cereals,14.0,20,0.0
10517,1997-04-24,1997-05-22,1997-04-29,32.07,UK,,NORTS,North/South,London,UK,Filo Mix,0,Grains/Cereals,7.0,6,0.0
10517,1997-04-24,1997-05-22,1997-04-29,32.07,UK,,NORTS,North/South,London,UK,Raclette Courdavault,0,Dairy Products,55.0,4,0.0
10517,1997-04-24,1997-05-22,1997-04-29,32.07,UK,,NORTS,North/South,London,UK,Outback Lager,0,Beverages,15.0,6,0.0
10518,1997-04-25,1997-05-09,1997-05-05,218.15,Mexico,,TORTU,Tortuga Restaurante,México D.F.,Mexico,Guaraná Fantástica,1,Beverages,4.5,5,0.0
10518,1997-04-25,1997-05-09,1997-05-05,218.15,Mexico,,TORTU,Tortuga Restaurante,México D.F.,Mexico,Côte de Blaye,0,Beverages,263.5,15,0.0
10518,1997-04-25,1997-05-09,1997-05-05,218.15,Mexico,,TORTU,Tortuga Restaurante,México D.F.,Mexico,Gula Malacca,0,Condiments,19.45,9,0.0
10519,1997-04-28,1997-05-26,1997-05-01,91.76,Switzerland,,CHOPS,Chop-suey Chinese,Bern,Switzerland,Ikura,0,Seafood,31.0,16,0.05
10519,1997-04-28,1997-05-26,1997-05-01,91.76,Switzerland,,CHOPS,Chop-suey Chinese,Bern,Switzerland,Gnocchi di nonna Alice,0,Grains/Cereals,38.0,40,0.0
10519,1997-04-28,1997-05-26,1997-05-01,91.76,Switzerland,,CHOPS,Chop-suey Chinese,Bern,Switzerland,Camembert Pierrot,0,Dairy Products,34.0,10,0.05
10520,1997-04-29,1997-05-27,1997-05-01,13.37,Norway,,SANTG,Santé Gourmet,Stavern,Norway,Guaraná Fantástica,1,Beverages,4.5,8,0.0
10520,1997-04-29,1997-05-27,1997-05-01,13.37,Norway,,SANTG,Santé Gourmet,Stavern,Norway,Perth Pasties,1,Meat/Poultry,32.8,5,0.0
10521,1997-04-29,1997-05-27,1997-05-02,17.22,Argentina,,CACTU,Cactus Comidas para llevar,Buenos Aires,Argentina,Steeleye Stout,0,Beverages,18.0,3,0.0
10521,1997-04-29,1997-05-27,1997-05-02,17.22,Argentina,,CACTU,Cactus Comidas para llevar,Buenos Aires,Argentina,Jack's New England Clam Chowder,0,Seafood,9.65,10,0.0
10521,1997-04-29,1997-05-27,1997-05-02,17.22,Argentina,,CACTU,Cactus Comidas para llevar,Buenos Aires,Argentina,Scottish Longbreads,0,Confections,12.5,6,0.0
10522,1997-04-30,1997-05-28,1997-05-06,45.33,Germany,,LEHMS,Lehmanns Marktstand,Frankfurt a.M.,Germany,Chai,1,Beverages,18.0,40,0.2
10522,1997-04-30,1997-05-28,1997-05-06,45.33,Germany,,LEHMS,Lehmanns Marktstand,Frankfurt a.M.,Germany,Northwoods Cranberry Sauce,0,Condiments,40.0,24,0.0
10522,1997-04-30,1997-05-28,1997-05-06,45.33,Germany,,LEHMS,Lehmanns Marktstand,Frankfurt a.M.,Germany,Nord-Ost Matjeshering,0,Seafood,25.89,20,0.2
10522,1997-04-30,1997-05-28,1997-05-06,45.33,Germany,,LEHMS,Lehmanns Marktstand,Frankfurt a.M.,Germany,Boston Crab Meat,0,Seafood,18.4,25,0.2
10523,1997-05-01,1997-05-29,1997-05-30,77.63,UK,,SEVES,Seven Seas Imports,London,UK,Alice Mutton,1,Meat/Poultry,39.0,25,0.1
10523,1997-05-01,1997-05-29,1997-05-30,77.63,UK,,SEVES,Seven Seas Imports,London,UK,Sir Rodney's Marmalade,0,Confections,81.0,15,0.1
10523,1997-05-01,1997-05-29,1997-05-30,77.63,UK,,SEVES,Seven Seas Imports,London,UK,Gravad lax,0,Seafood,26.0,18,0.1
10523,1997-05-01,1997-05-29,1997-05-30,77.63,UK,,SEVES,Seven Seas Imports,London,UK,Jack's New England Clam Chowder,0,Seafood,9.65,6,0.1
10524,1997-05-01,1997-05-29,1997-05-07,244.79,Sweden,,BERGS,Berglunds snabbköp,Luleå,Sweden,Ikura,0,Seafood,31.0,2,0.0
10524,1997-05-01,1997-05-29,1997-05-07,244.79,Sweden,,BERGS,Berglunds snabbköp,Luleå,Sweden,Nord-Ost Matjeshering,0,Seafood,25.89,10,0.0
10524,1997-05-01,1997-05-29,1997-05-07,244.79,Sweden,,BERGS,Berglunds snabbköp,Luleå,Sweden,Ipoh Coffee,0,Beverages,46.0,60,0.0
10524,1997-05-01,1997-05-29,1997-05-07,244.79,Sweden,,BERGS,Berglunds snabbköp,Luleå,Sweden,Tourtière,0,Meat/Poultry,7.45,15,0.0
10525,1997-05-02,1997-05-30,1997-05-23,11.06,France,,BONAP,Bon app',Marseille,France,Inlagd Sill,0,Seafood,19.0,30,0.0
10525,1997-05-02,1997-05-30,1997-05-23,11.06,France,,BONAP,Bon app',Marseille,France,Boston Crab Meat,0,Seafood,18.4,15,0.1
10526,1997-05-05,1997-06-02,1997-05-15,58.59,Finland,,WARTH,Wartian Herkku,Oulu,Finland,Chai,1,Beverages,18.0,8,0.15
10526,1997-05-05,1997-06-02,1997-05-15,58.59,Finland,,WARTH,Wartian Herkku,Oulu,Finland,Konbu,0,Seafood,6.0,10,0.0
10526,1997-05-05,1997-06-02,1997-05-15,58.59,Finland,,WARTH,Wartian Herkku,Oulu,Finland,Gnocchi di nonna Alice,0,Grains/Cereals,38.0,30,0.15
10527,1997-05-05,1997-06-02,1997-05-07,41.9,Germany,,QUICK,QUICK-Stop,Cunewalde,Germany,Chef Anton's Cajun Seasoning,0,Condiments,22.0,50,0.1
10527,1997-05-05,1997-06-02,1997-05-07,41.9,Germany,,QUICK,QUICK-Stop,Cunewalde,Germany,Inlagd Sill,0,Seafood,19.0,30,0.1
10528,1997-05-06,1997-05-20,1997-05-09,3.35,USA,OR,GREAL,Great Lakes Food Market,Eugene,USA,Queso Cabrales,0,Dairy Products,21.0,3,0.0
10528,1997-05-06,1997-05-20,1997-05-09,3.35,USA,OR,GREAL,Great Lakes Food Market,Eugene,USA,Geitost,0,Dairy Products,2.5,8,0.2
10528,1997-05-06,1997-05-20,1997-05-09,3.35,USA,OR,GREAL,Great Lakes Food Market,Eugene,USA,Mozzarella di Giovanni,0,Dairy Products,34.8,9,0.0
10529,1997-05-07,1997-06-04,1997-05-09,66.69,Belgium,,MAISD,Maison Dewey,Bruxelles,Belgium,Pâté chinois,0,Meat/Poultry,24.0,14,0.0
10529,1997-05-07,1997-06-04,1997-05-09,66.69,Belgium,,MAISD,Maison Dewey,Bruxelles,Belgium,Scottish Longbreads,0,Confections,12.5,20,0.0
10529,1997-05-07,1997-06-04,1997-05-09,66.69,Belgium,,MAISD,Maison Dewey,Bruxelles,Belgium,Gudbrandsdalsost,0,Dairy Products,36.0,10,0.0
10530,1997-05-08,1997-06-05,1997-05-12,339.22,Austria,,PICCO,Piccolo und mehr,Salzburg,Austria,Alice Mutton,1,Meat/Poultry,39.0,40,0.0
10530,1997-05-08,1997-06-05,1997-05-12,339.22,Austria,,PICCO,Piccolo und mehr,Salzburg,Austria,Ipoh Coffee,0,Beverages,46.0,25,0.0
10530,1997-05-08,1997-06-05,1997-05-12,339.22,Austria,,PICCO,Piccolo und mehr,Salzburg,Austria,Sirop d'érable,0,Condiments,28.5,20,0.0
10530,1997-05-08,1997-06-05,1997-05-12,339.22,Austria,,PICCO,Piccolo und mehr,Salzburg,Austria,Lakkalikööri,0,Beverages,18.0,50,0.0
10531,1997-05-08,1997-06-05,1997-05-19,8.12,Argentina,,OCEAN,Océano Atlántico Ltda.,Buenos Aires,Argentina,Raclette Courdavault,0,Dairy Products,55.0,2,0.0
10532,1997-05-09,1997-06-06,1997-05-12,74.46,UK,,EASTC,Eastern Connection,London,UK,Nord-Ost Matjeshering,0,Seafood,25.89,15,0.0
10532,1997-05-09,1997-06-06,1997-05-12,74.46,UK,,EASTC,Eastern Connection,London,UK,Louisiana Hot Spiced Okra,0,Condiments,17.0,24,0.0
10533,1997-05-12,1997-06-09,1997-05-22,188.04,Sweden,,FOLKO,Folk och fä HB,Bräcke,Sweden,Chef Anton's Cajun Seasoning,0,Condiments,22.0,50,0.05
10533,1997-05-12,1997-06-09,1997-05-22,188.04,Sweden,,FOLKO,Folk och fä HB,Bräcke,Sweden,Mozzarella di Giovanni,0,Dairy Products,34.8,24,0.0
10533,1997-05-12,1997-06-09,1997-05-22,188.04,Sweden,,FOLKO,Folk och fä HB,Bräcke,Sweden,Röd Kaviar,0,Seafood,15.0,24,0.05
10534,1997-05-12,1997-06-09,1997-05-14,27.94,Germany,,LEHMS,Lehmanns Marktstand,Frankfurt a.M.,Germany,Nord-Ost Matjeshering,0,Seafood,25.89,10,0.0
10534,1997-05-12,1997-06-09,1997-05-14,27.94,Germany,,LEHMS,Lehmanns Marktstand,Frankfurt a.M.,Germany,Boston Crab Meat,0,Seafood,18.4,10,0.2
10534,1997-05-12,1997-06-09,1997-05-14,27.94,Germany,,LEHMS,Lehmanns Marktstand,Frankfurt a.M.,Germany,Tourtière,0,Meat/Poultry,7.45,10,0.2
10535,1997-05-13,1997-06-10,1997-05-21,15.64,Mexico,,ANTON,Antonio Moreno Taquería,México D.F.,Mexico,Queso Cabrales,0,Dairy Products,21.0,50,0.1
10535,1997-05-13,1997-06-10,1997-05-21,15.64,Mexico,,ANTON,Antonio Moreno Taquería,México D.F.,Mexico,Boston Crab Meat,0,Seafood,18.4,10,0.1
10535,1997-05-13,1997-06-10,1997-05-21,15.64,Mexico,,ANTON,Antonio Moreno Taquería,México D.F.,Mexico,Ravioli Angelo,0,Grains/Cereals,19.5,5,0.1
10535,1997-05-13,1997-06-10,1997-05-21,15.64,Mexico,,ANTON,Antonio Moreno Taquería,México D.F.,Mexico,Raclette Courdavault,0,Dairy Products,55.0,15,0.1
10536,1997-05-14,1997-06-11,1997-06-06,58.88,Germany,,LEHMS,Lehmanns Marktstand,Frankfurt a.M.,Germany,Queso Manchego La Pastora,0,Dairy Products,38.0,15,0.25
10536,1997-05-14,1997-06-11,1997-06-06,58.88,Germany,,LEHMS,Lehmanns Marktstand,Frankfurt a.M.,Germany,Gorgonzola Telino,0,Dairy Products,12.5,20,0.0
10536,1997-05-14,1997-06-11,1997-06-06,58.88,Germany,,LEHMS,Lehmanns Marktstand,Frankfurt a.M.,Germany,Geitost,0,Dairy Products,2.5,30,0.0
10536,1997-05-14,1997-06-11,1997-06-06,58.88,Germany,,LEHMS,Lehmanns Marktstand,Frankfurt a.M.,Germany,Camembert Pierrot,0,Dairy Products,34.0,35,0.25
10537,1997-05-14,1997-05-28,1997-05-19,78.85,Switzerland,,RICSU,Richter Supermarkt,Genève,Switzerland,Gorgonzola Telino,0,Dairy Products,12.5,30,0.0
10537,1997-05-14,1997-05-28,1997-05-19,78.85,Switzerland,,RICSU,Richter Supermarkt,Genève,Switzerland,Manjimup Dried Apples,0,Produce,53.0,6,0.0
10537,1997-05-14,1997-05-28,1997-05-19,78.85,Switzerland,,RICSU,Richter Supermarkt,Genève,Switzerland,Escargots de Bourgogne,0,Seafood,13.25,20,0.0
10537,1997-05-14,1997-05-28,1997-05-19,78.85,Switzerland,,RICSU,Richter Supermarkt,Genève,Switzerland,Mozzarella di Giovanni,0,Dairy Products,34.8,21,0.0
10537,1997-05-14,1997-05-28,1997-05-19,78.85,Switzerland,,RICSU,Richter Supermarkt,Genève,Switzerland,Röd Kaviar,0,Seafood,15.0,9,0.0
10538,1997-05-15,1997-06-12,1997-05-16,4.87,UK,,BSBEV,B's Beverages,London,UK,Outback Lager,0,Beverages,15.0,7,0.0
10538,1997-05-15,1997-06-12,1997-05-16,4.87,UK,,BSBEV,B's Beverages,London,UK,Mozzarella di Giovanni,0,Dairy Products,34.8,1,0.0
10539,1997-05-16,1997-06-13,1997-05-23,12.36,UK,,BSBEV,B's Beverages,London,UK,Konbu,0,Seafood,6.0,8,0.0
10539,1997-05-16,1997-06-13,1997-05-23,12.36,UK,,BSBEV,B's Beverages,London,UK,Sir Rodney's Scones,0,Confections,10.0,15,0.0
10539,1997-05-16,1997-06-13,1997-05-23,12.36,UK,,BSBEV,B's Beverages,London,UK,Geitost,0,Dairy Products,2.5,15,0.0
10539,1997-05-16,1997-06-13,1997-05-23,12.36,UK,,BSBEV,B's Beverages,London,UK,Maxilaku,0,Confections,20.0,6,0.0
10540,1997-05-19,1997-06-16,1997-06-13,1007.64,Germany,,QUICK,QUICK-Stop,Cunewalde,Germany,Aniseed Syrup,0,Condiments,10.0,60,0.0
10540,1997-05-19,1997-06-16,1997-06-13,1007.64,Germany,,QUICK,QUICK-Stop,Cunewalde,Germany,Gumbär Gummibärchen,0,Confections,31.23,40,0.0
10540,1997-05-19,1997-06-16,1997-06-13,1007.64,Germany,,QUICK,QUICK-Stop,Cunewalde,Germany,Côte de Blaye,0,Beverages,263.5,30,0.0
10540,1997-05-19,1997-06-16,1997-06-13,1007.64,Germany,,QUICK,QUICK-Stop,Cunewalde,Germany,Scottish Longbreads,0,Confections,12.5,35,0.0
10541,1997-05-19,1997-06-16,1997-05-29,68.65,Brazil,RJ,HANAR,Hanari Carnes,Rio de Janeiro,Brazil,Guaraná Fantástica,1,Beverages,4.5,35,0.1
10541,1997-05-19,1997-06-16,1997-05-29,68.65,Brazil,RJ,HANAR,Hanari Carnes,Rio de Janeiro,Brazil,Côte de Blaye,0,Beverages,263.5,4,0.1
10541,1997-05-19,1997-06-16,1997-05-29,68.65,Brazil,RJ,HANAR,Hanari Carnes,Rio de Janeiro,Brazil,Louisiana Fiery Hot Pepper Sauce,0,Condiments,21.05,36,0.1
10541,1997-05-19,1997-06-16,1997-05-29,68.65,Brazil,RJ,HANAR,Hanari Carnes,Rio de Janeiro,Brazil,Flotemysost,0,Dairy Products,21.5,9,0.1
10542,1997-05-20,1997-06-17,1997-05-26,10.95,Germany,,KOENE,Königlich Essen,Brandenburg,Germany,Queso Cabrales,0,Dairy Products,21.0,15,0.05
10542,1997-05-20,1997-06-17,1997-05-26,10.95,Germany,,KOENE,Königlich Essen,Brandenburg,Germany,Tourtière,0,Meat/Poultry,7.45,24,0.05
10543,1997-05-21,1997-06-18,1997-05-23,48.17,Venezuela,Lara,LILAS,LILA-Supermercado,Barquisimeto,Venezuela,Queso Manchego La Pastora,0,Dairy Products,38.0,30,0.15
10543,1997-05-21,1997-06-18,1997-05-23,48.17,Venezuela,Lara,LILAS,LILA-Supermercado,Barquisimeto,Venezuela,Tunnbröd,0,Grains/Cereals,9.0,70,0.15
10544,1997-05-21,1997-06-18,1997-05-30,24.91,USA,OR,LONEP,Lonesome Pine Restaurant,Portland,USA,Rössle Sauerkraut,1,Produce,45.6,7,0.0
10544,1997-05-21,1997-06-18,1997-05-30,24.91,USA,OR,LONEP,Lonesome Pine Restaurant,Portland,USA,Laughing Lumberjack Lager,0,Beverages,14.0,7,0.0
10545,1997-05-22,1997-06-19,1997-06-26,11.92,USA,WA,LAZYK,Lazy K Kountry Store,Walla Walla,USA,Queso Cabrales,0,Dairy Products,21.0,10,0.0
10546,1997-05-23,1997-06-20,1997-05-27,194.72,France,,VICTE,Victuailles en stock,Lyon,France,Uncle Bob's Organic Dried Pears,0,Produce,30.0,10,0.0
10546,1997-05-23,1997-06-20,1997-05-27,194.72,France,,VICTE,Victuailles en stock,Lyon,France,Steeleye Stout,0,Beverages,18.0,30,0.0
10546,1997-05-23,1997-06-20,1997-05-27,194.72,France,,VICTE,Victuailles en stock,Lyon,France,Tarte au sucre,0,Confections,49.3,40,0.0
10547,1997-05-23,1997-06-20,1997-06-02,178.43,UK,,SEVES,Seven Seas Imports,London,UK,Mascarpone Fabioli,0,Dairy Products,32.0,24,0.15
10547,1997-05-23,1997-06-20,1997-06-02,178.43,UK,,SEVES,Seven Seas Imports,London,UK,Inlagd Sill,0,Seafood,19.0,60,0.0
10548,1997-05-26,1997-06-23,1997-06-02,1.43,Germany,,TOMSP,Toms Spezialitäten,Münster,Germany,Sasquatch Ale,0,Beverages,14.0,10,0.25
10548,1997-05-26,1997-06-23,1997-06-02,1.43,Germany,,TOMSP,Toms Spezialitäten,Münster,Germany,Jack's New England Clam Chowder,0,Seafood,9.65,14,0.0
10549,1997-05-27,1997-06-10,1997-05-30,171.24,Germany,,QUICK,QUICK-Stop,Cunewalde,Germany,Gorgonzola Telino,0,Dairy Products,12.5,55,0.15
10549,1997-05-27,1997-06-10,1997-05-30,171.24,Germany,,QUICK,QUICK-Stop,Cunewalde,Germany,Rogede sild,0,Seafood,9.5,100,0.15
10549,1997-05-27,1997-06-10,1997-05-30,171.24,Germany,,QUICK,QUICK-Stop,Cunewalde,Germany,Manjimup Dried Apples,0,Produce,53.0,48,0.15
10550,1997-05-28,1997-06-25,1997-06-06,4.32,Spain,,GODOS,Godos Cocina Típica,Sevilla,Spain,Alice Mutton,1,Meat/Poultry,39.0,8,0.1
10550,1997-05-28,1997-06-25,1997-06-06,4.32,Spain,,GODOS,Godos Cocina Típica,Sevilla,Spain,Teatime Chocolate Biscuits,0,Confections,9.2,10,0.0
10550,1997-05-28,1997-06-25,1997-06-06,4.32,Spain,,GODOS,Godos Cocina Típica,Sevilla,Spain,Sir Rodney's Scones,0,Confections,10.0,6,0.1
10550,1997-05-28,1997-06-25,1997-06-06,4.32,Spain,,GODOS,Godos Cocina Típica,Sevilla,Spain,Sirop d'érable,0,Condiments,28.5,10,0.1
10551,1997-05-28,1997-07-09,1997-06-06,72.95,Portugal,,FURIB,Furia Bacalhau e Frutos do Mar,Lisboa,Portugal,Pavlova,0,Confections,17.45,40,0.15
10551,1997-05-28,1997-07-09,1997-06-06,72.95,Portugal,,FURIB,Furia Bacalhau e Frutos do Mar,Lisboa,Portugal,Steeleye Stout,0,Beverages,18.0,20,0.15
10551,1997-05-28,1997-07-09,1997-06-06,72.95,Portugal,,FURIB,Furia Bacalhau e Frutos do Mar,Lisboa,Portugal,Gula Malacca,0,Condiments,19.45,40,0.0
10552,1997-05-29,1997-06-26,1997-06-05,83.22,Venezuela,Táchira,HILAA,HILARION-Abastos,San Cristóbal,Venezuela,Gudbrandsdalsost,0,Dairy Products,36.0,18,0.0
10552,1997-05-29,1997-06-26,1997-06-05,83.22,Venezuela,Táchira,HILAA,HILARION-Abastos,San Cristóbal,Venezuela,Rhönbräu Klosterbier,0,Beverages,7.75,30,0.0
10553,1997-05-30,1997-06-27,1997-06-03,149.49,Finland,,WARTH,Wartian Herkku,Oulu,Finland,Queso Cabrales,0,Dairy Products,21.0,15,0.0
10553,1997-05-30,1997-06-27,1997-06-03,149.49,Finland,,WARTH,Wartian Herkku,Oulu,Finland,Pavlova,0,Confections,17.45,14,0.0
10553,1997-05-30,1997-06-27,1997-06-03,149.49,Finland,,WARTH,Wartian Herkku,Oulu,Finland,Gustaf's Knäckebröd,0,Grains/Cereals,21.0,24,0.0
10553,1997-05-30,1997-06-27,1997-06-03,149.49,Finland,,WARTH,Wartian Herkku,Oulu,Finland,Gorgonzola Telino,0,Dairy Products,12.5,30,0.0
10553,1997-05-30,1997-06-27,1997-06-03,149.49,Finland,,WARTH,Wartian Herkku,Oulu,Finland,Steeleye Stout,0,Beverages,18.0,6,0.0
10554,1997-05-30,1997-06-27,1997-06-05,120.97,Germany,,OTTIK,Ottilies Käseladen,Köln,Germany,Pavlova,0,Confections,17.45,30,0.05
10554,1997-05-30,1997-06-27,1997-06-05,120.97,Germany,,OTTIK,Ottilies Käseladen,Köln,Germany,Tunnbröd,0,Grains/Cereals,9.0,20,0.05
10554,1997-05-30,1997-06-27,1997-06-05,120.97,Germany,,OTTIK,Ottilies Käseladen,Köln,Germany,Tarte au sucre,0,Confections,49.3,20,0.05
10554,1997-05-30,1997-06-27,1997-06-05,120.97,Germany,,OTTIK,Ottilies Käseladen,Köln,Germany,Original Frankfurter grüne Soße,0,Condiments,13.0,10,0.05
10555,1997-06-02,1997-06-30,1997-06-04,252.49,USA,ID,SAVEA,Save-a-lot Markets,Boise,USA,Tofu,0,Produce,23.25,30,0.2
10555,1997-06-02,1997-06-30,1997-06-04,252.49,USA,ID,SAVEA,Save-a-lot Markets,Boise,USA,Teatime Chocolate Biscuits,0,Confections,9.2,35,0.2
10555,1997-06-02,1997-06-30,1997-06-04,252.49,USA,ID,SAVEA,Save-a-lot Markets,Boise,USA,Guaraná Fantástica,1,Beverages,4.5,18,0.2
10555,1997-06-02,1997-06-30,1997-06-04,252.49,USA,ID,SAVEA,Save-a-lot Markets,Boise,USA,Manjimup Dried Apples,0,Produce,53.0,20,0.2
10555,1997-06-02,1997-06-30,1997-06-04,252.49,USA,ID,SAVEA,Save-a-lot Markets,Boise,USA,Gnocchi di nonna Alice,0,Grains/Cereals,38.0,40,0.2
10556,1997-06-03,1997-07-15,1997-06-13,9.8,Denmark,,SIMOB,Simons bistro,Kobenhavn,Denmark,Mozzarella di Giovanni,0,Dairy Products,34.8,24,0.0
10557,1997-06-03,1997-06-17,1997-06-06,96.72,Germany,,LEHMS,Lehmanns Marktstand,Frankfurt a.M.,Germany,Wimmers gute Semmelknödel,0,Grains/Cereals,33.25,30,0.0
10557,1997-06-03,1997-06-17,1997-06-06,96.72,Germany,,LEHMS,Lehmanns Marktstand,Frankfurt a.M.,Germany,Rhönbräu Klosterbier,0,Beverages,7.75,20,0.0
10558,1997-06-04,1997-07-02,1997-06-10,72.97,UK,Essex,AROUT,Around the Horn,London,UK,Zaanse koeken,0,Confections,9.5,25,0.0
10558,1997-06-04,1997-07-02,1997-06-10,72.97,UK,Essex,AROUT,Around the Horn,London,UK,Manjimup Dried Apples,0,Produce,53.0,20,0.0
10558,1997-06-04,1997-07-02,1997-06-10,72.97,UK,Essex,AROUT,Around the Horn,London,UK,Filo Mix,0,Grains/Cereals,7.0,30,0.0
10558,1997-06-04,1997-07-02,1997-06-10,72.97,UK,Essex,AROUT,Around the Horn,London,UK,Perth Pasties,1,Meat/Poultry,32.8,18,0.0
10558,1997-06-04,1997-07-02,1997-06-10,72.97,UK,Essex,AROUT,Around the Horn,London,UK,Röd Kaviar,0,Seafood,15.0,3,0.0
10559,1997-06-05,1997-07-03,1997-06-13,8.05,France,,BLONP,Blondesddsl père et fils,Strasbourg,France,Jack's New England Clam Chowder,0,Seafood,9.65,12,0.05
10559,1997-06-05,1997-07-03,1997-06-13,8.05,France,,BLONP,Blondesddsl père et fils,Strasbourg,France,Pâté chinois,0,Meat/Poultry,24.0,18,0.05
10560,1997-06-06,1997-07-04,1997-06-09,36.65,Germany,,FRANK,Frankenversand,München,Germany,Nord-Ost Matjeshering,0,Seafood,25.89,20,0.0
10560,1997-06-06,1997-07-04,1997-06-09,36.65,Germany,,FRANK,Frankenversand,München,Germany,Tarte au sucre,0,Confections,49.3,15,0.25
10561,1997-06-06,1997-07-04,1997-06-09,242.21,Sweden,,FOLKO,Folk och fä HB,Bräcke,Sweden,Gula Malacca,0,Condiments,19.45,10,0.0
10561,1997-06-06,1997-07-04,1997-06-09,242.21,Sweden,,FOLKO,Folk och fä HB,Bräcke,Sweden,Manjimup Dried Apples,0,Produce,53.0,50,0.0
10562,1997-06-09,1997-07-07,1997-06-12,22.95,Italy,,REGGC,Reggiani Caseifici,Reggio Emilia,Italy,Geitost,0,Dairy Products,2.5,20,0.1
10562,1997-06-09,1997-07-07,1997-06-12,22.95,Italy,,REGGC,Reggiani Caseifici,Reggio Emilia,Italy,Tarte au sucre,0,Confections,49.3,10,0.1
10563,1997-06-10,1997-07-22,1997-06-24,60.43,Brazil,RJ,RICAR,Ricardo Adocicados,Rio de Janeiro,Brazil,Inlagd Sill,0,Seafood,19.0,25,0.0
10563,1997-06-10,1997-07-22,1997-06-24,60.43,Brazil,RJ,RICAR,Ricardo Adocicados,Rio de Janeiro,Brazil,Filo Mix,0,Grains/Cereals,7.0,70,0.0
10564,1997-06-10,1997-07-08,1997-06-16,13.75,USA,NM,RATTC,Rattlesnake Canyon Grocery,Albuquerque,USA,Alice Mutton,1,Meat/Poultry,39.0,16,0.05
10564,1997-06-10,1997-07-08,1997-06-16,13.75,USA,NM,RATTC,Rattlesnake Canyon Grocery,Albuquerque,USA,Gorgonzola Telino,0,Dairy Products,12.5,6,0.05
10564,1997-06-10,1997-07-08,1997-06-16,13.75,USA,NM,RATTC,Rattlesnake Canyon Grocery,Albuquerque,USA,Pâté chinois,0,Meat/Poultry,24.0,25,0.05
10565,1997-06-11,1997-07-09,1997-06-18,7.15,Canada,Québec,MEREP,Mère Paillarde,Montréal,Canada,Guaraná Fantástica,1,Beverages,4.5,25,0.1
10565,1997-06-11,1997-07-09,1997-06-18,7.15,Canada,Québec,MEREP,Mère Paillarde,Montréal,Canada,Wimmers gute Semmelknödel,0,Grains/Cereals,33.25,18,0.1
10566,1997-06-12,1997-07-10,1997-06-18,88.4,France,,BLONP,Blondesddsl père et fils,Strasbourg,France,Queso Cabrales,0,Dairy Products,21.0,35,0.15
10566,1997-06-12,1997-07-10,1997-06-18,88.4,France,,BLONP,Blondesddsl père et fils,Strasbourg,France,Carnarvon Tigers,0,Seafood,62.5,18,0.15
10566,1997-06-12,1997-07-10,1997-06-18,88.4,France,,BLONP,Blondesddsl père et fils,Strasbourg,France,Lakkalikööri,0,Beverages,18.0,10,0.0
10567,1997-06-12,1997-07-10,1997-06-17,33.97,Ireland,Co. Cork,HUNGO,Hungry Owl All-Night Grocers,Cork,Ireland,Gorgonzola Telino,0,Dairy Products,12.5,60,0.2
10567,1997-06-12,1997-07-10,1997-06-17,33.97,Ireland,Co. Cork,HUNGO,Hungry Owl All-Night Grocers,Cork,Ireland,Manjimup Dried Apples,0,Produce,53.0,3,0.0
10567,1997-06-12,1997-07-10,1997-06-17,33.97,Ireland,Co. Cork,HUNGO,Hungry Owl All-Night Grocers,Cork,Ireland,Raclette Courdavault,0,Dairy Products,55.0,40,0.2
10568,1997-06-13,1997-07-11,1997-07-09,6.54,Spain,,GALED,Galería del gastrónomo,Barcelona,Spain,Ikura,0,Seafood,31.0,5,0.0
10569,1997-06-16,1997-07-14,1997-07-11,58.98,USA,NM,RATTC,Rattlesnake Canyon Grocery,Albuquerque,USA,Gorgonzola Telino,0,Dairy Products,12.5,35,0.2
10569,1997-06-16,1997-07-14,1997-07-11,58.98,USA,NM,RATTC,Rattlesnake Canyon Grocery,Albuquerque,USA,Lakkalikööri,0,Beverages,18.0,30,0.0
10570,1997-06-17,1997-07-15,1997-06-19,188.99,Canada,Québec,MEREP,Mère Paillarde,Montréal,Canada,Queso Cabrales,0,Dairy Products,21.0,15,0.05
10570,1997-06-17,1997-07-15,1997-06-19,188.99,Canada,Québec,MEREP,Mère Paillarde,Montréal,Canada,Gnocchi di nonna Alice,0,Grains/Cereals,38.0,60,0.05
10571,1997-06-17,1997-07-29,1997-07-04,26.06,Austria,,ERNSH,Ernst Handel,Graz,Austria,Tofu,0,Produce,23.25,11,0.15
10571,1997-06-17,1997-07-29,1997-07-04,26.06,Austria,,ERNSH,Ernst Handel,Graz,Austria,Singaporean Hokkien Fried Mee,1,Grains/Cereals,14.0,28,0.15
10572,1997-06-18,1997-07-16,1997-06-25,116.43,Sweden,,BERGS,Berglunds snabbköp,Luleå,Sweden,Pavlova,0,Confections,17.45,12,0.1
10572,1997-06-18,1997-07-16,1997-06-25,116.43,Sweden,,BERGS,Berglunds snabbköp,Luleå,Sweden,Mascarpone Fabioli,0,Dairy Products,32.0,10,0.1
10572,1997-06-18,1997-07-16,1997-06-25,116.43,Sweden,,BERGS,Berglunds snabbköp,Luleå,Sweden,Boston Crab Meat,0,Seafood,18.4,50,0.0
10572,1997-06-18,1997-07-16,1997-06-25,116.43,Sweden,,BERGS,Berglunds snabbköp,Luleå,Sweden,Rhönbräu Klosterbier,0,Beverages,7.75,15,0.1
10573,1997-06-19,1997-07-17,1997-06-20,84.84,Mexico,,ANTON,Antonio Moreno Taquería,México D.F.,Mexico,Alice Mutton,1,Meat/Poultry,39.0,18,0.0
10573,1997-06-19,1997-07-17,1997-06-20,84.84,Mexico,,ANTON,Antonio Moreno Taquería,México D.F.,Mexico,Sasquatch Ale,0,Beverages,14.0,40,0.0
10573,1997-06-19,1997-07-17,1997-06-20,84.84,Mexico,,ANTON,Antonio Moreno Taquería,México D.F.,Mexico,Perth Pasties,1,Meat/Poultry,32.8,25,0.0
10574,1997-06-19,1997-07-17,1997-06-30,37.6,USA,WA,TRAIH,Trail's Head Gourmet Provisioners,Kirkland,USA,Geitost,0,Dairy Products,2.5,14,0.0
10574,1997-06-19,1997-07-17,1997-06-30,37.6,USA,WA,TRAIH,Trail's Head Gourmet Provisioners,Kirkland,USA,Boston Crab Meat,0,Seafood,18.4,2,0.0
10574,1997-06-19,1997-07-17,1997-06-30,37.6,USA,WA,TRAIH,Trail's Head Gourmet Provisioners,Kirkland,USA,Tarte au sucre,0,Confections,49.3,10,0.0
10574,1997-06-19,1997-07-17,1997-06-30,37.6,USA,WA,TRAIH,Trail's Head Gourmet Provisioners,Kirkland,USA,Wimmers gute Semmelknödel,0,Grains/Cereals,33.25,6,0.0
10575,1997-06-20,1997-07-04,1997-06-30,127.34,Germany,,MORGK,Morgenstern Gesundkost,Leipzig,Germany,Raclette Courdavault,0,Dairy Products,55.0,12,0.0
10575,1997-06-20,1997-07-04,1997-06-30,127.34,Germany,,MORGK,Morgenstern Gesundkost,Leipzig,Germany,Vegie-spread,0,Condiments,43.9,6,0.0
10575,1997-06-20,1997-07-04,1997-06-30,127.34,Germany,,MORGK,Morgenstern Gesundkost,Leipzig,Germany,Mozzarella di Giovanni,0,Dairy Products,34.8,30,0.0
10575,1997-06-20,1997-07-04,1997-06-30,127.34,Germany,,MORGK,Morgenstern Gesundkost,Leipzig,Germany,Lakkalikööri,0,Beverages,18.0,10,0.0
10576,1997-06-23,1997-07-07,1997-06-30,18.56,Mexico,,TORTU,Tortuga Restaurante,México D.F.,Mexico,Chai,1,Beverages,18.0,10,0.0
10576,1997-06-23,1997-07-07,1997-06-30,18.56,Mexico,,TORTU,Tortuga Restaurante,México D.F.,Mexico,Gorgonzola Telino,0,Dairy Products,12.5,20,0.0
10576,1997-06-23,1997-07-07,1997-06-30,18.56,Mexico,,TORTU,Tortuga Restaurante,México D.F.,Mexico,Gula Malacca,0,Condiments,19.45,21,0.0
10577,1997-06-23,1997-08-04,1997-06-30,25.41,USA,WA,TRAIH,Trail's Head Gourmet Provisioners,Kirkland,USA,Chartreuse verte,0,Beverages,18.0,10,0.0
10577,1997-06-23,1997-08-04,1997-06-30,25.41,USA,WA,TRAIH,Trail's Head Gourmet Provisioners,Kirkland,USA,Rhönbräu Klosterbier,0,Beverages,7.75,20,0.0
10577,1997-06-23,1997-08-04,1997-06-30,25.41,USA,WA,TRAIH,Trail's Head Gourmet Provisioners,Kirkland,USA,Original Frankfurter grüne Soße,0,Condiments,13.0,18,0.0
10578,1997-06-24,1997-07-22,1997-07-25,29.6,UK,,BSBEV,B's Beverages,London,UK,Steeleye Stout,0,Beverages,18.0,20,0.0
10578,1997-06-24,1997-07-22,1997-07-25,29.6,UK,,BSBEV,B's Beverages,London,UK,Ravioli Angelo,0,Grains/Cereals,19.5,6,0.0
10579,1997-06-25,1997-07-23,1997-07-04,13.73,USA,CA,LETSS,Let's Stop N Shop,San Francisco,USA,Genen Shouyu,0,Condiments,15.5,10,0.0
10579,1997-06-25,1997-07-23,1997-07-04,13.73,USA,CA,LETSS,Let's Stop N Shop,San Francisco,USA,Rhönbräu Klosterbier,0,Beverages,7.75,21,0.0
10580,1997-06-26,1997-07-24,1997-07-01,75.89,Germany,,OTTIK,Ottilies Käseladen,Köln,Germany,Tofu,0,Produce,23.25,15,0.05
10580,1997-06-26,1997-07-24,1997-07-01,75.89,Germany,,OTTIK,Ottilies Käseladen,Köln,Germany,Jack's New England Clam Chowder,0,Seafood,9.65,9,0.05
10580,1997-06-26,1997-07-24,1997-07-01,75.89,Germany,,OTTIK,Ottilies Käseladen,Köln,Germany,Louisiana Fiery Hot Pepper Sauce,0,Condiments,21.05,30,0.05
10581,1997-06-26,1997-07-24,1997-07-02,3.01,Brazil,SP,FAMIA,Familia Arquibaldo,Sao Paulo,Brazil,Rhönbräu Klosterbier,0,Beverages,7.75,50,0.2
10582,1997-06-27,1997-07-25,1997-07-14,27.71,Germany,,BLAUS,Blauer See Delikatessen,Mannheim,Germany,Ravioli Angelo,0,Grains/Cereals,19.5,4,0.0
10582,1997-06-27,1997-07-25,1997-07-14,27.71,Germany,,BLAUS,Blauer See Delikatessen,Mannheim,Germany,Lakkalikööri,0,Beverages,18.0,14,0.0
10583,1997-06-30,1997-07-28,1997-07-04,7.28,Finland,,WARTH,Wartian Herkku,Oulu,Finland,Thüringer Rostbratwurst,1,Meat/Poultry,123.79,10,0.0
10583,1997-06-30,1997-07-28,1997-07-04,7.28,Finland,,WARTH,Wartian Herkku,Oulu,Finland,Camembert Pierrot,0,Dairy Products,34.0,24,0.15
10583,1997-06-30,1997-07-28,1997-07-04,7.28,Finland,,WARTH,Wartian Herkku,Oulu,Finland,Gudbrandsdalsost,0,Dairy Products,36.0,10,0.15
10584,1997-06-30,1997-07-28,1997-07-04,59.14,France,,BLONP,Blondesddsl père et fils,Strasbourg,France,Gorgonzola Telino,0,Dairy Products,12.5,50,0.05
10585,1997-07-01,1997-07-29,1997-07-10,13.41,Brazil,SP,WELLI,Wellington Importadora,Resende,Brazil,Zaanse koeken,0,Confections,9.5,15,0.0
10586,1997-07-02,1997-07-30,1997-07-09,0.48,Italy,,REGGC,Reggiani Caseifici,Reggio Emilia,Italy,Filo Mix,0,Grains/Cereals,7.0,4,0.15
10587,1997-07-02,1997-07-30,1997-07-09,62.52,Brazil,RJ,QUEDE,Que Delícia,Rio de Janeiro,Brazil,Gumbär Gummibärchen,0,Confections,31.23,6,0.0
10587,1997-07-02,1997-07-30,1997-07-09,62.52,Brazil,RJ,QUEDE,Que Delícia,Rio de Janeiro,Brazil,Steeleye Stout,0,Beverages,18.0,20,0.0
10587,1997-07-02,1997-07-30,1997-07-09,62.52,Brazil,RJ,QUEDE,Que Delícia,Rio de Janeiro,Brazil,Original Frankfurter grüne Soße,0,Condiments,13.0,20,0.0
10588,1997-07-03,1997-07-31,1997-07-10,194.67,Germany,,QUICK,QUICK-Stop,Cunewalde,Germany,Carnarvon Tigers,0,Seafood,62.5,40,0.2
10588,1997-07-03,1997-07-31,1997-07-10,194.67,Germany,,QUICK,QUICK-Stop,Cunewalde,Germany,Singaporean Hokkien Fried Mee,1,Grains/Cereals,14.0,100,0.2
10589,1997-07-04,1997-08-01,1997-07-14,4.42,USA,OR,GREAL,Great Lakes Food Market,Eugene,USA,Steeleye Stout,0,Beverages,18.0,4,0.0
10590,1997-07-07,1997-08-04,1997-07-14,44.77,Canada,Québec,MEREP,Mère Paillarde,Montréal,Canada,Chai,1,Beverages,18.0,20,0.0
10590,1997-07-07,1997-08-04,1997-07-14,44.77,Canada,Québec,MEREP,Mère Paillarde,Montréal,Canada,Original Frankfurter grüne Soße,0,Condiments,13.0,60,0.05
10591,1997-07-07,1997-07-21,1997-07-16,55.92,Denmark,,VAFFE,Vaffeljernet,Århus,Denmark,Aniseed Syrup,0,Condiments,10.0,14,0.0
10591,1997-07-07,1997-07-21,1997-07-16,55.92,Denmark,,VAFFE,Vaffeljernet,Århus,Denmark,Uncle Bob's Organic Dried Pears,0,Produce,30.0,10,0.0
10591,1997-07-07,1997-07-21,1997-07-16,55.92,Denmark,,VAFFE,Vaffeljernet,Århus,Denmark,Tourtière,0,Meat/Poultry,7.45,50,0.0
10592,1997-07-08,1997-08-05,1997-07-16,32.1,Germany,,LEHMS,Lehmanns Marktstand,Frankfurt a.M.,Germany,Genen Shouyu,0,Condiments,15.5,25,0.05
10592,1997-07-08,1997-08-05,1997-07-16,32.1,Germany,,LEHMS,Lehmanns Marktstand,Frankfurt a.M.,Germany,Gumbär Gummibärchen,0,Confections,31.23,5,0.05
10593,1997-07-09,1997-08-06,1997-08-13,174.2,Germany,,LEHMS,Lehmanns Marktstand,Frankfurt a.M.,Germany,Sir Rodney's Marmalade,0,Confections,81.0,21,0.2
10593,1997-07-09,1997-08-06,1997-08-13,174.2,Germany,,LEHMS,Lehmanns Marktstand,Frankfurt a.M.,Germany,Gudbrandsdalsost,0,Dairy Products,36.0,20,0.2
10593,1997-07-09,1997-08-06,1997-08-13,174.2,Germany,,LEHMS,Lehmanns Marktstand,Frankfurt a.M.,Germany,Lakkalikööri,0,Beverages,18.0,4,0.2
10594,1997-07-09,1997-08-06,1997-07-16,5.24,USA,AK,OLDWO,Old World Delicatessen,Anchorage,USA,Filo Mix,0,Grains/Cereals,7.0,24,0.0
10594,1997-07-09,1997-08-06,1997-07-16,5.24,USA,AK,OLDWO,Old World Delicatessen,Anchorage,USA,Escargots de Bourgogne,0,Seafood,13.25,30,0.0
10595,1997-07-10,1997-08-07,1997-07-14,96.78,Austria,,ERNSH,Ernst Handel,Graz,Austria,Steeleye Stout,0,Beverages,18.0,30,0.25
10595,1997-07-10,1997-08-07,1997-07-14,96.78,Austria,,ERNSH,Ernst Handel,Graz,Austria,Sirop d'érable,0,Condiments,28.5,120,0.25
10595,1997-07-10,1997-08-07,1997-07-14,96.78,Austria,,ERNSH,Ernst Handel,Graz,Austria,Gudbrandsdalsost,0,Dairy Products,36.0,65,0.25
10596,1997-07-11,1997-08-08,1997-08-12,16.34,USA,WA,WHITC,White Clover Markets,Seattle,USA,Gnocchi di nonna Alice,0,Grains/Cereals,38.0,5,0.2
10596,1997-07-11,1997-08-08,1997-08-12,16.34,USA,WA,WHITC,White Clover Markets,Seattle,USA,Vegie-spread,0,Condiments,43.9,24,0.2
10596,1997-07-11,1997-08-08,1997-08-12,16.34,USA,WA,WHITC,White Clover Markets,Seattle,USA,Rhönbräu Klosterbier,0,Beverages,7.75,30,0.2
10597,1997-07-11,1997-08-08,1997-07-18,35.12,Austria,,PICCO,Piccolo und mehr,Salzburg,Austria,Guaraná Fantástica,1,Beverages,4.5,35,0.2
10597,1997-07-11,1997-08-08,1997-07-18,35.12,Austria,,PICCO,Piccolo und mehr,Salzburg,Austria,Ravioli Angelo,0,Grains/Cereals,19.5,20,0.0
10597,1997-07-11,1997-08-08,1997-07-18,35.12,Austria,,PICCO,Piccolo und mehr,Salzburg,Austria,Louisiana Fiery Hot Pepper Sauce,0,Condiments,21.05,12,0.2
10598,1997-07-14,1997-08-11,1997-07-18,44.42,USA,NM,RATTC,Rattlesnake Canyon Grocery,Albuquerque,USA,Schoggi Schokolade,0,Confections,43.9,50,0.0
10598,1997-07-14,1997-08-11,1997-07-18,44.42,USA,NM,RATTC,Rattlesnake Canyon Grocery,Albuquerque,USA,Flotemysost,0,Dairy Products,21.5,9,0.0
10599,1997-07-15,1997-08-26,1997-07-21,29.98,UK,,BSBEV,B's Beverages,London,UK,Tarte au sucre,0,Confections,49.3,10,0.0
10600,1997-07-16,1997-08-13,1997-07-21,45.13,USA,OR,HUNGC,Hungry Coyote Import Store,Elgin,USA,Tourtière,0,Meat/Poultry,7.45,4,0.0
10600,1997-07-16,1997-08-13,1997-07-21,45.13,USA,OR,HUNGC,Hungry Coyote Import Store,Elgin,USA,Röd Kaviar,0,Seafood,15.0,30,0.0
10601,1997-07-16,1997-08-27,1997-07-22,58.3,Venezuela,Táchira,HILAA,HILARION-Abastos,San Cristóbal,Venezuela,Konbu,0,Seafood,6.0,60,0.0
10601,1997-07-16,1997-08-27,1997-07-22,58.3,Venezuela,Táchira,HILAA,HILARION-Abastos,San Cristóbal,Venezuela,Raclette Courdavault,0,Dairy Products,55.0,35,0.0
10602,1997-07-17,1997-08-14,1997-07-22,2.92,Denmark,,VAFFE,Vaffeljernet,Århus,Denmark,Original Frankfurter grüne Soße,0,Condiments,13.0,5,0.25
10603,1997-07-18,1997-08-15,1997-08-08,48.77,USA,ID,SAVEA,Save-a-lot Markets,Boise,USA,Gustaf's Knäckebröd,0,Grains/Cereals,21.0,48,0.0
10603,1997-07-18,1997-08-15,1997-08-08,48.77,USA,ID,SAVEA,Save-a-lot Markets,Boise,USA,Maxilaku,0,Confections,20.0,25,0.05
10604,1997-07-18,1997-08-15,1997-07-29,7.46,Portugal,,FURIB,Furia Bacalhau e Frutos do Mar,Lisboa,Portugal,Chocolade,0,Confections,12.75,6,0.1
10604,1997-07-18,1997-08-15,1997-07-29,7.46,Portugal,,FURIB,Furia Bacalhau e Frutos do Mar,Lisboa,Portugal,Lakkalikööri,0,Beverages,18.0,10,0.1
10605,1997-07-21,1997-08-18,1997-07-29,379.13,Canada,Québec,MEREP,Mère Paillarde,Montréal,Canada,Pavlova,0,Confections,17.45,30,0.05
10605,1997-07-21,1997-08-18,1997-07-29,379.13,Canada,Québec,MEREP,Mère Paillarde,Montréal,Canada,Raclette Courdavault,0,Dairy Products,55.0,20,0.05
10605,1997-07-21,1997-08-18,1997-07-29,379.13,Canada,Québec,MEREP,Mère Paillarde,Montréal,Canada,Camembert Pierrot,0,Dairy Products,34.0,70,0.05
10605,1997-07-21,1997-08-18,1997-07-29,379.13,Canada,Québec,MEREP,Mère Paillarde,Montréal,Canada,Flotemysost,0,Dairy Products,21.5,15,0.05
10606,1997-07-22,1997-08-19,1997-07-31,79.4,Brazil,SP,TRADH,Tradição Hipermercados,Sao Paulo,Brazil,Chef Anton's Cajun Seasoning,0,Condiments,22.0,20,0.2
10606,1997-07-22,1997-08-19,1997-07-31,79.4,Brazil,SP,TRADH,Tradição Hipermercados,Sao Paulo,Brazil,Pâté chinois,0,Meat/Poultry,24.0,20,0.2
10606,1997-07-22,1997-08-19,1997-07-31,79.4,Brazil,SP,TRADH,Tradição Hipermercados,Sao Paulo,Brazil,Tarte au sucre,0,Confections,49.3,10,0.2
10607,1997-07-22,1997-08-19,1997-07-25,200.24,USA,ID,SAVEA,Save-a-lot Markets,Boise,USA,Uncle Bob's Organic Dried Pears,0,Produce,30.0,45,0.0
10607,1997-07-22,1997-08-19,1997-07-25,200.24,USA,ID,SAVEA,Save-a-lot Markets,Boise,USA,Alice Mutton,1,Meat/Poultry,39.0,100,0.0
10607,1997-07-22,1997-08-19,1997-07-25,200.24,USA,ID,SAVEA,Save-a-lot Markets,Boise,USA,Geitost,0,Dairy Products,2.5,14,0.0
10607,1997-07-22,1997-08-19,1997-07-25,200.24,USA,ID,SAVEA,Save-a-lot Markets,Boise,USA,Boston Crab Meat,0,Seafood,18.4,42,0.0
10607,1997-07-22,1997-08-19,1997-07-25,200.24,USA,ID,SAVEA,Save-a-lot Markets,Boise,USA,Mozzarella di Giovanni,0,Dairy Products,34.8,12,0.0
10608,1997-07-23,1997-08-20,1997-08-01,27.79,Germany,,TOMSP,Toms Spezialitäten,Münster,Germany,Gnocchi di nonna Alice,0,Grains/Cereals,38.0,28,0.0
10609,1997-07-24,1997-08-21,1997-07-30,1.85,France,,DUMON,Du monde entier,Nantes,France,Chai,1,Beverages,18.0,3,0.0
10609,1997-07-24,1997-08-21,1997-07-30,1.85,France,,DUMON,Du monde entier,Nantes,France,Ikura,0,Seafood,31.0,10,0.0
10609,1997-07-24,1997-08-21,1997-07-30,1.85,France,,DUMON,Du monde entier,Nantes,France,Sir Rodney's Scones,0,Confections,10.0,6,0.0
10610,1997-07-25,1997-08-22,1997-08-06,26.78,France,,LAMAI,La maison d'Asie,Toulouse,France,Inlagd Sill,0,Seafood,19.0,21,0.25
10611,1997-07-25,1997-08-22,1997-08-01,80.65,Poland,,WOLZA,Wolski  Zajazd,Warszawa,Poland,Chai,1,Beverages,18.0,6,0.0
10611,1997-07-25,1997-08-22,1997-08-01,80.65,Poland,,WOLZA,Wolski  Zajazd,Warszawa,Poland,Chang,1,Beverages,19.0,10,0.0
10611,1997-07-25,1997-08-22,1997-08-01,80.65,Poland,,WOLZA,Wolski  Zajazd,Warszawa,Poland,Camembert Pierrot,0,Dairy Products,34.0,15,0.0
10612,1997-07-28,1997-08-25,1997-08-01,544.08,USA,ID,SAVEA,Save-a-lot Markets,Boise,USA,Ikura,0,Seafood,31.0,70,0.0
10612,1997-07-28,1997-08-25,1997-08-01,544.08,USA,ID,SAVEA,Save-a-lot Markets,Boise,USA,Inlagd Sill,0,Seafood,19.0,55,0.0
10612,1997-07-28,1997-08-25,1997-08-01,544.08,USA,ID,SAVEA,Save-a-lot Markets,Boise,USA,Maxilaku,0,Confections,20.0,18,0.0
10612,1997-07-28,1997-08-25,1997-08-01,544.08,USA,ID,SAVEA,Save-a-lot Markets,Boise,USA,Camembert Pierrot,0,Dairy Products,34.0,40,0.0
10612,1997-07-28,1997-08-25,1997-08-01,544.08,USA,ID,SAVEA,Save-a-lot Markets,Boise,USA,Lakkalikööri,0,Beverages,18.0,80,0.0
10613,1997-07-29,1997-08-26,1997-08-01,8.11,Venezuela,Táchira,HILAA,HILARION-Abastos,San Cristóbal,Venezuela,Konbu,0,Seafood,6.0,8,0.1
10613,1997-07-29,1997-08-26,1997-08-01,8.11,Venezuela,Táchira,HILAA,HILARION-Abastos,San Cristóbal,Venezuela,Rhönbräu Klosterbier,0,Beverages,7.75,40,0.0
10614,1997-07-29,1997-08-26,1997-08-01,1.93,Germany,,BLAUS,Blauer See Delikatessen,Mannheim,Germany,Queso Cabrales,0,Dairy Products,21.0,14,0.0
10614,1997-07-29,1997-08-26,1997-08-01,1.93,Germany,,BLAUS,Blauer See Delikatessen,Mannheim,Germany,Sir Rodney's Scones,0,Confections,10.0,8,0.0
10614,1997-07-29,1997-08-26,1997-08-01,1.93,Germany,,BLAUS,Blauer See Delikatessen,Mannheim,Germany,Chartreuse verte,0,Beverages,18.0,5,0.0
10615,1997-07-30,1997-08-27,1997-08-06,0.75,Finland,,WILMK,Wilman Kala,Helsinki,Finland,Pâté chinois,0,Meat/Poultry,24.0,5,0.0
10616,1997-07-31,1997-08-28,1997-08-05,116.53,USA,OR,GREAL,Great Lakes Food Market,Eugene,USA,Côte de Blaye,0,Beverages,263.5,15,0.05
10616,1997-07-31,1997-08-28,1997-08-05,116.53,USA,OR,GREAL,Great Lakes Food Market,Eugene,USA,Gnocchi di nonna Alice,0,Grains/Cereals,38.0,14,0.0
10616,1997-07-31,1997-08-28,1997-08-05,116.53,USA,OR,GREAL,Great Lakes Food Market,Eugene,USA,Outback Lager,0,Beverages,15.0,15,0.05
10616,1997-07-31,1997-08-28,1997-08-05,116.53,USA,OR,GREAL,Great Lakes Food Market,Eugene,USA,Flotemysost,0,Dairy Products,21.5,15,0.05
10617,1997-07-31,1997-08-28,1997-08-04,18.53,USA,OR,GREAL,Great Lakes Food Market,Eugene,USA,Raclette Courdavault,0,Dairy Products,55.0,30,0.15
10618,1997-08-01,1997-09-12,1997-08-08,154.68,Canada,Québec,MEREP,Mère Paillarde,Montréal,Canada,Grandma's Boysenberry Spread,0,Condiments,25.0,70,0.0
10618,1997-08-01,1997-09-12,1997-08-08,154.68,Canada,Québec,MEREP,Mère Paillarde,Montréal,Canada,Gnocchi di nonna Alice,0,Grains/Cereals,38.0,20,0.0
10618,1997-08-01,1997-09-12,1997-08-08,154.68,Canada,Québec,MEREP,Mère Paillarde,Montréal,Canada,Scottish Longbreads,0,Confections,12.5,15,0.0
10619,1997-08-04,1997-09-01,1997-08-07,91.05,Canada,Québec,MEREP,Mère Paillarde,Montréal,Canada,Sir Rodney's Scones,0,Confections,10.0,42,0.0
10619,1997-08-04,1997-09-01,1997-08-07,91.05,Canada,Québec,MEREP,Mère Paillarde,Montréal,Canada,Gustaf's Knäckebröd,0,Grains/Cereals,21.0,40,0.0
10620,1997-08-05,1997-09-02,1997-08-14,0.94,Canada,BC,LAUGB,Laughing Bacchus Wine Cellars,Vancouver,Canada,Guaraná Fantástica,1,Beverages,4.5,5,0.0
10620,1997-08-05,1997-09-02,1997-08-14,0.94,Canada,BC,LAUGB,Laughing Bacchus Wine Cellars,Vancouver,Canada,Filo Mix,0,Grains/Cereals,7.0,5,0.0
10621,1997-08-05,1997-09-02,1997-08-11,23.73,UK,Isle of Wight,ISLAT,Island Trading,Cowes,UK,Teatime Chocolate Biscuits,0,Confections,9.2,5,0.0
10621,1997-08-05,1997-09-02,1997-08-11,23.73,UK,Isle of Wight,ISLAT,Island Trading,Cowes,UK,Tunnbröd,0,Grains/Cereals,9.0,10,0.0
10621,1997-08-05,1997-09-02,1997-08-11,23.73,UK,Isle of Wight,ISLAT,Island Trading,Cowes,UK,Outback Lager,0,Beverages,15.0,20,0.0
10621,1997-08-05,1997-09-02,1997-08-11,23.73,UK,Isle of Wight,ISLAT,Island Trading,Cowes,UK,Flotemysost,0,Dairy Products,21.5,15,0.0
10622,1997-08-06,1997-09-03,1997-08-11,50.97,Brazil,RJ,RICAR,Ricardo Adocicados,Rio de Janeiro,Brazil,Chang,1,Beverages,19.0,20,0.0
10622,1997-08-06,1997-09-03,1997-08-11,50.97,Brazil,RJ,RICAR,Ricardo Adocicados,Rio de Janeiro,Brazil,Scottish Longbreads,0,Confections,12.5,18,0.2
10623,1997-08-07,1997-09-04,1997-08-12,97.18,Germany,,FRANK,Frankenversand,München,Germany,Tofu,0,Produce,23.25,21,0.0
10623,1997-08-07,1997-09-04,1997-08-12,97.18,Germany,,FRANK,Frankenversand,München,Germany,Teatime Chocolate Biscuits,0,Confections,9.2,15,0.1
10623,1997-08-07,1997-09-04,1997-08-12,97.18,Germany,,FRANK,Frankenversand,München,Germany,Sir Rodney's Scones,0,Confections,10.0,25,0.1
10623,1997-08-07,1997-09-04,1997-08-12,97.18,Germany,,FRANK,Frankenversand,München,Germany,Guaraná Fantástica,1,Beverages,4.5,3,0.0
10623,1997-08-07,1997-09-04,1997-08-12,97.18,Germany,,FRANK,Frankenversand,München,Germany,Steeleye Stout,0,Beverages,18.0,30,0.1
10624,1997-08-07,1997-09-04,1997-08-19,94.8,USA,MT,THECR,The Cracker Box,Butte,USA,Rössle Sauerkraut,1,Produce,45.6,10,0.0
10624,1997-08-07,1997-09-04,1997-08-19,94.8,USA,MT,THECR,The Cracker Box,Butte,USA,Thüringer Rostbratwurst,1,Meat/Poultry,123.79,6,0.0
10624,1997-08-07,1997-09-04,1997-08-19,94.8,USA,MT,THECR,The Cracker Box,Butte,USA,Gula Malacca,0,Condiments,19.45,10,0.0
10625,1997-08-08,1997-09-05,1997-08-14,43.9,Mexico,,ANATR,Ana Trujillo Emparedados y helados,México D.F.,Mexico,Tofu,0,Produce,23.25,3,0.0
10625,1997-08-08,1997-09-05,1997-08-14,43.9,Mexico,,ANATR,Ana Trujillo Emparedados y helados,México D.F.,Mexico,Singaporean Hokkien Fried Mee,1,Grains/Cereals,14.0,5,0.0
10625,1997-08-08,1997-09-05,1997-08-14,43.9,Mexico,,ANATR,Ana Trujillo Emparedados y helados,México D.F.,Mexico,Camembert Pierrot,0,Dairy Products,34.0,10,0.0
10626,1997-08-11,1997-09-08,1997-08-20,138.69,Sweden,,BERGS,Berglunds snabbköp,Luleå,Sweden,Perth Pasties,1,Meat/Poultry,32.8,12,0.0
10626,1997-08-11,1997-09-08,1997-08-20,138.69,Sweden,,BERGS,Berglunds snabbköp,Luleå,Sweden,Camembert Pierrot,0,Dairy Products,34.0,20,0.0
10626,1997-08-11,1997-09-08,1997-08-20,138.69,Sweden,,BERGS,Berglunds snabbköp,Luleå,Sweden,Flotemysost,0,Dairy Products,21.5,20,0.0
10627,1997-08-11,1997-09-22,1997-08-21,107.46,USA,ID,SAVEA,Save-a-lot Markets,Boise,USA,Tarte au sucre,0,Confections,49.3,15,0.0
10627,1997-08-11,1997-09-22,1997-08-21,107.46,USA,ID,SAVEA,Save-a-lot Markets,Boise,USA,Röd Kaviar,0,Seafood,15.0,35,0.15
10628,1997-08-12,1997-09-09,1997-08-20,30.36,France,,BLONP,Blondesddsl père et fils,Strasbourg,France,Chai,1,Beverages,18.0,25,0.0
10629,1997-08-12,1997-09-09,1997-08-20,85.46,Spain,,GODOS,Godos Cocina Típica,Sevilla,Spain,Thüringer Rostbratwurst,1,Meat/Poultry,123.79,20,0.0
10629,1997-08-12,1997-09-09,1997-08-20,85.46,Spain,,GODOS,Godos Cocina Típica,Sevilla,Spain,Wimmers gute Semmelknödel,0,Grains/Cereals,33.25,9,0.0
10630,1997-08-13,1997-09-10,1997-08-19,32.35,Germany,,KOENE,Königlich Essen,Brandenburg,Germany,Pâté chinois,0,Meat/Poultry,24.0,12,0.05
10630,1997-08-13,1997-09-10,1997-08-19,32.35,Germany,,KOENE,Königlich Essen,Brandenburg,Germany,Lakkalikööri,0,Beverages,18.0,35,0.0
10631,1997-08-14,1997-09-11,1997-08-15,0.87,France,,LAMAI,La maison d'Asie,Toulouse,France,Rhönbräu Klosterbier,0,Beverages,7.75,8,0.1
10632,1997-08-14,1997-09-11,1997-08-19,41.38,Germany,,WANDK,Die Wandernde Kuh,Stuttgart,Germany,Chang,1,Beverages,19.0,30,0.05
10632,1997-08-14,1997-09-11,1997-08-19,41.38,Germany,,WANDK,Die Wandernde Kuh,Stuttgart,Germany,Geitost,0,Dairy Products,2.5,20,0.05
10633,1997-08-15,1997-09-12,1997-08-18,477.9,Austria,,ERNSH,Ernst Handel,Graz,Austria,Queso Manchego La Pastora,0,Dairy Products,38.0,36,0.15
10633,1997-08-15,1997-09-12,1997-08-18,477.9,Austria,,ERNSH,Ernst Handel,Graz,Austria,Konbu,0,Seafood,6.0,13,0.15
10633,1997-08-15,1997-09-12,1997-08-18,477.9,Austria,,ERNSH,Ernst Handel,Graz,Austria,Gumbär Gummibärchen,0,Confections,31.23,35,0.15
10633,1997-08-15,1997-09-12,1997-08-18,477.9,Austria,,ERNSH,Ernst Handel,Graz,Austria,Tarte au sucre,0,Confections,49.3,80,0.15
10634,1997-08-15,1997-09-12,1997-08-21,487.38,France,,FOLIG,Folies gourmandes,Lille,France,Uncle Bob's Organic Dried Pears,0,Produce,30.0,35,0.0
10634,1997-08-15,1997-09-12,1997-08-21,487.38,France,,FOLIG,Folies gourmandes,Lille,France,Carnarvon Tigers,0,Seafood,62.5,50,0.0
10634,1997-08-15,1997-09-12,1997-08-21,487.38,France,,FOLIG,Folies gourmandes,Lille,France,Manjimup Dried Apples,0,Produce,53.0,15,0.0
10634,1997-08-15,1997-09-12,1997-08-21,487.38,France,,FOLIG,Folies gourmandes,Lille,France,Rhönbräu Klosterbier,0,Beverages,7.75,2,0.0
10635,1997-08-18,1997-09-15,1997-08-21,47.46,Italy,,MAGAA,Magazzini Alimentari Riuniti,Bergamo,Italy,Chef Anton's Cajun Seasoning,0,Condiments,22.0,10,0.1
10635,1997-08-18,1997-09-15,1997-08-21,47.46,Italy,,MAGAA,Magazzini Alimentari Riuniti,Bergamo,Italy,Chef Anton's Gumbo Mix,1,Condiments,21.35,15,0.1
10635,1997-08-18,1997-09-15,1997-08-21,47.46,Italy,,MAGAA,Magazzini Alimentari Riuniti,Bergamo,Italy,Gustaf's Knäckebröd,0,Grains/Cereals,21.0,40,0.0
10636,1997-08-19,1997-09-16,1997-08-26,1.15,Finland,,WARTH,Wartian Herkku,Oulu,Finland,Chef Anton's Cajun Seasoning,0,Condiments,22.0,25,0.0
10636,1997-08-19,1997-09-16,1997-08-26,1.15,Finland,,WARTH,Wartian Herkku,Oulu,Finland,Escargots de Bourgogne,0,Seafood,13.25,6,0.0
10637,1997-08-19,1997-09-16,1997-08-26,201.29,Brazil,SP,QUEEN,Queen Cozinha,Sao Paulo,Brazil,Queso Cabrales,0,Dairy Products,21.0,10,0.0
10637,1997-08-19,1997-09-16,1997-08-26,201.29,Brazil,SP,QUEEN,Queen Cozinha,Sao Paulo,Brazil,Valkoinen suklaa,0,Confections,16.25,25,0.05
10637,1997-08-19,1997-09-16,1997-08-26,201.29,Brazil,SP,QUEEN,Queen Cozinha,Sao Paulo,Brazil,Gnocchi di nonna Alice,0,Grains/Cereals,38.0,60,0.05
10638,1997-08-20,1997-09-17,1997-09-01,158.44,Venezuela,Nueva Esparta,LINOD,LINO-Delicateses,I. de Margarita,Venezuela,Rogede sild,0,Seafood,9.5,20,0.0
10638,1997-08-20,1997-09-17,1997-09-01,158.44,Venezuela,Nueva Esparta,LINOD,LINO-Delicateses,I. de Margarita,Venezuela,Louisiana Fiery Hot Pepper Sauce,0,Condiments,21.05,21,0.0
10638,1997-08-20,1997-09-17,1997-09-01,158.44,Venezuela,Nueva Esparta,LINOD,LINO-Delicateses,I. de Margarita,Venezuela,Mozzarella di Giovanni,0,Dairy Products,34.8,60,0.0
10639,1997-08-20,1997-09-17,1997-08-27,38.64,Norway,,SANTG,Santé Gourmet,Stavern,Norway,Carnarvon Tigers,0,Seafood,62.5,8,0.0
10640,1997-08-21,1997-09-18,1997-08-28,23.55,Germany,,WANDK,Die Wandernde Kuh,Stuttgart,Germany,Gudbrandsdalsost,0,Dairy Products,36.0,20,0.25
10640,1997-08-21,1997-09-18,1997-08-28,23.55,Germany,,WANDK,Die Wandernde Kuh,Stuttgart,Germany,Outback Lager,0,Beverages,15.0,15,0.25
10641,1997-08-22,1997-09-19,1997-08-26,179.61,Venezuela,Táchira,HILAA,HILARION-Abastos,San Cristóbal,Venezuela,Chang,1,Beverages,19.0,50,0.0
10641,1997-08-22,1997-09-19,1997-08-26,179.61,Venezuela,Táchira,HILAA,HILARION-Abastos,San Cristóbal,Venezuela,Boston Crab Meat,0,Seafood,18.4,60,0.0
10642,1997-08-22,1997-09-19,1997-09-05,41.89,Denmark,,SIMOB,Simons bistro,Kobenhavn,Denmark,Sir Rodney's Scones,0,Confections,10.0,30,0.2
10642,1997-08-22,1997-09-19,1997-09-05,41.89,Denmark,,SIMOB,Simons bistro,Kobenhavn,Denmark,Sirop d'érable,0,Condiments,28.5,20,0.2
10643,1997-08-25,1997-09-22,1997-09-02,29.46,Germany,,ALFKI,Alfreds Futterkiste,Berlin,Germany,Rössle Sauerkraut,1,Produce,45.6,15,0.25
10643,1997-08-25,1997-09-22,1997-09-02,29.46,Germany,,ALFKI,Alfreds Futterkiste,Berlin,Germany,Chartreuse verte,0,Beverages,18.0,21,0.25
10643,1997-08-25,1997-09-22,1997-09-02,29.46,Germany,,ALFKI,Alfreds Futterkiste,Berlin,Germany,Spegesild,0,Seafood,12.0,2,0.25
10644,1997-08-25,1997-09-22,1997-09-01,0.14,Brazil,SP,WELLI,Wellington Importadora,Resende,Brazil,Carnarvon Tigers,0,Seafood,62.5,4,0.1
10644,1997-08-25,1997-09-22,1997-09-01,0.14,Brazil,SP,WELLI,Wellington Importadora,Resende,Brazil,Ipoh Coffee,0,Beverages,46.0,20,0.0
10644,1997-08-25,1997-09-22,1997-09-01,0.14,Brazil,SP,WELLI,Wellington Importadora,Resende,Brazil,Spegesild,0,Seafood,12.0,21,0.1
10645,1997-08-26,1997-09-23,1997-09-02,12.41,Brazil,RJ,HANAR,Hanari Carnes,Rio de Janeiro,Brazil,Carnarvon Tigers,0,Seafood,62.5,20,0.0
10645,1997-08-26,1997-09-23,1997-09-02,12.41,Brazil,RJ,HANAR,Hanari Carnes,Rio de Janeiro,Brazil,Inlagd Sill,0,Seafood,19.0,15,0.0
10646,1997-08-27,1997-10-08,1997-09-03,142.33,Ireland,Co. Cork,HUNGO,Hungry Owl All-Night Grocers,Cork,Ireland,Chai,1,Beverages,18.0,15,0.25
10646,1997-08-27,1997-10-08,1997-09-03,142.33,Ireland,Co. Cork,HUNGO,Hungry Owl All-Night Grocers,Cork,Ireland,Ikura,0,Seafood,31.0,18,0.25
10646,1997-08-27,1997-10-08,1997-09-03,142.33,Ireland,Co. Cork,HUNGO,Hungry Owl All-Night Grocers,Cork,Ireland,Flotemysost,0,Dairy Products,21.5,30,0.25
10646,1997-08-27,1997-10-08,1997-09-03,142.33,Ireland,Co. Cork,HUNGO,Hungry Owl All-Night Grocers,Cork,Ireland,Original Frankfurter grüne Soße,0,Condiments,13.0,35,0.25
10647,1997-08-27,1997-09-10,1997-09-03,45.54,Brazil,RJ,QUEDE,Que Delícia,Rio de Janeiro,Brazil,Teatime Chocolate Biscuits,0,Confections,9.2,30,0.0
10647,1997-08-27,1997-09-10,1997-09-03,45.54,Brazil,RJ,QUEDE,Que Delícia,Rio de Janeiro,Brazil,Chartreuse verte,0,Beverages,18.0,20,0.0
10648,1997-08-28,1997-10-09,1997-09-09,14.25,Brazil,RJ,RICAR,Ricardo Adocicados,Rio de Janeiro,Brazil,Gustaf's Knäckebröd,0,Grains/Cereals,21.0,15,0.0
10648,1997-08-28,1997-10-09,1997-09-09,14.25,Brazil,RJ,RICAR,Ricardo Adocicados,Rio de Janeiro,Brazil,Guaraná Fantástica,1,Beverages,4.5,15,0.15
10649,1997-08-28,1997-09-25,1997-08-29,6.2,Belgium,,MAISD,Maison Dewey,Bruxelles,Belgium,Rössle Sauerkraut,1,Produce,45.6,20,0.0
10649,1997-08-28,1997-09-25,1997-08-29,6.2,Belgium,,MAISD,Maison Dewey,Bruxelles,Belgium,Mozzarella di Giovanni,0,Dairy Products,34.8,15,0.0
10650,1997-08-29,1997-09-26,1997-09-03,176.81,Brazil,SP,FAMIA,Familia Arquibaldo,Sao Paulo,Brazil,Nord-Ost Matjeshering,0,Seafood,25.89,30,0.0
10650,1997-08-29,1997-09-26,1997-09-03,176.81,Brazil,SP,FAMIA,Familia Arquibaldo,Sao Paulo,Brazil,Perth Pasties,1,Meat/Poultry,32.8,25,0.05
10650,1997-08-29,1997-09-26,1997-09-03,176.81,Brazil,SP,FAMIA,Familia Arquibaldo,Sao Paulo,Brazil,Tourtière,0,Meat/Poultry,7.45,30,0.0
10651,1997-09-01,1997-09-29,1997-09-11,20.6,Germany,,WANDK,Die Wandernde Kuh,Stuttgart,Germany,Teatime Chocolate Biscuits,0,Confections,9.2,12,0.25
10651,1997-09-01,1997-09-29,1997-09-11,20.6,Germany,,WANDK,Die Wandernde Kuh,Stuttgart,Germany,Gustaf's Knäckebröd,0,Grains/Cereals,21.0,20,0.25
10652,1997-09-01,1997-09-29,1997-09-08,7.14,Brazil,SP,GOURL,Gourmet Lanchonetes,Campinas,Brazil,Nord-Ost Matjeshering,0,Seafood,25.89,2,0.25
10652,1997-09-01,1997-09-29,1997-09-08,7.14,Brazil,SP,GOURL,Gourmet Lanchonetes,Campinas,Brazil,Singaporean Hokkien Fried Mee,1,Grains/Cereals,14.0,20,0.0
10653,1997-09-02,1997-09-30,1997-09-19,93.25,Germany,,FRANK,Frankenversand,München,Germany,Pavlova,0,Confections,17.45,30,0.1
10653,1997-09-02,1997-09-30,1997-09-19,93.25,Germany,,FRANK,Frankenversand,München,Germany,Camembert Pierrot,0,Dairy Products,34.0,20,0.1
10654,1997-09-02,1997-09-30,1997-09-11,55.26,Sweden,,BERGS,Berglunds snabbköp,Luleå,Sweden,Chef Anton's Cajun Seasoning,0,Condiments,22.0,12,0.1
10654,1997-09-02,1997-09-30,1997-09-11,55.26,Sweden,,BERGS,Berglunds snabbköp,Luleå,Sweden,Chartreuse verte,0,Beverages,18.0,20,0.1
10654,1997-09-02,1997-09-30,1997-09-11,55.26,Sweden,,BERGS,Berglunds snabbköp,Luleå,Sweden,Tourtière,0,Meat/Poultry,7.45,6,0.1
10655,1997-09-03,1997-10-01,1997-09-11,4.41,Italy,,REGGC,Reggiani Caseifici,Reggio Emilia,Italy,Jack's New England Clam Chowder,0,Seafood,9.65,20,0.2
10656,1997-09-04,1997-10-02,1997-09-10,57.15,USA,OR,GREAL,Great Lakes Food Market,Eugene,USA,Tofu,0,Produce,23.25,3,0.1
10656,1997-09-04,1997-10-02,1997-09-10,57.15,USA,OR,GREAL,Great Lakes Food Market,Eugene,USA,Gula Malacca,0,Condiments,19.45,28,0.1
10656,1997-09-04,1997-10-02,1997-09-10,57.15,USA,OR,GREAL,Great Lakes Food Market,Eugene,USA,Zaanse koeken,0,Confections,9.5,6,0.1
10657,1997-09-04,1997-10-02,1997-09-15,352.69,USA,ID,SAVEA,Save-a-lot Markets,Boise,USA,Genen Shouyu,0,Condiments,15.5,50,0.0
10657,1997-09-04,1997-10-02,1997-09-15,352.69,USA,ID,SAVEA,Save-a-lot Markets,Boise,USA,Jack's New England Clam Chowder,0,Seafood,9.65,24,0.0
10657,1997-09-04,1997-10-02,1997-09-15,352.69,USA,ID,SAVEA,Save-a-lot Markets,Boise,USA,Spegesild,0,Seafood,12.0,45,0.0
10657,1997-09-04,1997-10-02,1997-09-15,352.69,USA,ID,SAVEA,Save-a-lot Markets,Boise,USA,Zaanse koeken,0,Confections,9.5,10,0.0
10657,1997-09-04,1997-10-02,1997-09-15,352.69,USA,ID,SAVEA,Save-a-lot Markets,Boise,USA,Gnocchi di nonna Alice,0,Grains/Cereals,38.0,45,0.0
10657,1997-09-04,1997-10-02,1997-09-15,352.69,USA,ID,SAVEA,Save-a-lot Markets,Boise,USA,Camembert Pierrot,0,Dairy Products,34.0,30,0.0
10658,1997-09-05,1997-10-03,1997-09-08,364.15,Germany,,QUICK,QUICK-Stop,Cunewalde,Germany,Sir Rodney's Scones,0,Confections,10.0,60,0.0
10658,1997-09-05,1997-10-03,1997-09-08,364.15,Germany,,QUICK,QUICK-Stop,Cunewalde,Germany,Boston Crab Meat,0,Seafood,18.4,70,0.05
10658,1997-09-05,1997-10-03,1997-09-08,364.15,Germany,,QUICK,QUICK-Stop,Cunewalde,Germany,Camembert Pierrot,0,Dairy Products,34.0,55,0.05
10658,1997-09-05,1997-10-03,1997-09-08,364.15,Germany,,QUICK,QUICK-Stop,Cunewalde,Germany,Original Frankfurter grüne Soße,0,Condiments,13.0,70,0.05
10659,1997-09-05,1997-10-03,1997-09-10,105.81,Brazil,SP,QUEEN,Queen Cozinha,Sao Paulo,Brazil,Gorgonzola Telino,0,Dairy Products,12.5,20,0.05
10659,1997-09-05,1997-10-03,1997-09-10,105.81,Brazil,SP,QUEEN,Queen Cozinha,Sao Paulo,Brazil,Boston Crab Meat,0,Seafood,18.4,24,0.05
10659,1997-09-05,1997-10-03,1997-09-10,105.81,Brazil,SP,QUEEN,Queen Cozinha,Sao Paulo,Brazil,Outback Lager,0,Beverages,15.0,40,0.05
10660,1997-09-08,1997-10-06,1997-10-15,111.29,USA,OR,HUNGC,Hungry Coyote Import Store,Elgin,USA,Sir Rodney's Marmalade,0,Confections,81.0,21,0.0
10661,1997-09-09,1997-10-07,1997-09-15,17.55,Ireland,Co. Cork,HUNGO,Hungry Owl All-Night Grocers,Cork,Ireland,Chartreuse verte,0,Beverages,18.0,3,0.2
10661,1997-09-09,1997-10-07,1997-09-15,17.55,Ireland,Co. Cork,HUNGO,Hungry Owl All-Night Grocers,Cork,Ireland,Escargots de Bourgogne,0,Seafood,13.25,49,0.2
10662,1997-09-09,1997-10-07,1997-09-18,1.28,USA,OR,LONEP,Lonesome Pine Restaurant,Portland,USA,Scottish Longbreads,0,Confections,12.5,10,0.0
10663,1997-09-10,1997-09-24,1997-10-03,113.15,France,,BONAP,Bon app',Marseille,France,Boston Crab Meat,0,Seafood,18.4,30,0.05
10663,1997-09-10,1997-09-24,1997-10-03,113.15,France,,BONAP,Bon app',Marseille,France,Singaporean Hokkien Fried Mee,1,Grains/Cereals,14.0,30,0.05
10663,1997-09-10,1997-09-24,1997-10-03,113.15,France,,BONAP,Bon app',Marseille,France,Manjimup Dried Apples,0,Produce,53.0,20,0.05
10664,1997-09-10,1997-10-08,1997-09-19,1.27,Portugal,,FURIB,Furia Bacalhau e Frutos do Mar,Lisboa,Portugal,Ikura,0,Seafood,31.0,24,0.15
10664,1997-09-10,1997-10-08,1997-09-19,1.27,Portugal,,FURIB,Furia Bacalhau e Frutos do Mar,Lisboa,Portugal,Gnocchi di nonna Alice,0,Grains/Cereals,38.0,12,0.15
10664,1997-09-10,1997-10-08,1997-09-19,1.27,Portugal,,FURIB,Furia Bacalhau e Frutos do Mar,Lisboa,Portugal,Louisiana Fiery Hot Pepper Sauce,0,Condiments,21.05,15,0.15
10665,1997-09-11,1997-10-09,1997-09-17,26.31,USA,OR,LONEP,Lonesome Pine Restaurant,Portland,USA,Manjimup Dried Apples,0,Produce,53.0,20,0.0
10665,1997-09-11,1997-10-09,1997-09-17,26.31,USA,OR,LONEP,Lonesome Pine Restaurant,Portland,USA,Raclette Courdavault,0,Dairy Products,55.0,1,0.0
10665,1997-09-11,1997-10-09,1997-09-17,26.31,USA,OR,LONEP,Lonesome Pine Restaurant,Portland,USA,Lakkalikööri,0,Beverages,18.0,10,0.0
10666,1997-09-12,1997-10-10,1997-09-22,232.42,Switzerland,,RICSU,Richter Supermarkt,Genève,Switzerland,Thüringer Rostbratwurst,1,Meat/Poultry,123.79,36,0.0
10666,1997-09-12,1997-10-10,1997-09-22,232.42,Switzerland,,RICSU,Richter Supermarkt,Genève,Switzerland,Louisiana Fiery Hot Pepper Sauce,0,Condiments,21.05,10,0.0
10667,1997-09-12,1997-10-10,1997-09-19,78.09,Austria,,ERNSH,Ernst Handel,Graz,Austria,Gudbrandsdalsost,0,Dairy Products,36.0,45,0.2
10667,1997-09-12,1997-10-10,1997-09-19,78.09,Austria,,ERNSH,Ernst Handel,Graz,Austria,Flotemysost,0,Dairy Products,21.5,14,0.2
10668,1997-09-15,1997-10-13,1997-09-23,47.22,Germany,,WANDK,Die Wandernde Kuh,Stuttgart,Germany,Gorgonzola Telino,0,Dairy Products,12.5,8,0.1
10668,1997-09-15,1997-10-13,1997-09-23,47.22,Germany,,WANDK,Die Wandernde Kuh,Stuttgart,Germany,Pâté chinois,0,Meat/Poultry,24.0,4,0.1
10668,1997-09-15,1997-10-13,1997-09-23,47.22,Germany,,WANDK,Die Wandernde Kuh,Stuttgart,Germany,Wimmers gute Semmelknödel,0,Grains/Cereals,33.25,15,0.1
10669,1997-09-15,1997-10-13,1997-09-22,24.39,Denmark,,SIMOB,Simons bistro,Kobenhavn,Denmark,Inlagd Sill,0,Seafood,19.0,30,0.0
10670,1997-09-16,1997-10-14,1997-09-18,203.48,Germany,,FRANK,Frankenversand,München,Germany,Tunnbröd,0,Grains/Cereals,9.0,32,0.0
10670,1997-09-16,1997-10-14,1997-09-18,203.48,Germany,,FRANK,Frankenversand,München,Germany,Spegesild,0,Seafood,12.0,60,0.0
10670,1997-09-16,1997-10-14,1997-09-18,203.48,Germany,,FRANK,Frankenversand,München,Germany,Laughing Lumberjack Lager,0,Beverages,14.0,25,0.0
10670,1997-09-16,1997-10-14,1997-09-18,203.48,Germany,,FRANK,Frankenversand,München,Germany,Röd Kaviar,0,Seafood,15.0,50,0.0
10670,1997-09-16,1997-10-14,1997-09-18,203.48,Germany,,FRANK,Frankenversand,München,Germany,Rhönbräu Klosterbier,0,Beverages,7.75,25,0.0
10671,1997-09-17,1997-10-15,1997-09-24,30.34,France,,FRANR,France restauration,Nantes,France,Pavlova,0,Confections,17.45,10,0.0
10671,1997-09-17,1997-10-15,1997-09-24,30.34,France,,FRANR,France restauration,Nantes,France,Tarte au sucre,0,Confections,49.3,10,0.0
10671,1997-09-17,1997-10-15,1997-09-24,30.34,France,,FRANR,France restauration,Nantes,France,Louisiana Fiery Hot Pepper Sauce,0,Condiments,21.05,12,0.0
10672,1997-09-17,1997-10-01,1997-09-26,95.75,Sweden,,BERGS,Berglunds snabbköp,Luleå,Sweden,Côte de Blaye,0,Beverages,263.5,15,0.1
10672,1997-09-17,1997-10-01,1997-09-26,95.75,Sweden,,BERGS,Berglunds snabbköp,Luleå,Sweden,Flotemysost,0,Dairy Products,21.5,12,0.0
10673,1997-09-18,1997-10-16,1997-09-19,22.76,Finland,,WILMK,Wilman Kala,Helsinki,Finland,Pavlova,0,Confections,17.45,3,0.0
10673,1997-09-18,1997-10-16,1997-09-19,22.76,Finland,,WILMK,Wilman Kala,Helsinki,Finland,Singaporean Hokkien Fried Mee,1,Grains/Cereals,14.0,6,0.0
10673,1997-09-18,1997-10-16,1997-09-19,22.76,Finland,,WILMK,Wilman Kala,Helsinki,Finland,Ipoh Coffee,0,Beverages,46.0,6,0.0
10674,1997-09-18,1997-10-16,1997-09-30,0.9,UK,Isle of Wight,ISLAT,Island Trading,Cowes,UK,Tunnbröd,0,Grains/Cereals,9.0,5,0.0
10675,1997-09-19,1997-10-17,1997-09-23,31.85,Germany,,FRANK,Frankenversand,München,Germany,Tofu,0,Produce,23.25,30,0.0
10675,1997-09-19,1997-10-17,1997-09-23,31.85,Germany,,FRANK,Frankenversand,München,Germany,Perth Pasties,1,Meat/Poultry,32.8,10,0.0
10675,1997-09-19,1997-10-17,1997-09-23,31.85,Germany,,FRANK,Frankenversand,München,Germany,Escargots de Bourgogne,0,Seafood,13.25,30,0.0
10676,1997-09-22,1997-10-20,1997-09-29,2.01,Mexico,,TORTU,Tortuga Restaurante,México D.F.,Mexico,Ikura,0,Seafood,31.0,2,0.0
10676,1997-09-22,1997-10-20,1997-09-29,2.01,Mexico,,TORTU,Tortuga Restaurante,México D.F.,Mexico,Teatime Chocolate Biscuits,0,Confections,9.2,7,0.0
10676,1997-09-22,1997-10-20,1997-09-29,2.01,Mexico,,TORTU,Tortuga Restaurante,México D.F.,Mexico,Gula Malacca,0,Condiments,19.45,21,0.0
10677,1997-09-22,1997-10-20,1997-09-26,4.03,Mexico,,ANTON,Antonio Moreno Taquería,México D.F.,Mexico,Gumbär Gummibärchen,0,Confections,31.23,30,0.15
10677,1997-09-22,1997-10-20,1997-09-26,4.03,Mexico,,ANTON,Antonio Moreno Taquería,México D.F.,Mexico,Geitost,0,Dairy Products,2.5,8,0.15
10678,1997-09-23,1997-10-21,1997-10-16,388.98,USA,ID,SAVEA,Save-a-lot Markets,Boise,USA,Queso Manchego La Pastora,0,Dairy Products,38.0,100,0.0
10678,1997-09-23,1997-10-21,1997-10-16,388.98,USA,ID,SAVEA,Save-a-lot Markets,Boise,USA,Geitost,0,Dairy Products,2.5,30,0.0
10678,1997-09-23,1997-10-21,1997-10-16,388.98,USA,ID,SAVEA,Save-a-lot Markets,Boise,USA,Jack's New England Clam Chowder,0,Seafood,9.65,120,0.0
10678,1997-09-23,1997-10-21,1997-10-16,388.98,USA,ID,SAVEA,Save-a-lot Markets,Boise,USA,Tourtière,0,Meat/Poultry,7.45,30,0.0
10679,1997-09-23,1997-10-21,1997-09-30,27.94,France,,BLONP,Blondesddsl père et fils,Strasbourg,France,Raclette Courdavault,0,Dairy Products,55.0,12,0.0
10680,1997-09-24,1997-10-22,1997-09-26,26.61,USA,AK,OLDWO,Old World Delicatessen,Anchorage,USA,Pavlova,0,Confections,17.45,50,0.25
10680,1997-09-24,1997-10-22,1997-09-26,26.61,USA,AK,OLDWO,Old World Delicatessen,Anchorage,USA,Gorgonzola Telino,0,Dairy Products,12.5,20,0.25
10680,1997-09-24,1997-10-22,1997-09-26,26.61,USA,AK,OLDWO,Old World Delicatessen,Anchorage,USA,Singaporean Hokkien Fried Mee,1,Grains/Cereals,14.0,40,0.25
10681,1997-09-25,1997-10-23,1997-09-30,76.13,USA,OR,GREAL,Great Lakes Food Market,Eugene,USA,Teatime Chocolate Biscuits,0,Confections,9.2,30,0.1
10681,1997-09-25,1997-10-23,1997-09-30,76.13,USA,OR,GREAL,Great Lakes Food Market,Eugene,USA,Sir Rodney's Scones,0,Confections,10.0,12,0.1
10681,1997-09-25,1997-10-23,1997-09-30,76.13,USA,OR,GREAL,Great Lakes Food Market,Eugene,USA,Wimmers gute Semmelknödel,0,Grains/Cereals,33.25,28,0.0
10682,1997-09-25,1997-10-23,1997-10-01,36.13,Mexico,,ANTON,Antonio Moreno Taquería,México D.F.,Mexico,Geitost,0,Dairy Products,2.5,30,0.0
10682,1997-09-25,1997-10-23,1997-10-01,36.13,Mexico,,ANTON,Antonio Moreno Taquería,México D.F.,Mexico,Louisiana Hot Spiced Okra,0,Condiments,17.0,4,0.0
10682,1997-09-25,1997-10-23,1997-10-01,36.13,Mexico,,ANTON,Antonio Moreno Taquería,México D.F.,Mexico,Rhönbräu Klosterbier,0,Beverages,7.75,30,0.0
10683,1997-09-26,1997-10-24,1997-10-01,4.4,France,,DUMON,Du monde entier,Nantes,France,Filo Mix,0,Grains/Cereals,7.0,9,0.0
10684,1997-09-26,1997-10-24,1997-09-30,145.63,Germany,,OTTIK,Ottilies Käseladen,Köln,Germany,Boston Crab Meat,0,Seafood,18.4,20,0.0
10684,1997-09-26,1997-10-24,1997-09-30,145.63,Germany,,OTTIK,Ottilies Käseladen,Köln,Germany,Zaanse koeken,0,Confections,9.5,40,0.0
10684,1997-09-26,1997-10-24,1997-09-30,145.63,Germany,,OTTIK,Ottilies Käseladen,Köln,Germany,Camembert Pierrot,0,Dairy Products,34.0,30,0.0
10685,1997-09-29,1997-10-13,1997-10-03,33.75,Brazil,SP,GOURL,Gourmet Lanchonetes,Campinas,Brazil,Ikura,0,Seafood,31.0,20,0.0
10685,1997-09-29,1997-10-13,1997-10-03,33.75,Brazil,SP,GOURL,Gourmet Lanchonetes,Campinas,Brazil,Jack's New England Clam Chowder,0,Seafood,9.65,4,0.0
10685,1997-09-29,1997-10-13,1997-10-03,33.75,Brazil,SP,GOURL,Gourmet Lanchonetes,Campinas,Brazil,Zaanse koeken,0,Confections,9.5,15,0.0
10686,1997-09-30,1997-10-28,1997-10-08,96.5,Austria,,PICCO,Piccolo und mehr,Salzburg,Austria,Alice Mutton,1,Meat/Poultry,39.0,30,0.2
10686,1997-09-30,1997-10-28,1997-10-08,96.5,Austria,,PICCO,Piccolo und mehr,Salzburg,Austria,Gumbär Gummibärchen,0,Confections,31.23,15,0.0
10687,1997-09-30,1997-10-28,1997-10-30,296.43,Ireland,Co. Cork,HUNGO,Hungry Owl All-Night Grocers,Cork,Ireland,Mishi Kobe Niku,1,Meat/Poultry,97.0,50,0.25
10687,1997-09-30,1997-10-28,1997-10-30,296.43,Ireland,Co. Cork,HUNGO,Hungry Owl All-Night Grocers,Cork,Ireland,Thüringer Rostbratwurst,1,Meat/Poultry,123.79,10,0.0
10687,1997-09-30,1997-10-28,1997-10-30,296.43,Ireland,Co. Cork,HUNGO,Hungry Owl All-Night Grocers,Cork,Ireland,Inlagd Sill,0,Seafood,19.0,6,0.25
10688,1997-10-01,1997-10-15,1997-10-07,299.09,Denmark,,VAFFE,Vaffeljernet,Århus,Denmark,Ikura,0,Seafood,31.0,18,0.1
10688,1997-10-01,1997-10-15,1997-10-07,299.09,Denmark,,VAFFE,Vaffeljernet,Århus,Denmark,Rössle Sauerkraut,1,Produce,45.6,60,0.1
10688,1997-10-01,1997-10-15,1997-10-07,299.09,Denmark,,VAFFE,Vaffeljernet,Århus,Denmark,Sasquatch Ale,0,Beverages,14.0,14,0.0
10689,1997-10-01,1997-10-29,1997-10-07,13.42,Sweden,,BERGS,Berglunds snabbköp,Luleå,Sweden,Chai,1,Beverages,18.0,35,0.25
10690,1997-10-02,1997-10-30,1997-10-03,15.8,Brazil,RJ,HANAR,Hanari Carnes,Rio de Janeiro,Brazil,Gnocchi di nonna Alice,0,Grains/Cereals,38.0,20,0.25
10690,1997-10-02,1997-10-30,1997-10-03,15.8,Brazil,RJ,HANAR,Hanari Carnes,Rio de Janeiro,Brazil,Original Frankfurter grüne Soße,0,Condiments,13.0,30,0.25
10691,1997-10-03,1997-11-14,1997-10-22,810.05,Germany,,QUICK,QUICK-Stop,Cunewalde,Germany,Chai,1,Beverages,18.0,30,0.0
10691,1997-10-03,1997-11-14,1997-10-22,810.05,Germany,,QUICK,QUICK-Stop,Cunewalde,Germany,Thüringer Rostbratwurst,1,Meat/Poultry,123.79,40,0.0
10691,1997-10-03,1997-11-14,1997-10-22,810.05,Germany,,QUICK,QUICK-Stop,Cunewalde,Germany,Ipoh Coffee,0,Beverages,46.0,40,0.0
10691,1997-10-03,1997-11-14,1997-10-22,810.05,Germany,,QUICK,QUICK-Stop,Cunewalde,Germany,Gula Malacca,0,Condiments,19.45,24,0.0
10691,1997-10-03,1997-11-14,1997-10-22,810.05,Germany,,QUICK,QUICK-Stop,Cunewalde,Germany,Tarte au sucre,0,Confections,49.3,48,0.0
10692,1997-10-03,1997-10-31,1997-10-13,61.02,Germany,,ALFKI,Alfreds Futterkiste,Berlin,Germany,Vegie-spread,0,Condiments,43.9,20,0.0
10693,1997-10-06,1997-10-20,1997-10-10,139.34,USA,WA,WHITC,White Clover Markets,Seattle,USA,Mishi Kobe Niku,1,Meat/Poultry,97.0,6,0.0
10693,1997-10-06,1997-10-20,1997-10-10,139.34,USA,WA,WHITC,White Clover Markets,Seattle,USA,Tourtière,0,Meat/Poultry,7.45,60,0.15
10693,1997-10-06,1997-10-20,1997-10-10,139.34,USA,WA,WHITC,White Clover Markets,Seattle,USA,Gudbrandsdalsost,0,Dairy Products,36.0,30,0.15
10693,1997-10-06,1997-10-20,1997-10-10,139.34,USA,WA,WHITC,White Clover Markets,Seattle,USA,Röd Kaviar,0,Seafood,15.0,15,0.15
10694,1997-10-06,1997-11-03,1997-10-09,398.36,Germany,,QUICK,QUICK-Stop,Cunewalde,Germany,Uncle Bob's Organic Dried Pears,0,Produce,30.0,90,0.0
10694,1997-10-06,1997-11-03,1997-10-09,398.36,Germany,,QUICK,QUICK-Stop,Cunewalde,Germany,Raclette Courdavault,0,Dairy Products,55.0,25,0.0
10694,1997-10-06,1997-11-03,1997-10-09,398.36,Germany,,QUICK,QUICK-Stop,Cunewalde,Germany,Outback Lager,0,Beverages,15.0,50,0.0
10695,1997-10-07,1997-11-18,1997-10-14,16.72,Finland,,WILMK,Wilman Kala,Helsinki,Finland,Northwoods Cranberry Sauce,0,Condiments,40.0,10,0.0
10695,1997-10-07,1997-11-18,1997-10-14,16.72,Finland,,WILMK,Wilman Kala,Helsinki,Finland,Queso Manchego La Pastora,0,Dairy Products,38.0,4,0.0
10695,1997-10-07,1997-11-18,1997-10-14,16.72,Finland,,WILMK,Wilman Kala,Helsinki,Finland,Guaraná Fantástica,1,Beverages,4.5,20,0.0
10696,1997-10-08,1997-11-19,1997-10-14,102.55,USA,WA,WHITC,White Clover Markets,Seattle,USA,Alice Mutton,1,Meat/Poultry,39.0,20,0.0
10696,1997-10-08,1997-11-19,1997-10-14,102.55,USA,WA,WHITC,White Clover Markets,Seattle,USA,Spegesild,0,Seafood,12.0,18,0.0
10697,1997-10-08,1997-11-05,1997-10-14,45.52,Venezuela,Nueva Esparta,LINOD,LINO-Delicateses,I. de Margarita,Venezuela,Teatime Chocolate Biscuits,0,Confections,9.2,7,0.25
10697,1997-10-08,1997-11-05,1997-10-14,45.52,Venezuela,Nueva Esparta,LINOD,LINO-Delicateses,I. de Margarita,Venezuela,Steeleye Stout,0,Beverages,18.0,9,0.25
10697,1997-10-08,1997-11-05,1997-10-14,45.52,Venezuela,Nueva Esparta,LINOD,LINO-Delicateses,I. de Margarita,Venezuela,Escargots de Bourgogne,0,Seafood,13.25,30,0.25
10697,1997-10-08,1997-11-05,1997-10-14,45.52,Venezuela,Nueva Esparta,LINOD,LINO-Delicateses,I. de Margarita,Venezuela,Outback Lager,0,Beverages,15.0,30,0.25
10698,1997-10-09,1997-11-06,1997-10-17,272.47,Austria,,ERNSH,Ernst Handel,Graz,Austria,Queso Cabrales,0,Dairy Products,21.0,15,0.0
10698,1997-10-09,1997-11-06,1997-10-17,272.47,Austria,,ERNSH,Ernst Handel,Graz,Austria,Alice Mutton,1,Meat/Poultry,39.0,8,0.05
10698,1997-10-09,1997-11-06,1997-10-17,272.47,Austria,,ERNSH,Ernst Handel,Graz,Austria,Thüringer Rostbratwurst,1,Meat/Poultry,123.79,12,0.05
10698,1997-10-09,1997-11-06,1997-10-17,272.47,Austria,,ERNSH,Ernst Handel,Graz,Austria,Louisiana Fiery Hot Pepper Sauce,0,Condiments,21.05,65,0.05
10698,1997-10-09,1997-11-06,1997-10-17,272.47,Austria,,ERNSH,Ernst Handel,Graz,Austria,Outback Lager,0,Beverages,15.0,8,0.05
10699,1997-10-09,1997-11-06,1997-10-13,0.58,Germany,,MORGK,Morgenstern Gesundkost,Leipzig,Germany,Zaanse koeken,0,Confections,9.5,12,0.0
10700,1997-10-10,1997-11-07,1997-10-16,65.1,USA,ID,SAVEA,Save-a-lot Markets,Boise,USA,Chai,1,Beverages,18.0,5,0.2
10700,1997-10-10,1997-11-07,1997-10-16,65.1,USA,ID,SAVEA,Save-a-lot Markets,Boise,USA,Sasquatch Ale,0,Beverages,14.0,12,0.2
10700,1997-10-10,1997-11-07,1997-10-16,65.1,USA,ID,SAVEA,Save-a-lot Markets,Boise,USA,Scottish Longbreads,0,Confections,12.5,40,0.2
10700,1997-10-10,1997-11-07,1997-10-16,65.1,USA,ID,SAVEA,Save-a-lot Markets,Boise,USA,Flotemysost,0,Dairy Products,21.5,60,0.2
10701,1997-10-13,1997-10-27,1997-10-15,220.31,Ireland,Co. Cork,HUNGO,Hungry Owl All-Night Grocers,Cork,Ireland,Raclette Courdavault,0,Dairy Products,55.0,42,0.15
10701,1997-10-13,1997-10-27,1997-10-15,220.31,Ireland,Co. Cork,HUNGO,Hungry Owl All-Night Grocers,Cork,Ireland,Flotemysost,0,Dairy Products,21.5,20,0.15
10701,1997-10-13,1997-10-27,1997-10-15,220.31,Ireland,Co. Cork,HUNGO,Hungry Owl All-Night Grocers,Cork,Ireland,Lakkalikööri,0,Beverages,18.0,35,0.15
10702,1997-10-13,1997-11-24,1997-10-21,23.94,Germany,,ALFKI,Alfreds Futterkiste,Berlin,Germany,Aniseed Syrup,0,Condiments,10.0,6,0.0
10702,1997-10-13,1997-11-24,1997-10-21,23.94,Germany,,ALFKI,Alfreds Futterkiste,Berlin,Germany,Lakkalikööri,0,Beverages,18.0,15,0.0
10703,1997-10-14,1997-11-11,1997-10-20,152.3,Sweden,,FOLKO,Folk och fä HB,Bräcke,Sweden,Chang,1,Beverages,19.0,5,0.0
10703,1997-10-14,1997-11-11,1997-10-20,152.3,Sweden,,FOLKO,Folk och fä HB,Bräcke,Sweden,Raclette Courdavault,0,Dairy Products,55.0,35,0.0
10703,1997-10-14,1997-11-11,1997-10-20,152.3,Sweden,,FOLKO,Folk och fä HB,Bräcke,Sweden,Röd Kaviar,0,Seafood,15.0,35,0.0
10704,1997-10-14,1997-11-11,1997-11-07,4.78,Brazil,SP,QUEEN,Queen Cozinha,Sao Paulo,Brazil,Chef Anton's Cajun Seasoning,0,Condiments,22.0,6,0.0
10704,1997-10-14,1997-11-11,1997-11-07,4.78,Brazil,SP,QUEEN,Queen Cozinha,Sao Paulo,Brazil,Guaraná Fantástica,1,Beverages,4.5,35,0.0
10704,1997-10-14,1997-11-11,1997-11-07,4.78,Brazil,SP,QUEEN,Queen Cozinha,Sao Paulo,Brazil,Chocolade,0,Confections,12.75,24,0.0
10705,1997-10-15,1997-11-12,1997-11-18,3.52,Venezuela,Táchira,HILAA,HILARION-Abastos,San Cristóbal,Venezuela,Gorgonzola Telino,0,Dairy Products,12.5,20,0.0
10705,1997-10-15,1997-11-12,1997-11-18,3.52,Venezuela,Táchira,HILAA,HILARION-Abastos,San Cristóbal,Venezuela,Mascarpone Fabioli,0,Dairy Products,32.0,4,0.0
10706,1997-10-16,1997-11-13,1997-10-21,135.63,USA,AK,OLDWO,Old World Delicatessen,Anchorage,USA,Pavlova,0,Confections,17.45,20,0.0
10706,1997-10-16,1997-11-13,1997-10-21,135.63,USA,AK,OLDWO,Old World Delicatessen,Anchorage,USA,Ipoh Coffee,0,Beverages,46.0,24,0.0
10706,1997-10-16,1997-11-13,1997-10-21,135.63,USA,AK,OLDWO,Old World Delicatessen,Anchorage,USA,Raclette Courdavault,0,Dairy Products,55.0,8,0.0
10707,1997-10-16,1997-10-30,1997-10-23,21.74,UK,Essex,AROUT,Around the Horn,London,UK,Pâté chinois,0,Meat/Poultry,24.0,21,0.0
10707,1997-10-16,1997-10-30,1997-10-23,21.74,UK,Essex,AROUT,Around the Horn,London,UK,Ravioli Angelo,0,Grains/Cereals,19.5,40,0.0
10707,1997-10-16,1997-10-30,1997-10-23,21.74,UK,Essex,AROUT,Around the Horn,London,UK,Outback Lager,0,Beverages,15.0,28,0.15
10708,1997-10-17,1997-11-28,1997-11-05,2.96,USA,OR,THEBI,The Big Cheese,Portland,USA,Chef Anton's Gumbo Mix,1,Condiments,21.35,4,0.0
10708,1997-10-17,1997-11-28,1997-11-05,2.96,USA,OR,THEBI,The Big Cheese,Portland,USA,Inlagd Sill,0,Seafood,19.0,5,0.0
10709,1997-10-17,1997-11-14,1997-11-20,210.8,Brazil,SP,GOURL,Gourmet Lanchonetes,Campinas,Brazil,Northwoods Cranberry Sauce,0,Condiments,40.0,40,0.0
10709,1997-10-17,1997-11-14,1997-11-20,210.8,Brazil,SP,GOURL,Gourmet Lanchonetes,Campinas,Brazil,Manjimup Dried Apples,0,Produce,53.0,28,0.0
10709,1997-10-17,1997-11-14,1997-11-20,210.8,Brazil,SP,GOURL,Gourmet Lanchonetes,Campinas,Brazil,Camembert Pierrot,0,Dairy Products,34.0,10,0.0
10710,1997-10-20,1997-11-17,1997-10-23,4.98,Italy,,FRANS,Franchi S.p.A.,Torino,Italy,Teatime Chocolate Biscuits,0,Confections,9.2,5,0.0
10710,1997-10-20,1997-11-17,1997-10-23,4.98,Italy,,FRANS,Franchi S.p.A.,Torino,Italy,Zaanse koeken,0,Confections,9.5,5,0.0
10711,1997-10-21,1997-12-02,1997-10-29,52.41,USA,ID,SAVEA,Save-a-lot Markets,Boise,USA,Teatime Chocolate Biscuits,0,Confections,9.2,12,0.0
10711,1997-10-21,1997-12-02,1997-10-29,52.41,USA,ID,SAVEA,Save-a-lot Markets,Boise,USA,Jack's New England Clam Chowder,0,Seafood,9.65,42,0.0
10711,1997-10-21,1997-12-02,1997-10-29,52.41,USA,ID,SAVEA,Save-a-lot Markets,Boise,USA,Perth Pasties,1,Meat/Poultry,32.8,120,0.0
10712,1997-10-21,1997-11-18,1997-10-31,89.93,Ireland,Co. Cork,HUNGO,Hungry Owl All-Night Grocers,Cork,Ireland,Perth Pasties,1,Meat/Poultry,32.8,3,0.05
10712,1997-10-21,1997-11-18,1997-10-31,89.93,Ireland,Co. Cork,HUNGO,Hungry Owl All-Night Grocers,Cork,Ireland,Gnocchi di nonna Alice,0,Grains/Cereals,38.0,30,0.0
10713,1997-10-22,1997-11-19,1997-10-24,167.05,USA,ID,SAVEA,Save-a-lot Markets,Boise,USA,Ikura,0,Seafood,31.0,18,0.0
10713,1997-10-22,1997-11-19,1997-10-24,167.05,USA,ID,SAVEA,Save-a-lot Markets,Boise,USA,Gumbär Gummibärchen,0,Confections,31.23,30,0.0
10713,1997-10-22,1997-11-19,1997-10-24,167.05,USA,ID,SAVEA,Save-a-lot Markets,Boise,USA,Rogede sild,0,Seafood,9.5,110,0.0
10713,1997-10-22,1997-11-19,1997-10-24,167.05,USA,ID,SAVEA,Save-a-lot Markets,Boise,USA,Spegesild,0,Seafood,12.0,24,0.0
10714,1997-10-22,1997-11-19,1997-10-27,24.49,USA,ID,SAVEA,Save-a-lot Markets,Boise,USA,Chang,1,Beverages,19.0,30,0.25
10714,1997-10-22,1997-11-19,1997-10-27,24.49,USA,ID,SAVEA,Save-a-lot Markets,Boise,USA,Alice Mutton,1,Meat/Poultry,39.0,27,0.25
10714,1997-10-22,1997-11-19,1997-10-27,24.49,USA,ID,SAVEA,Save-a-lot Markets,Boise,USA,Zaanse koeken,0,Confections,9.5,50,0.25
10714,1997-10-22,1997-11-19,1997-10-27,24.49,USA,ID,SAVEA,Save-a-lot Markets,Boise,USA,Gnocchi di nonna Alice,0,Grains/Cereals,38.0,18,0.25
10714,1997-10-22,1997-11-19,1997-10-27,24.49,USA,ID,SAVEA,Save-a-lot Markets,Boise,USA,Escargots de Bourgogne,0,Seafood,13.25,12,0.25
10715,1997-10-23,1997-11-06,1997-10-29,63.2,France,,BONAP,Bon app',Marseille,France,Ikura,0,Seafood,31.0,21,0.0
10715,1997-10-23,1997-11-06,1997-10-29,63.2,France,,BONAP,Bon app',Marseille,France,Flotemysost,0,Dairy Products,21.5,30,0.0
10716,1997-10-24,1997-11-21,1997-10-27,22.57,Argentina,,RANCH,Rancho grande,Buenos Aires,Argentina,Sir Rodney's Scones,0,Confections,10.0,5,0.0
10716,1997-10-24,1997-11-21,1997-10-27,22.57,Argentina,,RANCH,Rancho grande,Buenos Aires,Argentina,Manjimup Dried Apples,0,Produce,53.0,7,0.0
10716,1997-10-24,1997-11-21,1997-10-27,22.57,Argentina,,RANCH,Rancho grande,Buenos Aires,Argentina,Sirop d'érable,0,Condiments,28.5,10,0.0
10717,1997-10-24,1997-11-21,1997-10-29,59.25,Germany,,FRANK,Frankenversand,München,Germany,Sir Rodney's Scones,0,Confections,10.0,32,0.05
10717,1997-10-24,1997-11-21,1997-10-29,59.25,Germany,,FRANK,Frankenversand,München,Germany,Tourtière,0,Meat/Poultry,7.45,15,0.0
10717,1997-10-24,1997-11-21,1997-10-29,59.25,Germany,,FRANK,Frankenversand,München,Germany,Gudbrandsdalsost,0,Dairy Products,36.0,25,0.05
10718,1997-10-27,1997-11-24,1997-10-29,170.88,Germany,,KOENE,Königlich Essen,Brandenburg,Germany,Queso Manchego La Pastora,0,Dairy Products,38.0,36,0.0
10718,1997-10-27,1997-11-24,1997-10-29,170.88,Germany,,KOENE,Königlich Essen,Brandenburg,Germany,Pavlova,0,Confections,17.45,20,0.0
10718,1997-10-27,1997-11-24,1997-10-29,170.88,Germany,,KOENE,Königlich Essen,Brandenburg,Germany,Inlagd Sill,0,Seafood,19.0,40,0.0
10718,1997-10-27,1997-11-24,1997-10-29,170.88,Germany,,KOENE,Königlich Essen,Brandenburg,Germany,Tarte au sucre,0,Confections,49.3,20,0.0
10719,1997-10-27,1997-11-24,1997-11-05,51.44,USA,CA,LETSS,Let's Stop N Shop,San Francisco,USA,Carnarvon Tigers,0,Seafood,62.5,12,0.25
10719,1997-10-27,1997-11-24,1997-11-05,51.44,USA,CA,LETSS,Let's Stop N Shop,San Francisco,USA,Nord-Ost Matjeshering,0,Seafood,25.89,3,0.25
10719,1997-10-27,1997-11-24,1997-11-05,51.44,USA,CA,LETSS,Let's Stop N Shop,San Francisco,USA,Tourtière,0,Meat/Poultry,7.45,40,0.25
10720,1997-10-28,1997-11-11,1997-11-05,9.53,Brazil,RJ,QUEDE,Que Delícia,Rio de Janeiro,Brazil,Steeleye Stout,0,Beverages,18.0,21,0.0
10720,1997-10-28,1997-11-11,1997-11-05,9.53,Brazil,RJ,QUEDE,Que Delícia,Rio de Janeiro,Brazil,Flotemysost,0,Dairy Products,21.5,8,0.0
10721,1997-10-29,1997-11-26,1997-10-31,48.92,Germany,,QUICK,QUICK-Stop,Cunewalde,Germany,Gula Malacca,0,Condiments,19.45,50,0.05
10722,1997-10-29,1997-12-10,1997-11-04,74.58,USA,ID,SAVEA,Save-a-lot Markets,Boise,USA,Chang,1,Beverages,19.0,3,0.0
10722,1997-10-29,1997-12-10,1997-11-04,74.58,USA,ID,SAVEA,Save-a-lot Markets,Boise,USA,Gorgonzola Telino,0,Dairy Products,12.5,50,0.0
10722,1997-10-29,1997-12-10,1997-11-04,74.58,USA,ID,SAVEA,Save-a-lot Markets,Boise,USA,Scottish Longbreads,0,Confections,12.5,45,0.0
10722,1997-10-29,1997-12-10,1997-11-04,74.58,USA,ID,SAVEA,Save-a-lot Markets,Boise,USA,Rhönbräu Klosterbier,0,Beverages,7.75,42,0.0
10723,1997-10-30,1997-11-27,1997-11-25,21.72,USA,WA,WHITC,White Clover Markets,Seattle,USA,Gumbär Gummibärchen,0,Confections,31.23,15,0.0
10724,1997-10-30,1997-12-11,1997-11-05,57.75,Canada,Québec,MEREP,Mère Paillarde,Montréal,Canada,Ikura,0,Seafood,31.0,16,0.0
10724,1997-10-30,1997-12-11,1997-11-05,57.75,Canada,Québec,MEREP,Mère Paillarde,Montréal,Canada,Sirop d'érable,0,Condiments,28.5,5,0.0
10725,1997-10-31,1997-11-28,1997-11-05,10.83,Brazil,SP,FAMIA,Familia Arquibaldo,Sao Paulo,Brazil,Jack's New England Clam Chowder,0,Seafood,9.65,12,0.0
10725,1997-10-31,1997-11-28,1997-11-05,10.83,Brazil,SP,FAMIA,Familia Arquibaldo,Sao Paulo,Brazil,Filo Mix,0,Grains/Cereals,7.0,4,0.0
10725,1997-10-31,1997-11-28,1997-11-05,10.83,Brazil,SP,FAMIA,Familia Arquibaldo,Sao Paulo,Brazil,Pâté chinois,0,Meat/Poultry,24.0,6,0.0
10726,1997-11-03,1997-11-17,1997-12-05,16.56,UK,,EASTC,Eastern Connection,London,UK,Chef Anton's Cajun Seasoning,0,Condiments,22.0,25,0.0
10726,1997-11-03,1997-11-17,1997-12-05,16.56,UK,,EASTC,Eastern Connection,London,UK,Queso Cabrales,0,Dairy Products,21.0,5,0.0
10727,1997-11-03,1997-12-01,1997-12-05,89.9,Italy,,REGGC,Reggiani Caseifici,Reggio Emilia,Italy,Alice Mutton,1,Meat/Poultry,39.0,20,0.05
10727,1997-11-03,1997-12-01,1997-12-05,89.9,Italy,,REGGC,Reggiani Caseifici,Reggio Emilia,Italy,Gnocchi di nonna Alice,0,Grains/Cereals,38.0,10,0.05
10727,1997-11-03,1997-12-01,1997-12-05,89.9,Italy,,REGGC,Reggiani Caseifici,Reggio Emilia,Italy,Raclette Courdavault,0,Dairy Products,55.0,10,0.05
10728,1997-11-04,1997-12-02,1997-11-11,58.33,Brazil,SP,QUEEN,Queen Cozinha,Sao Paulo,Brazil,Nord-Ost Matjeshering,0,Seafood,25.89,15,0.0
10728,1997-11-04,1997-12-02,1997-11-11,58.33,Brazil,SP,QUEEN,Queen Cozinha,Sao Paulo,Brazil,Boston Crab Meat,0,Seafood,18.4,6,0.0
10728,1997-11-04,1997-12-02,1997-11-11,58.33,Brazil,SP,QUEEN,Queen Cozinha,Sao Paulo,Brazil,Pâté chinois,0,Meat/Poultry,24.0,12,0.0
10728,1997-11-04,1997-12-02,1997-11-11,58.33,Brazil,SP,QUEEN,Queen Cozinha,Sao Paulo,Brazil,Camembert Pierrot,0,Dairy Products,34.0,15,0.0
10729,1997-11-04,1997-12-16,1997-11-14,141.06,Venezuela,Nueva Esparta,LINOD,LINO-Delicateses,I. de Margarita,Venezuela,Chai,1,Beverages,18.0,50,0.0
10729,1997-11-04,1997-12-16,1997-11-14,141.06,Venezuela,Nueva Esparta,LINOD,LINO-Delicateses,I. de Margarita,Venezuela,Sir Rodney's Scones,0,Confections,10.0,30,0.0
10729,1997-11-04,1997-12-16,1997-11-14,141.06,Venezuela,Nueva Esparta,LINOD,LINO-Delicateses,I. de Margarita,Venezuela,Valkoinen suklaa,0,Confections,16.25,40,0.0
10730,1997-11-05,1997-12-03,1997-11-14,20.12,France,,BONAP,Bon app',Marseille,France,Pavlova,0,Confections,17.45,15,0.05
10730,1997-11-05,1997-12-03,1997-11-14,20.12,France,,BONAP,Bon app',Marseille,France,Gorgonzola Telino,0,Dairy Products,12.5,3,0.05
10730,1997-11-05,1997-12-03,1997-11-14,20.12,France,,BONAP,Bon app',Marseille,France,Louisiana Fiery Hot Pepper Sauce,0,Condiments,21.05,10,0.05
10731,1997-11-06,1997-12-04,1997-11-14,96.65,Switzerland,,CHOPS,Chop-suey Chinese,Bern,Switzerland,Sir Rodney's Scones,0,Confections,10.0,40,0.05
10731,1997-11-06,1997-12-04,1997-11-14,96.65,Switzerland,,CHOPS,Chop-suey Chinese,Bern,Switzerland,Manjimup Dried Apples,0,Produce,53.0,30,0.05
10732,1997-11-06,1997-12-04,1997-11-07,16.97,France,,BONAP,Bon app',Marseille,France,Lakkalikööri,0,Beverages,18.0,20,0.0
10733,1997-11-07,1997-12-05,1997-11-10,110.11,Sweden,,BERGS,Berglunds snabbköp,Luleå,Sweden,Tofu,0,Produce,23.25,16,0.0
10733,1997-11-07,1997-12-05,1997-11-10,110.11,Sweden,,BERGS,Berglunds snabbköp,Luleå,Sweden,Rössle Sauerkraut,1,Produce,45.6,20,0.0
10733,1997-11-07,1997-12-05,1997-11-10,110.11,Sweden,,BERGS,Berglunds snabbköp,Luleå,Sweden,Filo Mix,0,Grains/Cereals,7.0,25,0.0
10734,1997-11-07,1997-12-05,1997-11-12,1.63,Brazil,SP,GOURL,Gourmet Lanchonetes,Campinas,Brazil,Grandma's Boysenberry Spread,0,Condiments,25.0,30,0.0
10734,1997-11-07,1997-12-05,1997-11-12,1.63,Brazil,SP,GOURL,Gourmet Lanchonetes,Campinas,Brazil,Nord-Ost Matjeshering,0,Seafood,25.89,15,0.0
10734,1997-11-07,1997-12-05,1997-11-12,1.63,Brazil,SP,GOURL,Gourmet Lanchonetes,Campinas,Brazil,Lakkalikööri,0,Beverages,18.0,20,0.0
10735,1997-11-10,1997-12-08,1997-11-21,45.97,USA,CA,LETSS,Let's Stop N Shop,San Francisco,USA,Sirop d'érable,0,Condiments,28.5,20,0.1
10735,1997-11-10,1997-12-08,1997-11-21,45.97,USA,CA,LETSS,Let's Stop N Shop,San Francisco,USA,Original Frankfurter grüne Soße,0,Condiments,13.0,2,0.1
10736,1997-11-11,1997-12-09,1997-11-21,44.1,Ireland,Co. Cork,HUNGO,Hungry Owl All-Night Grocers,Cork,Ireland,Louisiana Fiery Hot Pepper Sauce,0,Condiments,21.05,40,0.0
10736,1997-11-11,1997-12-09,1997-11-21,44.1,Ireland,Co. Cork,HUNGO,Hungry Owl All-Night Grocers,Cork,Ireland,Rhönbräu Klosterbier,0,Beverages,7.75,20,0.0
10737,1997-11-11,1997-12-09,1997-11-18,7.79,France,,VINET,Vins et alcools Chevalier,Reims,France,Konbu,0,Seafood,6.0,4,0.0
10737,1997-11-11,1997-12-09,1997-11-18,7.79,France,,VINET,Vins et alcools Chevalier,Reims,France,Jack's New England Clam Chowder,0,Seafood,9.65,12,0.0
10738,1997-11-12,1997-12-10,1997-11-18,2.91,France,,SPECD,Spécialités du monde,Paris,France,Pavlova,0,Confections,17.45,3,0.0
10739,1997-11-12,1997-12-10,1997-11-17,11.08,France,,VINET,Vins et alcools Chevalier,Reims,France,Inlagd Sill,0,Seafood,19.0,6,0.0
10739,1997-11-12,1997-12-10,1997-11-17,11.08,France,,VINET,Vins et alcools Chevalier,Reims,France,Filo Mix,0,Grains/Cereals,7.0,18,0.0
10740,1997-11-13,1997-12-11,1997-11-25,81.88,USA,WA,WHITC,White Clover Markets,Seattle,USA,Rössle Sauerkraut,1,Produce,45.6,5,0.2
10740,1997-11-13,1997-12-11,1997-11-25,81.88,USA,WA,WHITC,White Clover Markets,Seattle,USA,Steeleye Stout,0,Beverages,18.0,35,0.2
10740,1997-11-13,1997-12-11,1997-11-25,81.88,USA,WA,WHITC,White Clover Markets,Seattle,USA,Rogede sild,0,Seafood,9.5,40,0.2
10740,1997-11-13,1997-12-11,1997-11-25,81.88,USA,WA,WHITC,White Clover Markets,Seattle,USA,Gnocchi di nonna Alice,0,Grains/Cereals,38.0,14,0.2
10741,1997-11-14,1997-11-28,1997-11-18,10.96,UK,Essex,AROUT,Around the Horn,London,UK,Chang,1,Beverages,19.0,15,0.2
10742,1997-11-14,1997-12-12,1997-11-18,243.73,Canada,BC,BOTTM,Bottom-Dollar Markets,Tsawassen,Canada,Aniseed Syrup,0,Condiments,10.0,20,0.0
10742,1997-11-14,1997-12-12,1997-11-18,243.73,Canada,BC,BOTTM,Bottom-Dollar Markets,Tsawassen,Canada,Camembert Pierrot,0,Dairy Products,34.0,50,0.0
10742,1997-11-14,1997-12-12,1997-11-18,243.73,Canada,BC,BOTTM,Bottom-Dollar Markets,Tsawassen,Canada,Mozzarella di Giovanni,0,Dairy Products,34.8,35,0.0
10743,1997-11-17,1997-12-15,1997-11-21,23.72,UK,Essex,AROUT,Around the Horn,London,UK,Spegesild,0,Seafood,12.0,28,0.05
10744,1997-11-17,1997-12-15,1997-11-24,69.19,Denmark,,VAFFE,Vaffeljernet,Århus,Denmark,Boston Crab Meat,0,Seafood,18.4,50,0.2
10745,1997-11-18,1997-12-16,1997-11-27,3.52,Germany,,QUICK,QUICK-Stop,Cunewalde,Germany,Carnarvon Tigers,0,Seafood,62.5,24,0.0
10745,1997-11-18,1997-12-16,1997-11-27,3.52,Germany,,QUICK,QUICK-Stop,Cunewalde,Germany,Gula Malacca,0,Condiments,19.45,16,0.0
10745,1997-11-18,1997-12-16,1997-11-27,3.52,Germany,,QUICK,QUICK-Stop,Cunewalde,Germany,Raclette Courdavault,0,Dairy Products,55.0,45,0.0
10745,1997-11-18,1997-12-16,1997-11-27,3.52,Germany,,QUICK,QUICK-Stop,Cunewalde,Germany,Mozzarella di Giovanni,0,Dairy Products,34.8,7,0.0
10746,1997-11-19,1997-12-17,1997-11-21,31.43,Switzerland,,CHOPS,Chop-suey Chinese,Bern,Switzerland,Konbu,0,Seafood,6.0,6,0.0
10746,1997-11-19,1997-12-17,1997-11-21,31.43,Switzerland,,CHOPS,Chop-suey Chinese,Bern,Switzerland,Singaporean Hokkien Fried Mee,1,Grains/Cereals,14.0,28,0.0
10746,1997-11-19,1997-12-17,1997-11-21,31.43,Switzerland,,CHOPS,Chop-suey Chinese,Bern,Switzerland,Tarte au sucre,0,Confections,49.3,9,0.0
10746,1997-11-19,1997-12-17,1997-11-21,31.43,Switzerland,,CHOPS,Chop-suey Chinese,Bern,Switzerland,Gudbrandsdalsost,0,Dairy Products,36.0,40,0.0
10747,1997-11-19,1997-12-17,1997-11-26,117.33,Austria,,PICCO,Piccolo und mehr,Salzburg,Austria,Gorgonzola Telino,0,Dairy Products,12.5,8,0.0
10747,1997-11-19,1997-12-17,1997-11-26,117.33,Austria,,PICCO,Piccolo und mehr,Salzburg,Austria,Jack's New England Clam Chowder,0,Seafood,9.65,35,0.0
10747,1997-11-19,1997-12-17,1997-11-26,117.33,Austria,,PICCO,Piccolo und mehr,Salzburg,Austria,Vegie-spread,0,Condiments,43.9,9,0.0
10747,1997-11-19,1997-12-17,1997-11-26,117.33,Austria,,PICCO,Piccolo und mehr,Salzburg,Austria,Gudbrandsdalsost,0,Dairy Products,36.0,30,0.0
10748,1997-11-20,1997-12-18,1997-11-28,232.55,USA,ID,SAVEA,Save-a-lot Markets,Boise,USA,Tunnbröd,0,Grains/Cereals,9.0,44,0.0
10748,1997-11-20,1997-12-18,1997-11-28,232.55,USA,ID,SAVEA,Save-a-lot Markets,Boise,USA,Boston Crab Meat,0,Seafood,18.4,40,0.0
10748,1997-11-20,1997-12-18,1997-11-28,232.55,USA,ID,SAVEA,Save-a-lot Markets,Boise,USA,Gnocchi di nonna Alice,0,Grains/Cereals,38.0,28,0.0
10749,1997-11-20,1997-12-18,1997-12-19,61.53,UK,Isle of Wight,ISLAT,Island Trading,Cowes,UK,Gnocchi di nonna Alice,0,Grains/Cereals,38.0,15,0.0
10749,1997-11-20,1997-12-18,1997-12-19,61.53,UK,Isle of Wight,ISLAT,Island Trading,Cowes,UK,Raclette Courdavault,0,Dairy Products,55.0,6,0.0
10749,1997-11-20,1997-12-18,1997-12-19,61.53,UK,Isle of Wight,ISLAT,Island Trading,Cowes,UK,Lakkalikööri,0,Beverages,18.0,10,0.0
10750,1997-11-21,1997-12-19,1997-11-24,79.3,Finland,,WARTH,Wartian Herkku,Oulu,Finland,Tofu,0,Produce,23.25,5,0.15
10750,1997-11-21,1997-12-19,1997-11-24,79.3,Finland,,WARTH,Wartian Herkku,Oulu,Finland,Rogede sild,0,Seafood,9.5,40,0.15
10750,1997-11-21,1997-12-19,1997-11-24,79.3,Finland,,WARTH,Wartian Herkku,Oulu,Finland,Raclette Courdavault,0,Dairy Products,55.0,25,0.15
10751,1997-11-24,1997-12-22,1997-12-03,130.79,Switzerland,,RICSU,Richter Supermarkt,Genève,Switzerland,Gumbär Gummibärchen,0,Confections,31.23,12,0.1
10751,1997-11-24,1997-12-22,1997-12-03,130.79,Switzerland,,RICSU,Richter Supermarkt,Genève,Switzerland,Nord-Ost Matjeshering,0,Seafood,25.89,30,0.0
10751,1997-11-24,1997-12-22,1997-12-03,130.79,Switzerland,,RICSU,Richter Supermarkt,Genève,Switzerland,Valkoinen suklaa,0,Confections,16.25,20,0.1
10751,1997-11-24,1997-12-22,1997-12-03,130.79,Switzerland,,RICSU,Richter Supermarkt,Genève,Switzerland,Röd Kaviar,0,Seafood,15.0,15,0.0
10752,1997-11-24,1997-12-22,1997-11-28,1.39,UK,,NORTS,North/South,London,UK,Chai,1,Beverages,18.0,8,0.0
10752,1997-11-24,1997-12-22,1997-11-28,1.39,UK,,NORTS,North/South,London,UK,Gudbrandsdalsost,0,Dairy Products,36.0,3,0.0
10753,1997-11-25,1997-12-23,1997-11-27,7.7,Italy,,FRANS,Franchi S.p.A.,Torino,Italy,Rogede sild,0,Seafood,9.5,4,0.0
10753,1997-11-25,1997-12-23,1997-11-27,7.7,Italy,,FRANS,Franchi S.p.A.,Torino,Italy,Longlife Tofu,0,Produce,10.0,5,0.0
10754,1997-11-25,1997-12-23,1997-11-27,2.38,Italy,,MAGAA,Magazzini Alimentari Riuniti,Bergamo,Italy,Boston Crab Meat,0,Seafood,18.4,3,0.0
10755,1997-11-26,1997-12-24,1997-11-28,16.71,France,,BONAP,Bon app',Marseille,France,Zaanse koeken,0,Confections,9.5,30,0.25
10755,1997-11-26,1997-12-24,1997-11-28,16.71,France,,BONAP,Bon app',Marseille,France,Gnocchi di nonna Alice,0,Grains/Cereals,38.0,30,0.25
10755,1997-11-26,1997-12-24,1997-11-28,16.71,France,,BONAP,Bon app',Marseille,France,Ravioli Angelo,0,Grains/Cereals,19.5,14,0.25
10755,1997-11-26,1997-12-24,1997-11-28,16.71,France,,BONAP,Bon app',Marseille,France,Gudbrandsdalsost,0,Dairy Products,36.0,25,0.25
10756,1997-11-27,1997-12-25,1997-12-02,73.21,USA,WY,SPLIR,Split Rail Beer & Ale,Lander,USA,Carnarvon Tigers,0,Seafood,62.5,21,0.2
10756,1997-11-27,1997-12-25,1997-12-02,73.21,USA,WY,SPLIR,Split Rail Beer & Ale,Lander,USA,Inlagd Sill,0,Seafood,19.0,20,0.2
10756,1997-11-27,1997-12-25,1997-12-02,73.21,USA,WY,SPLIR,Split Rail Beer & Ale,Lander,USA,Scottish Longbreads,0,Confections,12.5,6,0.2
10756,1997-11-27,1997-12-25,1997-12-02,73.21,USA,WY,SPLIR,Split Rail Beer & Ale,Lander,USA,Gudbrandsdalsost,0,Dairy Products,36.0,20,0.2
10757,1997-11-27,1997-12-25,1997-12-15,8.19,USA,ID,SAVEA,Save-a-lot Markets,Boise,USA,Sasquatch Ale,0,Beverages,14.0,30,0.0
10757,1997-11-27,1997-12-25,1997-12-15,8.19,USA,ID,SAVEA,Save-a-lot Markets,Boise,USA,Raclette Courdavault,0,Dairy Products,55.0,7,0.0
10757,1997-11-27,1997-12-25,1997-12-15,8.19,USA,ID,SAVEA,Save-a-lot Markets,Boise,USA,Tarte au sucre,0,Confections,49.3,30,0.0
10757,1997-11-27,1997-12-25,1997-12-15,8.19,USA,ID,SAVEA,Save-a-lot Markets,Boise,USA,Wimmers gute Semmelknödel,0,Grains/Cereals,33.25,24,0.0
10758,1997-11-28,1997-12-26,1997-12-04,138.17,Switzerland,,RICSU,Richter Supermarkt,Genève,Switzerland,Gumbär Gummibärchen,0,Confections,31.23,20,0.0
10758,1997-11-28,1997-12-26,1997-12-04,138.17,Switzerland,,RICSU,Richter Supermarkt,Genève,Switzerland,Filo Mix,0,Grains/Cereals,7.0,60,0.0
10758,1997-11-28,1997-12-26,1997-12-04,138.17,Switzerland,,RICSU,Richter Supermarkt,Genève,Switzerland,Outback Lager,0,Beverages,15.0,40,0.0
10759,1997-11-28,1997-12-26,1997-12-12,11.99,Mexico,,ANATR,Ana Trujillo Emparedados y helados,México D.F.,Mexico,Mascarpone Fabioli,0,Dairy Products,32.0,10,0.0
10760,1997-12-01,1997-12-29,1997-12-10,155.64,Belgium,,MAISD,Maison Dewey,Bruxelles,Belgium,NuNuCa Nuß-Nougat-Creme,0,Confections,14.0,12,0.25
10760,1997-12-01,1997-12-29,1997-12-10,155.64,Belgium,,MAISD,Maison Dewey,Bruxelles,Belgium,Schoggi Schokolade,0,Confections,43.9,40,0.0
10760,1997-12-01,1997-12-29,1997-12-10,155.64,Belgium,,MAISD,Maison Dewey,Bruxelles,Belgium,Ipoh Coffee,0,Beverages,46.0,30,0.25
10761,1997-12-02,1997-12-30,1997-12-08,18.66,USA,NM,RATTC,Rattlesnake Canyon Grocery,Albuquerque,USA,NuNuCa Nuß-Nougat-Creme,0,Confections,14.0,35,0.25
10761,1997-12-02,1997-12-30,1997-12-08,18.66,USA,NM,RATTC,Rattlesnake Canyon Grocery,Albuquerque,USA,Rhönbräu Klosterbier,0,Beverages,7.75,18,0.0
10762,1997-12-02,1997-12-30,1997-12-09,328.74,Sweden,,FOLKO,Folk och fä HB,Bräcke,Sweden,Chartreuse verte,0,Beverages,18.0,16,0.0
10762,1997-12-02,1997-12-30,1997-12-09,328.74,Sweden,,FOLKO,Folk och fä HB,Bräcke,Sweden,Zaanse koeken,0,Confections,9.5,30,0.0
10762,1997-12-02,1997-12-30,1997-12-09,328.74,Sweden,,FOLKO,Folk och fä HB,Bräcke,Sweden,Manjimup Dried Apples,0,Produce,53.0,28,0.0
10762,1997-12-02,1997-12-30,1997-12-09,328.74,Sweden,,FOLKO,Folk och fä HB,Bräcke,Sweden,Gnocchi di nonna Alice,0,Grains/Cereals,38.0,60,0.0
10763,1997-12-03,1997-12-31,1997-12-08,37.35,France,,FOLIG,Folies gourmandes,Lille,France,Sir Rodney's Scones,0,Confections,10.0,40,0.0
10763,1997-12-03,1997-12-31,1997-12-08,37.35,France,,FOLIG,Folies gourmandes,Lille,France,Gustaf's Knäckebröd,0,Grains/Cereals,21.0,6,0.0
10763,1997-12-03,1997-12-31,1997-12-08,37.35,France,,FOLIG,Folies gourmandes,Lille,France,Guaraná Fantástica,1,Beverages,4.5,20,0.0
10764,1997-12-03,1997-12-31,1997-12-08,145.45,Austria,,ERNSH,Ernst Handel,Graz,Austria,Aniseed Syrup,0,Condiments,10.0,20,0.1
10764,1997-12-03,1997-12-31,1997-12-08,145.45,Austria,,ERNSH,Ernst Handel,Graz,Austria,Chartreuse verte,0,Beverages,18.0,130,0.1
10765,1997-12-04,1998-01-01,1997-12-09,42.74,Germany,,QUICK,QUICK-Stop,Cunewalde,Germany,Louisiana Fiery Hot Pepper Sauce,0,Condiments,21.05,80,0.1
10766,1997-12-05,1998-01-02,1997-12-09,157.55,Germany,,OTTIK,Ottilies Käseladen,Köln,Germany,Chang,1,Beverages,19.0,40,0.0
10766,1997-12-05,1998-01-02,1997-12-09,157.55,Germany,,OTTIK,Ottilies Käseladen,Köln,Germany,Uncle Bob's Organic Dried Pears,0,Produce,30.0,35,0.0
10766,1997-12-05,1998-01-02,1997-12-09,157.55,Germany,,OTTIK,Ottilies Käseladen,Köln,Germany,Scottish Longbreads,0,Confections,12.5,40,0.0
10767,1997-12-05,1998-01-02,1997-12-15,1.59,Belgium,,SUPRD,Suprêmes délices,Charleroi,Belgium,Singaporean Hokkien Fried Mee,1,Grains/Cereals,14.0,2,0.0
10768,1997-12-08,1998-01-05,1997-12-15,146.32,UK,Essex,AROUT,Around the Horn,London,UK,Gustaf's Knäckebröd,0,Grains/Cereals,21.0,4,0.0
10768,1997-12-08,1998-01-05,1997-12-15,146.32,UK,Essex,AROUT,Around the Horn,London,UK,Gorgonzola Telino,0,Dairy Products,12.5,50,0.0
10768,1997-12-08,1998-01-05,1997-12-15,146.32,UK,Essex,AROUT,Around the Horn,London,UK,Camembert Pierrot,0,Dairy Products,34.0,15,0.0
10768,1997-12-08,1998-01-05,1997-12-15,146.32,UK,Essex,AROUT,Around the Horn,London,UK,Flotemysost,0,Dairy Products,21.5,12,0.0
10769,1997-12-08,1998-01-05,1997-12-12,65.06,Denmark,,VAFFE,Vaffeljernet,Århus,Denmark,Jack's New England Clam Chowder,0,Seafood,9.65,30,0.05
10769,1997-12-08,1998-01-05,1997-12-12,65.06,Denmark,,VAFFE,Vaffeljernet,Århus,Denmark,Filo Mix,0,Grains/Cereals,7.0,15,0.05
10769,1997-12-08,1998-01-05,1997-12-12,65.06,Denmark,,VAFFE,Vaffeljernet,Århus,Denmark,Sirop d'érable,0,Condiments,28.5,20,0.0
10769,1997-12-08,1998-01-05,1997-12-12,65.06,Denmark,,VAFFE,Vaffeljernet,Århus,Denmark,Tarte au sucre,0,Confections,49.3,15,0.0
10770,1997-12-09,1998-01-06,1997-12-17,5.32,Brazil,RJ,HANAR,Hanari Carnes,Rio de Janeiro,Brazil,Queso Cabrales,0,Dairy Products,21.0,15,0.25
10771,1997-12-10,1998-01-07,1998-01-02,11.19,Austria,,ERNSH,Ernst Handel,Graz,Austria,Flotemysost,0,Dairy Products,21.5,16,0.0
10772,1997-12-10,1998-01-07,1997-12-19,91.28,Germany,,LEHMS,Lehmanns Marktstand,Frankfurt a.M.,Germany,Thüringer Rostbratwurst,1,Meat/Poultry,123.79,18,0.0
10772,1997-12-10,1998-01-07,1997-12-19,91.28,Germany,,LEHMS,Lehmanns Marktstand,Frankfurt a.M.,Germany,Raclette Courdavault,0,Dairy Products,55.0,25,0.0
10773,1997-12-11,1998-01-08,1997-12-16,96.43,Austria,,ERNSH,Ernst Handel,Graz,Austria,Alice Mutton,1,Meat/Poultry,39.0,33,0.0
10773,1997-12-11,1998-01-08,1997-12-16,96.43,Austria,,ERNSH,Ernst Handel,Graz,Austria,Gorgonzola Telino,0,Dairy Products,12.5,70,0.2
10773,1997-12-11,1998-01-08,1997-12-16,96.43,Austria,,ERNSH,Ernst Handel,Graz,Austria,Rhönbräu Klosterbier,0,Beverages,7.75,7,0.2
10774,1997-12-11,1997-12-25,1997-12-12,48.2,Sweden,,FOLKO,Folk och fä HB,Bräcke,Sweden,Gorgonzola Telino,0,Dairy Products,12.5,2,0.25
10774,1997-12-11,1997-12-25,1997-12-12,48.2,Sweden,,FOLKO,Folk och fä HB,Bräcke,Sweden,Louisiana Hot Spiced Okra,0,Condiments,17.0,50,0.0
10775,1997-12-12,1998-01-09,1997-12-26,20.25,USA,MT,THECR,The Cracker Box,Butte,USA,Ikura,0,Seafood,31.0,6,0.0
10775,1997-12-12,1998-01-09,1997-12-26,20.25,USA,MT,THECR,The Cracker Box,Butte,USA,Laughing Lumberjack Lager,0,Beverages,14.0,3,0.0
10776,1997-12-15,1998-01-12,1997-12-18,351.53,Austria,,ERNSH,Ernst Handel,Graz,Austria,Gorgonzola Telino,0,Dairy Products,12.5,16,0.05
10776,1997-12-15,1998-01-12,1997-12-18,351.53,Austria,,ERNSH,Ernst Handel,Graz,Austria,Singaporean Hokkien Fried Mee,1,Grains/Cereals,14.0,12,0.05
10776,1997-12-15,1998-01-12,1997-12-18,351.53,Austria,,ERNSH,Ernst Handel,Graz,Austria,Rogede sild,0,Seafood,9.5,27,0.05
10776,1997-12-15,1998-01-12,1997-12-18,351.53,Austria,,ERNSH,Ernst Handel,Graz,Austria,Manjimup Dried Apples,0,Produce,53.0,120,0.05
10777,1997-12-15,1997-12-29,1998-01-21,3.01,Brazil,SP,GOURL,Gourmet Lanchonetes,Campinas,Brazil,Singaporean Hokkien Fried Mee,1,Grains/Cereals,14.0,20,0.2
10778,1997-12-16,1998-01-13,1997-12-24,6.79,Sweden,,BERGS,Berglunds snabbköp,Luleå,Sweden,Jack's New England Clam Chowder,0,Seafood,9.65,10,0.0
10779,1997-12-16,1998-01-13,1998-01-14,58.13,Germany,,MORGK,Morgenstern Gesundkost,Leipzig,Germany,Pavlova,0,Confections,17.45,20,0.0
10779,1997-12-16,1998-01-13,1998-01-14,58.13,Germany,,MORGK,Morgenstern Gesundkost,Leipzig,Germany,Tarte au sucre,0,Confections,49.3,20,0.0
10780,1997-12-16,1997-12-30,1997-12-25,42.13,Venezuela,Lara,LILAS,LILA-Supermercado,Barquisimeto,Venezuela,Outback Lager,0,Beverages,15.0,35,0.0
10780,1997-12-16,1997-12-30,1997-12-25,42.13,Venezuela,Lara,LILAS,LILA-Supermercado,Barquisimeto,Venezuela,Original Frankfurter grüne Soße,0,Condiments,13.0,15,0.0
10781,1997-12-17,1998-01-14,1997-12-19,73.16,Finland,,WARTH,Wartian Herkku,Oulu,Finland,Tourtière,0,Meat/Poultry,7.45,3,0.2
10781,1997-12-17,1998-01-14,1997-12-19,73.16,Finland,,WARTH,Wartian Herkku,Oulu,Finland,Gnocchi di nonna Alice,0,Grains/Cereals,38.0,20,0.2
10781,1997-12-17,1998-01-14,1997-12-19,73.16,Finland,,WARTH,Wartian Herkku,Oulu,Finland,Longlife Tofu,0,Produce,10.0,35,0.0
10782,1997-12-17,1998-01-14,1997-12-22,1.1,Argentina,,CACTU,Cactus Comidas para llevar,Buenos Aires,Argentina,Gorgonzola Telino,0,Dairy Products,12.5,1,0.0
10783,1997-12-18,1998-01-15,1997-12-19,124.98,Brazil,RJ,HANAR,Hanari Carnes,Rio de Janeiro,Brazil,Gorgonzola Telino,0,Dairy Products,12.5,10,0.0
10783,1997-12-18,1998-01-15,1997-12-19,124.98,Brazil,RJ,HANAR,Hanari Carnes,Rio de Janeiro,Brazil,Côte de Blaye,0,Beverages,263.5,5,0.0
10784,1997-12-18,1998-01-15,1997-12-22,70.09,Italy,,MAGAA,Magazzini Alimentari Riuniti,Bergamo,Italy,Inlagd Sill,0,Seafood,19.0,30,0.0
10784,1997-12-18,1998-01-15,1997-12-22,70.09,Italy,,MAGAA,Magazzini Alimentari Riuniti,Bergamo,Italy,Chartreuse verte,0,Beverages,18.0,2,0.15
10784,1997-12-18,1998-01-15,1997-12-22,70.09,Italy,,MAGAA,Magazzini Alimentari Riuniti,Bergamo,Italy,Mozzarella di Giovanni,0,Dairy Products,34.8,30,0.15
10785,1997-12-18,1998-01-15,1997-12-24,1.51,Venezuela,DF,GROSR,GROSELLA-Restaurante,Caracas,Venezuela,Ikura,0,Seafood,31.0,10,0.0
10785,1997-12-18,1998-01-15,1997-12-24,1.51,Venezuela,DF,GROSR,GROSELLA-Restaurante,Caracas,Venezuela,Rhönbräu Klosterbier,0,Beverages,7.75,10,0.0
10786,1997-12-19,1998-01-16,1997-12-23,110.87,Brazil,SP,QUEEN,Queen Cozinha,Sao Paulo,Brazil,Northwoods Cranberry Sauce,0,Condiments,40.0,30,0.2
10786,1997-12-19,1998-01-16,1997-12-23,110.87,Brazil,SP,QUEEN,Queen Cozinha,Sao Paulo,Brazil,Nord-Ost Matjeshering,0,Seafood,25.89,15,0.2
10786,1997-12-19,1998-01-16,1997-12-23,110.87,Brazil,SP,QUEEN,Queen Cozinha,Sao Paulo,Brazil,Rhönbräu Klosterbier,0,Beverages,7.75,42,0.2
10787,1997-12-19,1998-01-02,1997-12-26,249.93,France,,LAMAI,La maison d'Asie,Toulouse,France,Chang,1,Beverages,19.0,15,0.05
10787,1997-12-19,1998-01-02,1997-12-26,249.93,France,,LAMAI,La maison d'Asie,Toulouse,France,Thüringer Rostbratwurst,1,Meat/Poultry,123.79,20,0.05
10788,1997-12-22,1998-01-19,1998-01-19,42.7,Germany,,QUICK,QUICK-Stop,Cunewalde,Germany,Teatime Chocolate Biscuits,0,Confections,9.2,50,0.05
10788,1997-12-22,1998-01-19,1998-01-19,42.7,Germany,,QUICK,QUICK-Stop,Cunewalde,Germany,Rhönbräu Klosterbier,0,Beverages,7.75,40,0.05
10789,1997-12-22,1998-01-19,1997-12-31,100.6,France,,FOLIG,Folies gourmandes,Lille,France,Carnarvon Tigers,0,Seafood,62.5,30,0.0
10789,1997-12-22,1998-01-19,1997-12-31,100.6,France,,FOLIG,Folies gourmandes,Lille,France,Steeleye Stout,0,Beverages,18.0,15,0.0
10789,1997-12-22,1998-01-19,1997-12-31,100.6,France,,FOLIG,Folies gourmandes,Lille,France,Vegie-spread,0,Condiments,43.9,30,0.0
10789,1997-12-22,1998-01-19,1997-12-31,100.6,France,,FOLIG,Folies gourmandes,Lille,France,Scottish Longbreads,0,Confections,12.5,18,0.0
10790,1997-12-22,1998-01-19,1997-12-26,28.23,Brazil,SP,GOURL,Gourmet Lanchonetes,Campinas,Brazil,Uncle Bob's Organic Dried Pears,0,Produce,30.0,3,0.15
10790,1997-12-22,1998-01-19,1997-12-26,28.23,Brazil,SP,GOURL,Gourmet Lanchonetes,Campinas,Brazil,Gnocchi di nonna Alice,0,Grains/Cereals,38.0,20,0.15
10791,1997-12-23,1998-01-20,1998-01-01,16.85,Germany,,FRANK,Frankenversand,München,Germany,Thüringer Rostbratwurst,1,Meat/Poultry,123.79,14,0.05
10791,1997-12-23,1998-01-20,1998-01-01,16.85,Germany,,FRANK,Frankenversand,München,Germany,Jack's New England Clam Chowder,0,Seafood,9.65,20,0.05
10792,1997-12-23,1998-01-20,1997-12-31,23.79,Poland,,WOLZA,Wolski  Zajazd,Warszawa,Poland,Chang,1,Beverages,19.0,10,0.0
10792,1997-12-23,1998-01-20,1997-12-31,23.79,Poland,,WOLZA,Wolski  Zajazd,Warszawa,Poland,Tourtière,0,Meat/Poultry,7.45,3,0.0
10792,1997-12-23,1998-01-20,1997-12-31,23.79,Poland,,WOLZA,Wolski  Zajazd,Warszawa,Poland,Scottish Longbreads,0,Confections,12.5,15,0.0
10793,1997-12-24,1998-01-21,1998-01-08,4.52,UK,Essex,AROUT,Around the Horn,London,UK,Jack's New England Clam Chowder,0,Seafood,9.65,14,0.0
10793,1997-12-24,1998-01-21,1998-01-08,4.52,UK,Essex,AROUT,Around the Horn,London,UK,Filo Mix,0,Grains/Cereals,7.0,8,0.0
10794,1997-12-24,1998-01-21,1998-01-02,21.49,Brazil,RJ,QUEDE,Que Delícia,Rio de Janeiro,Brazil,Tofu,0,Produce,23.25,15,0.2
10794,1997-12-24,1998-01-21,1998-01-02,21.49,Brazil,RJ,QUEDE,Que Delícia,Rio de Janeiro,Brazil,Tourtière,0,Meat/Poultry,7.45,6,0.2
10795,1997-12-24,1998-01-21,1998-01-20,126.66,Austria,,ERNSH,Ernst Handel,Graz,Austria,Pavlova,0,Confections,17.45,65,0.0
10795,1997-12-24,1998-01-21,1998-01-20,126.66,Austria,,ERNSH,Ernst Handel,Graz,Austria,Alice Mutton,1,Meat/Poultry,39.0,35,0.25
10796,1997-12-25,1998-01-22,1998-01-14,26.52,Venezuela,Táchira,HILAA,HILARION-Abastos,San Cristóbal,Venezuela,Gumbär Gummibärchen,0,Confections,31.23,21,0.2
10796,1997-12-25,1998-01-22,1998-01-14,26.52,Venezuela,Táchira,HILAA,HILARION-Abastos,San Cristóbal,Venezuela,Gula Malacca,0,Condiments,19.45,10,0.0
10796,1997-12-25,1998-01-22,1998-01-14,26.52,Venezuela,Táchira,HILAA,HILARION-Abastos,San Cristóbal,Venezuela,Wimmers gute Semmelknödel,0,Grains/Cereals,33.25,35,0.2
10796,1997-12-25,1998-01-22,1998-01-14,26.52,Venezuela,Táchira,HILAA,HILARION-Abastos,San Cristóbal,Venezuela,Gudbrandsdalsost,0,Dairy Products,36.0,24,0.2
10797,1997-12-25,1998-01-22,1998-01-05,33.35,Germany,,DRACD,Drachenblut Delikatessen,Aachen,Germany,Queso Cabrales,0,Dairy Products,21.0,20,0.0
10798,1997-12-26,1998-01-23,1998-01-05,2.33,UK,Isle of Wight,ISLAT,Island Trading,Cowes,UK,Tarte au sucre,0,Confections,49.3,2,0.0
10798,1997-12-26,1998-01-23,1998-01-05,2.33,UK,Isle of Wight,ISLAT,Island Trading,Cowes,UK,Mozzarella di Giovanni,0,Dairy Products,34.8,10,0.0
10799,1997-12-26,1998-02-06,1998-01-05,30.76,Germany,,KOENE,Königlich Essen,Brandenburg,Germany,Konbu,0,Seafood,6.0,20,0.15
10799,1997-12-26,1998-02-06,1998-01-05,30.76,Germany,,KOENE,Königlich Essen,Brandenburg,Germany,Guaraná Fantástica,1,Beverages,4.5,20,0.15
10799,1997-12-26,1998-02-06,1998-01-05,30.76,Germany,,KOENE,Königlich Essen,Brandenburg,Germany,Raclette Courdavault,0,Dairy Products,55.0,25,0.0
10800,1997-12-26,1998-01-23,1998-01-05,137.44,UK,,SEVES,Seven Seas Imports,London,UK,Queso Cabrales,0,Dairy Products,21.0,50,0.1
10800,1997-12-26,1998-01-23,1998-01-05,137.44,UK,,SEVES,Seven Seas Imports,London,UK,Manjimup Dried Apples,0,Produce,53.0,10,0.1
10800,1997-12-26,1998-01-23,1998-01-05,137.44,UK,,SEVES,Seven Seas Imports,London,UK,Tourtière,0,Meat/Poultry,7.45,7,0.1
10801,1997-12-29,1998-01-26,1997-12-31,97.09,Spain,,BOLID,Bólido Comidas preparadas,Madrid,Spain,Alice Mutton,1,Meat/Poultry,39.0,40,0.25
10801,1997-12-29,1998-01-26,1997-12-31,97.09,Spain,,BOLID,Bólido Comidas preparadas,Madrid,Spain,Thüringer Rostbratwurst,1,Meat/Poultry,123.79,20,0.25
10802,1997-12-29,1998-01-26,1998-01-02,257.26,Denmark,,SIMOB,Simons bistro,Kobenhavn,Denmark,Nord-Ost Matjeshering,0,Seafood,25.89,25,0.25
10802,1997-12-29,1998-01-26,1998-01-02,257.26,Denmark,,SIMOB,Simons bistro,Kobenhavn,Denmark,Manjimup Dried Apples,0,Produce,53.0,30,0.25
10802,1997-12-29,1998-01-26,1998-01-02,257.26,Denmark,,SIMOB,Simons bistro,Kobenhavn,Denmark,Pâté chinois,0,Meat/Poultry,24.0,60,0.25
10802,1997-12-29,1998-01-26,1998-01-02,257.26,Denmark,,SIMOB,Simons bistro,Kobenhavn,Denmark,Tarte au sucre,0,Confections,49.3,5,0.25
10803,1997-12-30,1998-01-27,1998-01-06,55.23,Brazil,SP,WELLI,Wellington Importadora,Resende,Brazil,Teatime Chocolate Biscuits,0,Confections,9.2,24,0.05
10803,1997-12-30,1998-01-27,1998-01-06,55.23,Brazil,SP,WELLI,Wellington Importadora,Resende,Brazil,NuNuCa Nuß-Nougat-Creme,0,Confections,14.0,15,0.05
10803,1997-12-30,1998-01-27,1998-01-06,55.23,Brazil,SP,WELLI,Wellington Importadora,Resende,Brazil,Raclette Courdavault,0,Dairy Products,55.0,15,0.05
10804,1997-12-30,1998-01-27,1998-01-07,27.33,UK,,SEVES,Seven Seas Imports,London,UK,Ikura,0,Seafood,31.0,36,0.0
10804,1997-12-30,1998-01-27,1998-01-07,27.33,UK,,SEVES,Seven Seas Imports,London,UK,Rössle Sauerkraut,1,Produce,45.6,24,0.0
10804,1997-12-30,1998-01-27,1998-01-07,27.33,UK,,SEVES,Seven Seas Imports,London,UK,Maxilaku,0,Confections,20.0,4,0.15
10805,1997-12-30,1998-01-27,1998-01-09,237.34,USA,OR,THEBI,The Big Cheese,Portland,USA,Sasquatch Ale,0,Beverages,14.0,10,0.0
10805,1997-12-30,1998-01-27,1998-01-09,237.34,USA,OR,THEBI,The Big Cheese,Portland,USA,Côte de Blaye,0,Beverages,263.5,10,0.0
10806,1997-12-31,1998-01-28,1998-01-05,22.11,France,,VICTE,Victuailles en stock,Lyon,France,Chang,1,Beverages,19.0,20,0.25
10806,1997-12-31,1998-01-28,1998-01-05,22.11,France,,VICTE,Victuailles en stock,Lyon,France,Louisiana Fiery Hot Pepper Sauce,0,Condiments,21.05,2,0.0
10806,1997-12-31,1998-01-28,1998-01-05,22.11,France,,VICTE,Victuailles en stock,Lyon,France,Longlife Tofu,0,Produce,10.0,15,0.25
10807,1997-12-31,1998-01-28,1998-01-30,1.36,Italy,,FRANS,Franchi S.p.A.,Torino,Italy,Boston Crab Meat,0,Seafood,18.4,1,0.0
10808,1998-01-01,1998-01-29,1998-01-09,45.53,USA,AK,OLDWO,Old World Delicatessen,Anchorage,USA,Gnocchi di nonna Alice,0,Grains/Cereals,38.0,20,0.15
10808,1998-01-01,1998-01-29,1998-01-09,45.53,USA,AK,OLDWO,Old World Delicatessen,Anchorage,USA,Lakkalikööri,0,Beverages,18.0,50,0.15
10809,1998-01-01,1998-01-29,1998-01-07,4.87,Brazil,SP,WELLI,Wellington Importadora,Resende,Brazil,Filo Mix,0,Grains/Cereals,7.0,20,0.0
10810,1998-01-01,1998-01-29,1998-01-07,4.33,Canada,BC,LAUGB,Laughing Bacchus Wine Cellars,Vancouver,Canada,Konbu,0,Seafood,6.0,7,0.0
10810,1998-01-01,1998-01-29,1998-01-07,4.33,Canada,BC,LAUGB,Laughing Bacchus Wine Cellars,Vancouver,Canada,NuNuCa Nuß-Nougat-Creme,0,Confections,14.0,5,0.0
10810,1998-01-01,1998-01-29,1998-01-07,4.33,Canada,BC,LAUGB,Laughing Bacchus Wine Cellars,Vancouver,Canada,Outback Lager,0,Beverages,15.0,5,0.0
10811,1998-01-02,1998-01-30,1998-01-08,31.22,Venezuela,Nueva Esparta,LINOD,LINO-Delicateses,I. de Margarita,Venezuela,Teatime Chocolate Biscuits,0,Confections,9.2,15,0.0
10811,1998-01-02,1998-01-30,1998-01-08,31.22,Venezuela,Nueva Esparta,LINOD,LINO-Delicateses,I. de Margarita,Venezuela,Tunnbröd,0,Grains/Cereals,9.0,18,0.0
10811,1998-01-02,1998-01-30,1998-01-08,31.22,Venezuela,Nueva Esparta,LINOD,LINO-Delicateses,I. de Margarita,Venezuela,Boston Crab Meat,0,Seafood,18.4,30,0.0
10812,1998-01-02,1998-01-30,1998-01-12,59.78,Italy,,REGGC,Reggiani Caseifici,Reggio Emilia,Italy,Gorgonzola Telino,0,Dairy Products,12.5,16,0.1
10812,1998-01-02,1998-01-30,1998-01-12,59.78,Italy,,REGGC,Reggiani Caseifici,Reggio Emilia,Italy,Mozzarella di Giovanni,0,Dairy Products,34.8,40,0.1
10812,1998-01-02,1998-01-30,1998-01-12,59.78,Italy,,REGGC,Reggiani Caseifici,Reggio Emilia,Italy,Original Frankfurter grüne Soße,0,Condiments,13.0,20,0.0
10813,1998-01-05,1998-02-02,1998-01-09,47.38,Brazil,RJ,RICAR,Ricardo Adocicados,Rio de Janeiro,Brazil,Chang,1,Beverages,19.0,12,0.2
10813,1998-01-05,1998-02-02,1998-01-09,47.38,Brazil,RJ,RICAR,Ricardo Adocicados,Rio de Janeiro,Brazil,Spegesild,0,Seafood,12.0,35,0.0
10814,1998-01-05,1998-02-02,1998-01-14,130.94,France,,VICTE,Victuailles en stock,Lyon,France,Jack's New England Clam Chowder,0,Seafood,9.65,20,0.0
10814,1998-01-05,1998-02-02,1998-01-14,130.94,France,,VICTE,Victuailles en stock,Lyon,France,Ipoh Coffee,0,Beverages,46.0,20,0.15
10814,1998-01-05,1998-02-02,1998-01-14,130.94,France,,VICTE,Victuailles en stock,Lyon,France,Chocolade,0,Confections,12.75,8,0.15
10814,1998-01-05,1998-02-02,1998-01-14,130.94,France,,VICTE,Victuailles en stock,Lyon,France,Sirop d'érable,0,Condiments,28.5,30,0.15
10815,1998-01-05,1998-02-02,1998-01-14,14.62,USA,ID,SAVEA,Save-a-lot Markets,Boise,USA,Geitost,0,Dairy Products,2.5,16,0.0
10816,1998-01-06,1998-02-03,1998-02-04,719.78,USA,OR,GREAL,Great Lakes Food Market,Eugene,USA,Côte de Blaye,0,Beverages,263.5,30,0.05
10816,1998-01-06,1998-02-03,1998-02-04,719.78,USA,OR,GREAL,Great Lakes Food Market,Eugene,USA,Tarte au sucre,0,Confections,49.3,20,0.05
10817,1998-01-06,1998-01-20,1998-01-13,306.07,Germany,,KOENE,Königlich Essen,Brandenburg,Germany,Gumbär Gummibärchen,0,Confections,31.23,40,0.15
10817,1998-01-06,1998-01-20,1998-01-13,306.07,Germany,,KOENE,Königlich Essen,Brandenburg,Germany,Côte de Blaye,0,Beverages,263.5,30,0.0
10817,1998-01-06,1998-01-20,1998-01-13,306.07,Germany,,KOENE,Königlich Essen,Brandenburg,Germany,Boston Crab Meat,0,Seafood,18.4,60,0.15
10817,1998-01-06,1998-01-20,1998-01-13,306.07,Germany,,KOENE,Königlich Essen,Brandenburg,Germany,Tarte au sucre,0,Confections,49.3,25,0.15
10818,1998-01-07,1998-02-04,1998-01-12,65.48,Italy,,MAGAA,Magazzini Alimentari Riuniti,Bergamo,Italy,Mascarpone Fabioli,0,Dairy Products,32.0,20,0.0
10818,1998-01-07,1998-02-04,1998-01-12,65.48,Italy,,MAGAA,Magazzini Alimentari Riuniti,Bergamo,Italy,Jack's New England Clam Chowder,0,Seafood,9.65,20,0.0
10819,1998-01-07,1998-02-04,1998-01-16,19.76,Argentina,,CACTU,Cactus Comidas para llevar,Buenos Aires,Argentina,Ipoh Coffee,0,Beverages,46.0,7,0.0
10819,1998-01-07,1998-02-04,1998-01-16,19.76,Argentina,,CACTU,Cactus Comidas para llevar,Buenos Aires,Argentina,Rhönbräu Klosterbier,0,Beverages,7.75,20,0.0
10820,1998-01-07,1998-02-04,1998-01-13,37.52,USA,NM,RATTC,Rattlesnake Canyon Grocery,Albuquerque,USA,Gnocchi di nonna Alice,0,Grains/Cereals,38.0,30,0.0
10821,1998-01-08,1998-02-05,1998-01-15,36.68,USA,WY,SPLIR,Split Rail Beer & Ale,Lander,USA,Steeleye Stout,0,Beverages,18.0,20,0.0
10821,1998-01-08,1998-02-05,1998-01-15,36.68,USA,WY,SPLIR,Split Rail Beer & Ale,Lander,USA,Manjimup Dried Apples,0,Produce,53.0,6,0.0
10822,1998-01-08,1998-02-05,1998-01-16,7.0,USA,WA,TRAIH,Trail's Head Gourmet Provisioners,Kirkland,USA,Tarte au sucre,0,Confections,49.3,3,0.0
10822,1998-01-08,1998-02-05,1998-01-16,7.0,USA,WA,TRAIH,Trail's Head Gourmet Provisioners,Kirkland,USA,Outback Lager,0,Beverages,15.0,6,0.0
10823,1998-01-09,1998-02-06,1998-01-13,163.97,Venezuela,Lara,LILAS,LILA-Supermercado,Barquisimeto,Venezuela,Queso Cabrales,0,Dairy Products,21.0,20,0.1
10823,1998-01-09,1998-02-06,1998-01-13,163.97,Venezuela,Lara,LILAS,LILA-Supermercado,Barquisimeto,Venezuela,Ravioli Angelo,0,Grains/Cereals,19.5,15,0.0
10823,1998-01-09,1998-02-06,1998-01-13,163.97,Venezuela,Lara,LILAS,LILA-Supermercado,Barquisimeto,Venezuela,Raclette Courdavault,0,Dairy Products,55.0,40,0.1
10823,1998-01-09,1998-02-06,1998-01-13,163.97,Venezuela,Lara,LILAS,LILA-Supermercado,Barquisimeto,Venezuela,Original Frankfurter grüne Soße,0,Condiments,13.0,15,0.1
10824,1998-01-09,1998-02-06,1998-01-30,1.23,Sweden,,FOLKO,Folk och fä HB,Bräcke,Sweden,Jack's New England Clam Chowder,0,Seafood,9.65,12,0.0
10824,1998-01-09,1998-02-06,1998-01-30,1.23,Sweden,,FOLKO,Folk och fä HB,Bräcke,Sweden,Outback Lager,0,Beverages,15.0,9,0.0
10825,1998-01-09,1998-02-06,1998-01-14,79.25,Germany,,DRACD,Drachenblut Delikatessen,Aachen,Germany,Gumbär Gummibärchen,0,Confections,31.23,12,0.0
10825,1998-01-09,1998-02-06,1998-01-14,79.25,Germany,,DRACD,Drachenblut Delikatessen,Aachen,Germany,Perth Pasties,1,Meat/Poultry,32.8,20,0.0
10826,1998-01-12,1998-02-09,1998-02-06,7.09,France,,BLONP,Blondesddsl père et fils,Strasbourg,France,Gorgonzola Telino,0,Dairy Products,12.5,35,0.0
10826,1998-01-12,1998-02-09,1998-02-06,7.09,France,,BLONP,Blondesddsl père et fils,Strasbourg,France,Ravioli Angelo,0,Grains/Cereals,19.5,15,0.0
10827,1998-01-12,1998-01-26,1998-02-06,63.54,France,,BONAP,Bon app',Marseille,France,Ikura,0,Seafood,31.0,15,0.0
10827,1998-01-12,1998-01-26,1998-02-06,63.54,France,,BONAP,Bon app',Marseille,France,Chartreuse verte,0,Beverages,18.0,21,0.0
10828,1998-01-13,1998-01-27,1998-02-04,90.85,Argentina,,RANCH,Rancho grande,Buenos Aires,Argentina,Sir Rodney's Marmalade,0,Confections,81.0,5,0.0
10828,1998-01-13,1998-01-27,1998-02-04,90.85,Argentina,,RANCH,Rancho grande,Buenos Aires,Argentina,Côte de Blaye,0,Beverages,263.5,2,0.0
10829,1998-01-13,1998-02-10,1998-01-23,154.72,UK,Isle of Wight,ISLAT,Island Trading,Cowes,UK,Chang,1,Beverages,19.0,10,0.0
10829,1998-01-13,1998-02-10,1998-01-23,154.72,UK,Isle of Wight,ISLAT,Island Trading,Cowes,UK,Northwoods Cranberry Sauce,0,Condiments,40.0,20,0.0
10829,1998-01-13,1998-02-10,1998-01-23,154.72,UK,Isle of Wight,ISLAT,Island Trading,Cowes,UK,Konbu,0,Seafood,6.0,10,0.0
10829,1998-01-13,1998-02-10,1998-01-23,154.72,UK,Isle of Wight,ISLAT,Island Trading,Cowes,UK,Camembert Pierrot,0,Dairy Products,34.0,21,0.0
10830,1998-01-13,1998-02-24,1998-01-21,81.83,Brazil,SP,TRADH,Tradição Hipermercados,Sao Paulo,Brazil,Grandma's Boysenberry Spread,0,Condiments,25.0,6,0.0
10830,1998-01-13,1998-02-24,1998-01-21,81.83,Brazil,SP,TRADH,Tradição Hipermercados,Sao Paulo,Brazil,Chartreuse verte,0,Beverages,18.0,28,0.0
10830,1998-01-13,1998-02-24,1998-01-21,81.83,Brazil,SP,TRADH,Tradição Hipermercados,Sao Paulo,Brazil,Camembert Pierrot,0,Dairy Products,34.0,30,0.0
10830,1998-01-13,1998-02-24,1998-01-21,81.83,Brazil,SP,TRADH,Tradição Hipermercados,Sao Paulo,Brazil,Scottish Longbreads,0,Confections,12.5,24,0.0
10831,1998-01-14,1998-02-11,1998-01-23,72.19,Norway,,SANTG,Santé Gourmet,Stavern,Norway,Teatime Chocolate Biscuits,0,Confections,9.2,2,0.0
10831,1998-01-14,1998-02-11,1998-01-23,72.19,Norway,,SANTG,Santé Gourmet,Stavern,Norway,Steeleye Stout,0,Beverages,18.0,8,0.0
10831,1998-01-14,1998-02-11,1998-01-23,72.19,Norway,,SANTG,Santé Gourmet,Stavern,Norway,Côte de Blaye,0,Beverages,263.5,8,0.0
10831,1998-01-14,1998-02-11,1998-01-23,72.19,Norway,,SANTG,Santé Gourmet,Stavern,Norway,Ipoh Coffee,0,Beverages,46.0,9,0.0
10832,1998-01-14,1998-02-11,1998-01-19,43.26,France,,LAMAI,La maison d'Asie,Toulouse,France,Konbu,0,Seafood,6.0,3,0.2
10832,1998-01-14,1998-02-11,1998-01-19,43.26,France,,LAMAI,La maison d'Asie,Toulouse,France,NuNuCa Nuß-Nougat-Creme,0,Confections,14.0,10,0.2
10832,1998-01-14,1998-02-11,1998-01-19,43.26,France,,LAMAI,La maison d'Asie,Toulouse,France,Gula Malacca,0,Condiments,19.45,16,0.2
10832,1998-01-14,1998-02-11,1998-01-19,43.26,France,,LAMAI,La maison d'Asie,Toulouse,France,Wimmers gute Semmelknödel,0,Grains/Cereals,33.25,3,0.0
10833,1998-01-15,1998-02-12,1998-01-23,71.49,Germany,,OTTIK,Ottilies Käseladen,Köln,Germany,Uncle Bob's Organic Dried Pears,0,Produce,30.0,20,0.1
10833,1998-01-15,1998-02-12,1998-01-23,71.49,Germany,,OTTIK,Ottilies Käseladen,Köln,Germany,Gorgonzola Telino,0,Dairy Products,12.5,9,0.1
10833,1998-01-15,1998-02-12,1998-01-23,71.49,Germany,,OTTIK,Ottilies Käseladen,Köln,Germany,Perth Pasties,1,Meat/Poultry,32.8,9,0.1
10834,1998-01-15,1998-02-12,1998-01-19,29.78,Brazil,SP,TRADH,Tradição Hipermercados,Sao Paulo,Brazil,Thüringer Rostbratwurst,1,Meat/Poultry,123.79,8,0.05
10834,1998-01-15,1998-02-12,1998-01-19,29.78,Brazil,SP,TRADH,Tradição Hipermercados,Sao Paulo,Brazil,Nord-Ost Matjeshering,0,Seafood,25.89,20,0.05
10835,1998-01-15,1998-02-12,1998-01-21,69.53,Germany,,ALFKI,Alfreds Futterkiste,Berlin,Germany,Raclette Courdavault,0,Dairy Products,55.0,15,0.0
10835,1998-01-15,1998-02-12,1998-01-21,69.53,Germany,,ALFKI,Alfreds Futterkiste,Berlin,Germany,Original Frankfurter grüne Soße,0,Condiments,13.0,2,0.2
10836,1998-01-16,1998-02-13,1998-01-21,411.88,Austria,,ERNSH,Ernst Handel,Graz,Austria,Gustaf's Knäckebröd,0,Grains/Cereals,21.0,52,0.0
10836,1998-01-16,1998-02-13,1998-01-21,411.88,Austria,,ERNSH,Ernst Handel,Graz,Austria,Steeleye Stout,0,Beverages,18.0,6,0.0
10836,1998-01-16,1998-02-13,1998-01-21,411.88,Austria,,ERNSH,Ernst Handel,Graz,Austria,Ravioli Angelo,0,Grains/Cereals,19.5,24,0.0
10836,1998-01-16,1998-02-13,1998-01-21,411.88,Austria,,ERNSH,Ernst Handel,Graz,Austria,Camembert Pierrot,0,Dairy Products,34.0,60,0.0
10836,1998-01-16,1998-02-13,1998-01-21,411.88,Austria,,ERNSH,Ernst Handel,Graz,Austria,Wimmers gute Semmelknödel,0,Grains/Cereals,33.25,30,0.0
10837,1998-01-16,1998-02-13,1998-01-23,13.32,Sweden,,BERGS,Berglunds snabbköp,Luleå,Sweden,Konbu,0,Seafood,6.0,6,0.0
10837,1998-01-16,1998-02-13,1998-01-23,13.32,Sweden,,BERGS,Berglunds snabbköp,Luleå,Sweden,Boston Crab Meat,0,Seafood,18.4,25,0.0
10837,1998-01-16,1998-02-13,1998-01-23,13.32,Sweden,,BERGS,Berglunds snabbköp,Luleå,Sweden,Zaanse koeken,0,Confections,9.5,40,0.25
10837,1998-01-16,1998-02-13,1998-01-23,13.32,Sweden,,BERGS,Berglunds snabbköp,Luleå,Sweden,Lakkalikööri,0,Beverages,18.0,21,0.25
10838,1998-01-19,1998-02-16,1998-01-23,59.28,Venezuela,Nueva Esparta,LINOD,LINO-Delicateses,I. de Margarita,Venezuela,Chai,1,Beverages,18.0,4,0.25
10838,1998-01-19,1998-02-16,1998-01-23,59.28,Venezuela,Nueva Esparta,LINOD,LINO-Delicateses,I. de Margarita,Venezuela,Carnarvon Tigers,0,Seafood,62.5,25,0.25
10838,1998-01-19,1998-02-16,1998-01-23,59.28,Venezuela,Nueva Esparta,LINOD,LINO-Delicateses,I. de Margarita,Venezuela,Inlagd Sill,0,Seafood,19.0,50,0.25
10839,1998-01-19,1998-02-16,1998-01-22,35.43,Brazil,SP,TRADH,Tradição Hipermercados,Sao Paulo,Brazil,Escargots de Bourgogne,0,Seafood,13.25,30,0.1
10839,1998-01-19,1998-02-16,1998-01-22,35.43,Brazil,SP,TRADH,Tradição Hipermercados,Sao Paulo,Brazil,Mozzarella di Giovanni,0,Dairy Products,34.8,15,0.1
10840,1998-01-19,1998-03-02,1998-02-16,2.71,Venezuela,Nueva Esparta,LINOD,LINO-Delicateses,I. de Margarita,Venezuela,NuNuCa Nuß-Nougat-Creme,0,Confections,14.0,6,0.2
10840,1998-01-19,1998-03-02,1998-02-16,2.71,Venezuela,Nueva Esparta,LINOD,LINO-Delicateses,I. de Margarita,Venezuela,Chartreuse verte,0,Beverages,18.0,10,0.2
10841,1998-01-20,1998-02-17,1998-01-29,424.3,Belgium,,SUPRD,Suprêmes délices,Charleroi,Belgium,Ikura,0,Seafood,31.0,16,0.0
10841,1998-01-20,1998-02-17,1998-01-29,424.3,Belgium,,SUPRD,Suprêmes délices,Charleroi,Belgium,Gnocchi di nonna Alice,0,Grains/Cereals,38.0,30,0.0
10841,1998-01-20,1998-02-17,1998-01-29,424.3,Belgium,,SUPRD,Suprêmes délices,Charleroi,Belgium,Raclette Courdavault,0,Dairy Products,55.0,50,0.0
10841,1998-01-20,1998-02-17,1998-01-29,424.3,Belgium,,SUPRD,Suprêmes délices,Charleroi,Belgium,Original Frankfurter grüne Soße,0,Condiments,13.0,15,0.0
10842,1998-01-20,1998-02-17,1998-01-29,54.42,Mexico,,TORTU,Tortuga Restaurante,México D.F.,Mexico,Queso Cabrales,0,Dairy Products,21.0,15,0.0
10842,1998-01-20,1998-02-17,1998-01-29,54.42,Mexico,,TORTU,Tortuga Restaurante,México D.F.,Mexico,Ipoh Coffee,0,Beverages,46.0,5,0.0
10842,1998-01-20,1998-02-17,1998-01-29,54.42,Mexico,,TORTU,Tortuga Restaurante,México D.F.,Mexico,Scottish Longbreads,0,Confections,12.5,20,0.0
10842,1998-01-20,1998-02-17,1998-01-29,54.42,Mexico,,TORTU,Tortuga Restaurante,México D.F.,Mexico,Outback Lager,0,Beverages,15.0,12,0.0
10843,1998-01-21,1998-02-18,1998-01-26,9.26,France,,VICTE,Victuailles en stock,Lyon,France,Manjimup Dried Apples,0,Produce,53.0,4,0.25
10844,1998-01-21,1998-02-18,1998-01-26,25.22,Austria,,PICCO,Piccolo und mehr,Salzburg,Austria,Gustaf's Knäckebröd,0,Grains/Cereals,21.0,35,0.0
10845,1998-01-21,1998-02-04,1998-01-30,212.98,Germany,,QUICK,QUICK-Stop,Cunewalde,Germany,Tunnbröd,0,Grains/Cereals,9.0,70,0.1
10845,1998-01-21,1998-02-04,1998-01-30,212.98,Germany,,QUICK,QUICK-Stop,Cunewalde,Germany,Steeleye Stout,0,Beverages,18.0,25,0.1
10845,1998-01-21,1998-02-04,1998-01-30,212.98,Germany,,QUICK,QUICK-Stop,Cunewalde,Germany,Singaporean Hokkien Fried Mee,1,Grains/Cereals,14.0,42,0.1
10845,1998-01-21,1998-02-04,1998-01-30,212.98,Germany,,QUICK,QUICK-Stop,Cunewalde,Germany,Escargots de Bourgogne,0,Seafood,13.25,60,0.1
10845,1998-01-21,1998-02-04,1998-01-30,212.98,Germany,,QUICK,QUICK-Stop,Cunewalde,Germany,Wimmers gute Semmelknödel,0,Grains/Cereals,33.25,48,0.0
10846,1998-01-22,1998-03-05,1998-01-23,56.46,Belgium,,SUPRD,Suprêmes délices,Charleroi,Belgium,Chef Anton's Cajun Seasoning,0,Condiments,22.0,21,0.0
10846,1998-01-22,1998-03-05,1998-01-23,56.46,Belgium,,SUPRD,Suprêmes délices,Charleroi,Belgium,Outback Lager,0,Beverages,15.0,30,0.0
10846,1998-01-22,1998-03-05,1998-01-23,56.46,Belgium,,SUPRD,Suprêmes délices,Charleroi,Belgium,Longlife Tofu,0,Produce,10.0,20,0.0
10847,1998-01-22,1998-02-05,1998-02-10,487.57,USA,ID,SAVEA,Save-a-lot Markets,Boise,USA,Chai,1,Beverages,18.0,80,0.2
10847,1998-01-22,1998-02-05,1998-02-10,487.57,USA,ID,SAVEA,Save-a-lot Markets,Boise,USA,Teatime Chocolate Biscuits,0,Confections,9.2,12,0.2
10847,1998-01-22,1998-02-05,1998-02-10,487.57,USA,ID,SAVEA,Save-a-lot Markets,Boise,USA,Gravad lax,0,Seafood,26.0,60,0.2
10847,1998-01-22,1998-02-05,1998-02-10,487.57,USA,ID,SAVEA,Save-a-lot Markets,Boise,USA,Rogede sild,0,Seafood,9.5,36,0.2
10847,1998-01-22,1998-02-05,1998-02-10,487.57,USA,ID,SAVEA,Save-a-lot Markets,Boise,USA,Camembert Pierrot,0,Dairy Products,34.0,45,0.2
10847,1998-01-22,1998-02-05,1998-02-10,487.57,USA,ID,SAVEA,Save-a-lot Markets,Boise,USA,Flotemysost,0,Dairy Products,21.5,55,0.2
10848,1998-01-23,1998-02-20,1998-01-29,38.24,UK,,CONSH,Consolidated Holdings,London,UK,Chef Anton's Gumbo Mix,1,Condiments,21.35,30,0.0
10848,1998-01-23,1998-02-20,1998-01-29,38.24,UK,,CONSH,Consolidated Holdings,London,UK,Mishi Kobe Niku,1,Meat/Poultry,97.0,3,0.0
10849,1998-01-23,1998-02-20,1998-01-30,0.56,Germany,,KOENE,Königlich Essen,Brandenburg,Germany,Aniseed Syrup,0,Condiments,10.0,49,0.0
10849,1998-01-23,1998-02-20,1998-01-30,0.56,Germany,,KOENE,Königlich Essen,Brandenburg,Germany,Gumbär Gummibärchen,0,Confections,31.23,18,0.15
10850,1998-01-23,1998-03-06,1998-01-30,49.19,France,,VICTE,Victuailles en stock,Lyon,France,NuNuCa Nuß-Nougat-Creme,0,Confections,14.0,20,0.15
10850,1998-01-23,1998-03-06,1998-01-30,49.19,France,,VICTE,Victuailles en stock,Lyon,France,Geitost,0,Dairy Products,2.5,4,0.15
10850,1998-01-23,1998-03-06,1998-01-30,49.19,France,,VICTE,Victuailles en stock,Lyon,France,Outback Lager,0,Beverages,15.0,30,0.15
10851,1998-01-26,1998-02-23,1998-02-02,160.55,Brazil,RJ,RICAR,Ricardo Adocicados,Rio de Janeiro,Brazil,Chang,1,Beverages,19.0,5,0.05
10851,1998-01-26,1998-02-23,1998-02-02,160.55,Brazil,RJ,RICAR,Ricardo Adocicados,Rio de Janeiro,Brazil,NuNuCa Nuß-Nougat-Creme,0,Confections,14.0,10,0.05
10851,1998-01-26,1998-02-23,1998-02-02,160.55,Brazil,RJ,RICAR,Ricardo Adocicados,Rio de Janeiro,Brazil,Ravioli Angelo,0,Grains/Cereals,19.5,10,0.05
10851,1998-01-26,1998-02-23,1998-02-02,160.55,Brazil,RJ,RICAR,Ricardo Adocicados,Rio de Janeiro,Brazil,Raclette Courdavault,0,Dairy Products,55.0,42,0.05
10852,1998-01-26,1998-02-09,1998-01-30,174.05,USA,NM,RATTC,Rattlesnake Canyon Grocery,Albuquerque,USA,Chang,1,Beverages,19.0,15,0.0
10852,1998-01-26,1998-02-09,1998-01-30,174.05,USA,NM,RATTC,Rattlesnake Canyon Grocery,Albuquerque,USA,Alice Mutton,1,Meat/Poultry,39.0,6,0.0
10852,1998-01-26,1998-02-09,1998-01-30,174.05,USA,NM,RATTC,Rattlesnake Canyon Grocery,Albuquerque,USA,Tarte au sucre,0,Confections,49.3,50,0.0
10853,1998-01-27,1998-02-24,1998-02-03,53.83,Germany,,BLAUS,Blauer See Delikatessen,Mannheim,Germany,Carnarvon Tigers,0,Seafood,62.5,10,0.0
10854,1998-01-27,1998-02-24,1998-02-05,100.22,Austria,,ERNSH,Ernst Handel,Graz,Austria,Ikura,0,Seafood,31.0,100,0.15
10854,1998-01-27,1998-02-24,1998-02-05,100.22,Austria,,ERNSH,Ernst Handel,Graz,Austria,Konbu,0,Seafood,6.0,65,0.15
10855,1998-01-27,1998-02-24,1998-02-04,170.97,USA,AK,OLDWO,Old World Delicatessen,Anchorage,USA,Pavlova,0,Confections,17.45,50,0.0
10855,1998-01-27,1998-02-24,1998-02-04,170.97,USA,AK,OLDWO,Old World Delicatessen,Anchorage,USA,Gorgonzola Telino,0,Dairy Products,12.5,14,0.0
10855,1998-01-27,1998-02-24,1998-02-04,170.97,USA,AK,OLDWO,Old World Delicatessen,Anchorage,USA,Gnocchi di nonna Alice,0,Grains/Cereals,38.0,24,0.0
10855,1998-01-27,1998-02-24,1998-02-04,170.97,USA,AK,OLDWO,Old World Delicatessen,Anchorage,USA,Louisiana Fiery Hot Pepper Sauce,0,Condiments,21.05,15,0.15
10856,1998-01-28,1998-02-25,1998-02-10,58.43,Mexico,,ANTON,Antonio Moreno Taquería,México D.F.,Mexico,Chang,1,Beverages,19.0,20,0.0
10856,1998-01-28,1998-02-25,1998-02-10,58.43,Mexico,,ANTON,Antonio Moreno Taquería,México D.F.,Mexico,Singaporean Hokkien Fried Mee,1,Grains/Cereals,14.0,20,0.0
10857,1998-01-28,1998-02-25,1998-02-06,188.85,Sweden,,BERGS,Berglunds snabbköp,Luleå,Sweden,Aniseed Syrup,0,Condiments,10.0,30,0.0
10857,1998-01-28,1998-02-25,1998-02-06,188.85,Sweden,,BERGS,Berglunds snabbköp,Luleå,Sweden,Gumbär Gummibärchen,0,Confections,31.23,35,0.25
10857,1998-01-28,1998-02-25,1998-02-06,188.85,Sweden,,BERGS,Berglunds snabbköp,Luleå,Sweden,Thüringer Rostbratwurst,1,Meat/Poultry,123.79,10,0.25
10858,1998-01-29,1998-02-26,1998-02-03,52.51,France,,LACOR,La corne d'abondance,Versailles,France,Uncle Bob's Organic Dried Pears,0,Produce,30.0,5,0.0
10858,1998-01-29,1998-02-26,1998-02-03,52.51,France,,LACOR,La corne d'abondance,Versailles,France,Schoggi Schokolade,0,Confections,43.9,10,0.0
10858,1998-01-29,1998-02-26,1998-02-03,52.51,France,,LACOR,La corne d'abondance,Versailles,France,Outback Lager,0,Beverages,15.0,4,0.0
10859,1998-01-29,1998-02-26,1998-02-02,76.1,Germany,,FRANK,Frankenversand,München,Germany,Guaraná Fantástica,1,Beverages,4.5,40,0.25
10859,1998-01-29,1998-02-26,1998-02-02,76.1,Germany,,FRANK,Frankenversand,München,Germany,Tourtière,0,Meat/Poultry,7.45,35,0.25
10859,1998-01-29,1998-02-26,1998-02-02,76.1,Germany,,FRANK,Frankenversand,München,Germany,Wimmers gute Semmelknödel,0,Grains/Cereals,33.25,30,0.25
10860,1998-01-29,1998-02-26,1998-02-04,19.26,France,,FRANR,France restauration,Nantes,France,Manjimup Dried Apples,0,Produce,53.0,3,0.0
10860,1998-01-29,1998-02-26,1998-02-04,19.26,France,,FRANR,France restauration,Nantes,France,Lakkalikööri,0,Beverages,18.0,20,0.0
10861,1998-01-30,1998-02-27,1998-02-17,14.93,USA,WA,WHITC,White Clover Markets,Seattle,USA,Alice Mutton,1,Meat/Poultry,39.0,42,0.0
10861,1998-01-30,1998-02-27,1998-02-17,14.93,USA,WA,WHITC,White Clover Markets,Seattle,USA,Carnarvon Tigers,0,Seafood,62.5,20,0.0
10861,1998-01-30,1998-02-27,1998-02-17,14.93,USA,WA,WHITC,White Clover Markets,Seattle,USA,Sir Rodney's Scones,0,Confections,10.0,40,0.0
10861,1998-01-30,1998-02-27,1998-02-17,14.93,USA,WA,WHITC,White Clover Markets,Seattle,USA,Geitost,0,Dairy Products,2.5,35,0.0
10861,1998-01-30,1998-02-27,1998-02-17,14.93,USA,WA,WHITC,White Clover Markets,Seattle,USA,Tarte au sucre,0,Confections,49.3,3,0.0
10862,1998-01-30,1998-03-13,1998-02-02,53.23,Germany,,LEHMS,Lehmanns Marktstand,Frankfurt a.M.,Germany,Queso Cabrales,0,Dairy Products,21.0,25,0.0
10862,1998-01-30,1998-03-13,1998-02-02,53.23,Germany,,LEHMS,Lehmanns Marktstand,Frankfurt a.M.,Germany,Filo Mix,0,Grains/Cereals,7.0,8,0.0
10863,1998-02-02,1998-03-02,1998-02-17,30.26,Venezuela,Táchira,HILAA,HILARION-Abastos,San Cristóbal,Venezuela,Chai,1,Beverages,18.0,20,0.15
10863,1998-02-02,1998-03-02,1998-02-17,30.26,Venezuela,Táchira,HILAA,HILARION-Abastos,San Cristóbal,Venezuela,Escargots de Bourgogne,0,Seafood,13.25,12,0.15
10864,1998-02-02,1998-03-02,1998-02-09,3.04,UK,Essex,AROUT,Around the Horn,London,UK,Steeleye Stout,0,Beverages,18.0,4,0.0
10864,1998-02-02,1998-03-02,1998-02-09,3.04,UK,Essex,AROUT,Around the Horn,London,UK,Laughing Lumberjack Lager,0,Beverages,14.0,15,0.0
10865,1998-02-02,1998-02-16,1998-02-12,348.14,Germany,,QUICK,QUICK-Stop,Cunewalde,Germany,Côte de Blaye,0,Beverages,263.5,60,0.05
10865,1998-02-02,1998-02-16,1998-02-12,348.14,Germany,,QUICK,QUICK-Stop,Cunewalde,Germany,Chartreuse verte,0,Beverages,18.0,80,0.05
10866,1998-02-03,1998-03-03,1998-02-12,109.11,Sweden,,BERGS,Berglunds snabbköp,Luleå,Sweden,Chang,1,Beverages,19.0,21,0.25
10866,1998-02-03,1998-03-03,1998-02-12,109.11,Sweden,,BERGS,Berglunds snabbköp,Luleå,Sweden,Guaraná Fantástica,1,Beverages,4.5,6,0.25
10866,1998-02-03,1998-03-03,1998-02-12,109.11,Sweden,,BERGS,Berglunds snabbköp,Luleå,Sweden,Nord-Ost Matjeshering,0,Seafood,25.89,40,0.25
10867,1998-02-03,1998-03-17,1998-02-11,1.93,USA,OR,LONEP,Lonesome Pine Restaurant,Portland,USA,Perth Pasties,1,Meat/Poultry,32.8,3,0.0
10868,1998-02-04,1998-03-04,1998-02-23,191.27,Brazil,SP,QUEEN,Queen Cozinha,Sao Paulo,Brazil,Gumbär Gummibärchen,0,Confections,31.23,20,0.0
10868,1998-02-04,1998-03-04,1998-02-23,191.27,Brazil,SP,QUEEN,Queen Cozinha,Sao Paulo,Brazil,Steeleye Stout,0,Beverages,18.0,30,0.0
10868,1998-02-04,1998-03-04,1998-02-23,191.27,Brazil,SP,QUEEN,Queen Cozinha,Sao Paulo,Brazil,Maxilaku,0,Confections,20.0,42,0.1
10869,1998-02-04,1998-03-04,1998-02-09,143.28,UK,,SEVES,Seven Seas Imports,London,UK,Chai,1,Beverages,18.0,40,0.0
10869,1998-02-04,1998-03-04,1998-02-09,143.28,UK,,SEVES,Seven Seas Imports,London,UK,Queso Cabrales,0,Dairy Products,21.0,10,0.0
10869,1998-02-04,1998-03-04,1998-02-09,143.28,UK,,SEVES,Seven Seas Imports,London,UK,Tunnbröd,0,Grains/Cereals,9.0,50,0.0
10869,1998-02-04,1998-03-04,1998-02-09,143.28,UK,,SEVES,Seven Seas Imports,London,UK,Scottish Longbreads,0,Confections,12.5,20,0.0
10870,1998-02-04,1998-03-04,1998-02-13,12.04,Poland,,WOLZA,Wolski  Zajazd,Warszawa,Poland,Steeleye Stout,0,Beverages,18.0,3,0.0
10870,1998-02-04,1998-03-04,1998-02-13,12.04,Poland,,WOLZA,Wolski  Zajazd,Warszawa,Poland,Manjimup Dried Apples,0,Produce,53.0,2,0.0
10871,1998-02-05,1998-03-05,1998-02-10,112.27,France,,BONAP,Bon app',Marseille,France,Grandma's Boysenberry Spread,0,Condiments,25.0,50,0.05
10871,1998-02-05,1998-03-05,1998-02-10,112.27,France,,BONAP,Bon app',Marseille,France,Pavlova,0,Confections,17.45,12,0.05
10871,1998-02-05,1998-03-05,1998-02-10,112.27,France,,BONAP,Bon app',Marseille,France,Alice Mutton,1,Meat/Poultry,39.0,16,0.05
10872,1998-02-05,1998-03-05,1998-02-09,175.32,Spain,,GODOS,Godos Cocina Típica,Sevilla,Spain,Pâté chinois,0,Meat/Poultry,24.0,10,0.05
10872,1998-02-05,1998-03-05,1998-02-09,175.32,Spain,,GODOS,Godos Cocina Típica,Sevilla,Spain,Tarte au sucre,0,Confections,49.3,20,0.05
10872,1998-02-05,1998-03-05,1998-02-09,175.32,Spain,,GODOS,Godos Cocina Típica,Sevilla,Spain,Wimmers gute Semmelknödel,0,Grains/Cereals,33.25,15,0.05
10872,1998-02-05,1998-03-05,1998-02-09,175.32,Spain,,GODOS,Godos Cocina Típica,Sevilla,Spain,Louisiana Fiery Hot Pepper Sauce,0,Condiments,21.05,21,0.05
10873,1998-02-06,1998-03-06,1998-02-09,0.82,Finland,,WILMK,Wilman Kala,Helsinki,Finland,Sir Rodney's Scones,0,Confections,10.0,20,0.0
10873,1998-02-06,1998-03-06,1998-02-09,0.82,Finland,,WILMK,Wilman Kala,Helsinki,Finland,Rössle Sauerkraut,1,Produce,45.6,3,0.0
10874,1998-02-06,1998-03-06,1998-02-11,19.58,Spain,,GODOS,Godos Cocina Típica,Sevilla,Spain,Ikura,0,Seafood,31.0,10,0.0
10875,1998-02-06,1998-03-06,1998-03-03,32.37,Sweden,,BERGS,Berglunds snabbköp,Luleå,Sweden,Teatime Chocolate Biscuits,0,Confections,9.2,25,0.0
10875,1998-02-06,1998-03-06,1998-03-03,32.37,Sweden,,BERGS,Berglunds snabbköp,Luleå,Sweden,Zaanse koeken,0,Confections,9.5,21,0.1
10875,1998-02-06,1998-03-06,1998-03-03,32.37,Sweden,,BERGS,Berglunds snabbköp,Luleå,Sweden,Maxilaku,0,Confections,20.0,15,0.0
10876,1998-02-09,1998-03-09,1998-02-12,60.42,France,,BONAP,Bon app',Marseille,France,Spegesild,0,Seafood,12.0,21,0.0
10876,1998-02-09,1998-03-09,1998-02-12,60.42,France,,BONAP,Bon app',Marseille,France,Wimmers gute Semmelknödel,0,Grains/Cereals,33.25,20,0.0
10877,1998-02-09,1998-03-09,1998-02-19,38.06,Brazil,RJ,RICAR,Ricardo Adocicados,Rio de Janeiro,Brazil,Pavlova,0,Confections,17.45,30,0.25
10877,1998-02-09,1998-03-09,1998-02-19,38.06,Brazil,RJ,RICAR,Ricardo Adocicados,Rio de Janeiro,Brazil,Carnarvon Tigers,0,Seafood,62.5,25,0.0
10878,1998-02-10,1998-03-10,1998-02-12,46.69,Germany,,QUICK,QUICK-Stop,Cunewalde,Germany,Sir Rodney's Marmalade,0,Confections,81.0,20,0.05
10879,1998-02-10,1998-03-10,1998-02-12,8.5,Finland,,WILMK,Wilman Kala,Helsinki,Finland,Boston Crab Meat,0,Seafood,18.4,12,0.0
10879,1998-02-10,1998-03-10,1998-02-12,8.5,Finland,,WILMK,Wilman Kala,Helsinki,Finland,Louisiana Fiery Hot Pepper Sauce,0,Condiments,21.05,10,0.0
10879,1998-02-10,1998-03-10,1998-02-12,8.5,Finland,,WILMK,Wilman Kala,Helsinki,Finland,Lakkalikööri,0,Beverages,18.0,10,0.0
10880,1998-02-10,1998-03-24,1998-02-18,88.01,Sweden,,FOLKO,Folk och fä HB,Bräcke,Sweden,Tunnbröd,0,Grains/Cereals,9.0,30,0.2
10880,1998-02-10,1998-03-24,1998-02-18,88.01,Sweden,,FOLKO,Folk och fä HB,Bräcke,Sweden,Sirop d'érable,0,Condiments,28.5,30,0.2
10880,1998-02-10,1998-03-24,1998-02-18,88.01,Sweden,,FOLKO,Folk och fä HB,Bräcke,Sweden,Outback Lager,0,Beverages,15.0,50,0.2
10881,1998-02-11,1998-03-11,1998-02-18,2.84,Argentina,,CACTU,Cactus Comidas para llevar,Buenos Aires,Argentina,Röd Kaviar,0,Seafood,15.0,10,0.0
10882,1998-02-11,1998-03-11,1998-02-20,23.1,USA,ID,SAVEA,Save-a-lot Markets,Boise,USA,Singaporean Hokkien Fried Mee,1,Grains/Cereals,14.0,25,0.0
10882,1998-02-11,1998-03-11,1998-02-20,23.1,USA,ID,SAVEA,Save-a-lot Markets,Boise,USA,Maxilaku,0,Confections,20.0,20,0.15
10882,1998-02-11,1998-03-11,1998-02-20,23.1,USA,ID,SAVEA,Save-a-lot Markets,Boise,USA,Tourtière,0,Meat/Poultry,7.45,32,0.15
10883,1998-02-12,1998-03-12,1998-02-20,0.53,USA,OR,LONEP,Lonesome Pine Restaurant,Portland,USA,Guaraná Fantástica,1,Beverages,4.5,8,0.0
10884,1998-02-12,1998-03-12,1998-02-13,90.97,USA,CA,LETSS,Let's Stop N Shop,San Francisco,USA,Sir Rodney's Scones,0,Confections,10.0,40,0.05
10884,1998-02-12,1998-03-12,1998-02-13,90.97,USA,CA,LETSS,Let's Stop N Shop,San Francisco,USA,Gnocchi di nonna Alice,0,Grains/Cereals,38.0,21,0.05
10884,1998-02-12,1998-03-12,1998-02-13,90.97,USA,CA,LETSS,Let's Stop N Shop,San Francisco,USA,Louisiana Fiery Hot Pepper Sauce,0,Condiments,21.05,12,0.05
10885,1998-02-12,1998-03-12,1998-02-18,5.64,Belgium,,SUPRD,Suprêmes délices,Charleroi,Belgium,Chang,1,Beverages,19.0,20,0.0
10885,1998-02-12,1998-03-12,1998-02-18,5.64,Belgium,,SUPRD,Suprêmes délices,Charleroi,Belgium,Guaraná Fantástica,1,Beverages,4.5,12,0.0
10885,1998-02-12,1998-03-12,1998-02-18,5.64,Belgium,,SUPRD,Suprêmes délices,Charleroi,Belgium,Outback Lager,0,Beverages,15.0,30,0.0
10885,1998-02-12,1998-03-12,1998-02-18,5.64,Belgium,,SUPRD,Suprêmes délices,Charleroi,Belgium,Original Frankfurter grüne Soße,0,Condiments,13.0,25,0.0
10886,1998-02-13,1998-03-13,1998-03-02,4.99,Brazil,RJ,HANAR,Hanari Carnes,Rio de Janeiro,Brazil,Ikura,0,Seafood,31.0,70,0.0
10886,1998-02-13,1998-03-13,1998-03-02,4.99,Brazil,RJ,HANAR,Hanari Carnes,Rio de Janeiro,Brazil,Gorgonzola Telino,0,Dairy Products,12.5,35,0.0
10886,1998-02-13,1998-03-13,1998-03-02,4.99,Brazil,RJ,HANAR,Hanari Carnes,Rio de Janeiro,Brazil,Original Frankfurter grüne Soße,0,Condiments,13.0,40,0.0
10887,1998-02-13,1998-03-13,1998-02-16,1.25,Spain,,GALED,Galería del gastrónomo,Barcelona,Spain,NuNuCa Nuß-Nougat-Creme,0,Confections,14.0,5,0.0
10888,1998-02-16,1998-03-16,1998-02-23,51.87,Spain,,GODOS,Godos Cocina Típica,Sevilla,Spain,Chang,1,Beverages,19.0,20,0.0
10888,1998-02-16,1998-03-16,1998-02-23,51.87,Spain,,GODOS,Godos Cocina Típica,Sevilla,Spain,Scottish Longbreads,0,Confections,12.5,18,0.0
10889,1998-02-16,1998-03-16,1998-02-23,280.61,USA,NM,RATTC,Rattlesnake Canyon Grocery,Albuquerque,USA,Queso Cabrales,0,Dairy Products,21.0,40,0.0
10889,1998-02-16,1998-03-16,1998-02-23,280.61,USA,NM,RATTC,Rattlesnake Canyon Grocery,Albuquerque,USA,Côte de Blaye,0,Beverages,263.5,40,0.0
10890,1998-02-16,1998-03-16,1998-02-18,32.76,France,,DUMON,Du monde entier,Nantes,France,Alice Mutton,1,Meat/Poultry,39.0,15,0.0
10890,1998-02-16,1998-03-16,1998-02-18,32.76,France,,DUMON,Du monde entier,Nantes,France,Sasquatch Ale,0,Beverages,14.0,10,0.0
10890,1998-02-16,1998-03-16,1998-02-18,32.76,France,,DUMON,Du monde entier,Nantes,France,Jack's New England Clam Chowder,0,Seafood,9.65,14,0.0
10891,1998-02-17,1998-03-17,1998-02-19,20.37,Germany,,LEHMS,Lehmanns Marktstand,Frankfurt a.M.,Germany,Nord-Ost Matjeshering,0,Seafood,25.89,15,0.05
10892,1998-02-17,1998-03-17,1998-02-19,120.27,Belgium,,MAISD,Maison Dewey,Bruxelles,Belgium,Raclette Courdavault,0,Dairy Products,55.0,40,0.05
10893,1998-02-18,1998-03-18,1998-02-20,77.78,Germany,,KOENE,Königlich Essen,Brandenburg,Germany,Northwoods Cranberry Sauce,0,Condiments,40.0,30,0.0
10893,1998-02-18,1998-03-18,1998-02-20,77.78,Germany,,KOENE,Königlich Essen,Brandenburg,Germany,Guaraná Fantástica,1,Beverages,4.5,10,0.0
10893,1998-02-18,1998-03-18,1998-02-20,77.78,Germany,,KOENE,Königlich Essen,Brandenburg,Germany,Thüringer Rostbratwurst,1,Meat/Poultry,123.79,24,0.0
10893,1998-02-18,1998-03-18,1998-02-20,77.78,Germany,,KOENE,Königlich Essen,Brandenburg,Germany,Nord-Ost Matjeshering,0,Seafood,25.89,35,0.0
10893,1998-02-18,1998-03-18,1998-02-20,77.78,Germany,,KOENE,Königlich Essen,Brandenburg,Germany,Inlagd Sill,0,Seafood,19.0,20,0.0
10894,1998-02-18,1998-03-18,1998-02-20,116.13,USA,ID,SAVEA,Save-a-lot Markets,Boise,USA,Konbu,0,Seafood,6.0,28,0.05
10894,1998-02-18,1998-03-18,1998-02-20,116.13,USA,ID,SAVEA,Save-a-lot Markets,Boise,USA,Gudbrandsdalsost,0,Dairy Products,36.0,50,0.05
10894,1998-02-18,1998-03-18,1998-02-20,116.13,USA,ID,SAVEA,Save-a-lot Markets,Boise,USA,Rhönbräu Klosterbier,0,Beverages,7.75,120,0.05
10895,1998-02-18,1998-03-18,1998-02-23,162.75,Austria,,ERNSH,Ernst Handel,Graz,Austria,Guaraná Fantástica,1,Beverages,4.5,110,0.0
10895,1998-02-18,1998-03-18,1998-02-23,162.75,Austria,,ERNSH,Ernst Handel,Graz,Austria,Chartreuse verte,0,Beverages,18.0,45,0.0
10895,1998-02-18,1998-03-18,1998-02-23,162.75,Austria,,ERNSH,Ernst Handel,Graz,Austria,Boston Crab Meat,0,Seafood,18.4,91,0.0
10895,1998-02-18,1998-03-18,1998-02-23,162.75,Austria,,ERNSH,Ernst Handel,Graz,Austria,Camembert Pierrot,0,Dairy Products,34.0,100,0.0
10896,1998-02-19,1998-03-19,1998-02-27,32.45,Belgium,,MAISD,Maison Dewey,Bruxelles,Belgium,Rogede sild,0,Seafood,9.5,15,0.0
10896,1998-02-19,1998-03-19,1998-02-27,32.45,Belgium,,MAISD,Maison Dewey,Bruxelles,Belgium,Gnocchi di nonna Alice,0,Grains/Cereals,38.0,16,0.0
10897,1998-02-19,1998-03-19,1998-02-25,603.54,Ireland,Co. Cork,HUNGO,Hungry Owl All-Night Grocers,Cork,Ireland,Thüringer Rostbratwurst,1,Meat/Poultry,123.79,80,0.0
10897,1998-02-19,1998-03-19,1998-02-25,603.54,Ireland,Co. Cork,HUNGO,Hungry Owl All-Night Grocers,Cork,Ireland,Nord-Ost Matjeshering,0,Seafood,25.89,36,0.0
10898,1998-02-20,1998-03-20,1998-03-06,1.27,Argentina,,OCEAN,Océano Atlántico Ltda.,Buenos Aires,Argentina,Konbu,0,Seafood,6.0,5,0.0
10899,1998-02-20,1998-03-20,1998-02-26,1.21,Venezuela,Lara,LILAS,LILA-Supermercado,Barquisimeto,Venezuela,Chartreuse verte,0,Beverages,18.0,8,0.15
10900,1998-02-20,1998-03-20,1998-03-04,1.66,Brazil,SP,WELLI,Wellington Importadora,Resende,Brazil,Outback Lager,0,Beverages,15.0,3,0.25
10901,1998-02-23,1998-03-23,1998-02-26,62.09,Venezuela,Táchira,HILAA,HILARION-Abastos,San Cristóbal,Venezuela,Jack's New England Clam Chowder,0,Seafood,9.65,30,0.0
10901,1998-02-23,1998-03-23,1998-02-26,62.09,Venezuela,Táchira,HILAA,HILARION-Abastos,San Cristóbal,Venezuela,Flotemysost,0,Dairy Products,21.5,30,0.0
10902,1998-02-23,1998-03-23,1998-03-03,44.15,Sweden,,FOLKO,Folk och fä HB,Bräcke,Sweden,Pâté chinois,0,Meat/Poultry,24.0,30,0.15
10902,1998-02-23,1998-03-23,1998-03-03,44.15,Sweden,,FOLKO,Folk och fä HB,Bräcke,Sweden,Tarte au sucre,0,Confections,49.3,6,0.15
10903,1998-02-24,1998-03-24,1998-03-04,36.71,Brazil,RJ,HANAR,Hanari Carnes,Rio de Janeiro,Brazil,Konbu,0,Seafood,6.0,40,0.0
10903,1998-02-24,1998-03-24,1998-03-04,36.71,Brazil,RJ,HANAR,Hanari Carnes,Rio de Janeiro,Brazil,Louisiana Fiery Hot Pepper Sauce,0,Condiments,21.05,21,0.0
10903,1998-02-24,1998-03-24,1998-03-04,36.71,Brazil,RJ,HANAR,Hanari Carnes,Rio de Janeiro,Brazil,Scottish Longbreads,0,Confections,12.5,20,0.0
10904,1998-02-24,1998-03-24,1998-02-27,162.95,USA,WA,WHITC,White Clover Markets,Seattle,USA,Escargots de Bourgogne,0,Seafood,13.25,15,0.0
10904,1998-02-24,1998-03-24,1998-02-27,162.95,USA,WA,WHITC,White Clover Markets,Seattle,USA,Tarte au sucre,0,Confections,49.3,35,0.0
10905,1998-02-24,1998-03-24,1998-03-06,13.72,Brazil,SP,WELLI,Wellington Importadora,Resende,Brazil,Chai,1,Beverages,18.0,20,0.05
10906,1998-02-25,1998-03-11,1998-03-03,26.29,Poland,,WOLZA,Wolski  Zajazd,Warszawa,Poland,Sirop d'érable,0,Condiments,28.5,15,0.0
10907,1998-02-25,1998-03-25,1998-02-27,9.19,France,,SPECD,Spécialités du monde,Paris,France,Rhönbräu Klosterbier,0,Beverages,7.75,14,0.0
10908,1998-02-26,1998-03-26,1998-03-06,32.96,Italy,,REGGC,Reggiani Caseifici,Reggio Emilia,Italy,Uncle Bob's Organic Dried Pears,0,Produce,30.0,20,0.05
10908,1998-02-26,1998-03-26,1998-03-06,32.96,Italy,,REGGC,Reggiani Caseifici,Reggio Emilia,Italy,Filo Mix,0,Grains/Cereals,7.0,14,0.05
10909,1998-02-26,1998-03-26,1998-03-10,53.05,Norway,,SANTG,Santé Gourmet,Stavern,Norway,Uncle Bob's Organic Dried Pears,0,Produce,30.0,12,0.0
10909,1998-02-26,1998-03-26,1998-03-10,53.05,Norway,,SANTG,Santé Gourmet,Stavern,Norway,Pavlova,0,Confections,17.45,15,0.0
10909,1998-02-26,1998-03-26,1998-03-10,53.05,Norway,,SANTG,Santé Gourmet,Stavern,Norway,Jack's New England Clam Chowder,0,Seafood,9.65,5,0.0
10910,1998-02-26,1998-03-26,1998-03-04,38.11,Finland,,WILMK,Wilman Kala,Helsinki,Finland,Teatime Chocolate Biscuits,0,Confections,9.2,12,0.0
10910,1998-02-26,1998-03-26,1998-03-04,38.11,Finland,,WILMK,Wilman Kala,Helsinki,Finland,Maxilaku,0,Confections,20.0,10,0.0
10910,1998-02-26,1998-03-26,1998-03-04,38.11,Finland,,WILMK,Wilman Kala,Helsinki,Finland,Sirop d'érable,0,Condiments,28.5,5,0.0
10911,1998-02-26,1998-03-26,1998-03-05,38.19,Spain,,GODOS,Godos Cocina Típica,Sevilla,Spain,Chai,1,Beverages,18.0,10,0.0
10911,1998-02-26,1998-03-26,1998-03-05,38.19,Spain,,GODOS,Godos Cocina Típica,Sevilla,Spain,Alice Mutton,1,Meat/Poultry,39.0,12,0.0
10911,1998-02-26,1998-03-26,1998-03-05,38.19,Spain,,GODOS,Godos Cocina Típica,Sevilla,Spain,Laughing Lumberjack Lager,0,Beverages,14.0,15,0.0
10912,1998-02-26,1998-03-26,1998-03-18,580.91,Ireland,Co. Cork,HUNGO,Hungry Owl All-Night Grocers,Cork,Ireland,Queso Cabrales,0,Dairy Products,21.0,40,0.25
10912,1998-02-26,1998-03-26,1998-03-18,580.91,Ireland,Co. Cork,HUNGO,Hungry Owl All-Night Grocers,Cork,Ireland,Thüringer Rostbratwurst,1,Meat/Poultry,123.79,60,0.25
10913,1998-02-26,1998-03-26,1998-03-04,33.05,Brazil,SP,QUEEN,Queen Cozinha,Sao Paulo,Brazil,Chef Anton's Cajun Seasoning,0,Condiments,22.0,30,0.25
10913,1998-02-26,1998-03-26,1998-03-04,33.05,Brazil,SP,QUEEN,Queen Cozinha,Sao Paulo,Brazil,Geitost,0,Dairy Products,2.5,40,0.25
10913,1998-02-26,1998-03-26,1998-03-04,33.05,Brazil,SP,QUEEN,Queen Cozinha,Sao Paulo,Brazil,Escargots de Bourgogne,0,Seafood,13.25,15,0.0
10914,1998-02-27,1998-03-27,1998-03-02,21.19,Brazil,SP,QUEEN,Queen Cozinha,Sao Paulo,Brazil,Flotemysost,0,Dairy Products,21.5,25,0.0
10915,1998-02-27,1998-03-27,1998-03-02,3.51,Mexico,,TORTU,Tortuga Restaurante,México D.F.,Mexico,Alice Mutton,1,Meat/Poultry,39.0,10,0.0
10915,1998-02-27,1998-03-27,1998-03-02,3.51,Mexico,,TORTU,Tortuga Restaurante,México D.F.,Mexico,Geitost,0,Dairy Products,2.5,30,0.0
10915,1998-02-27,1998-03-27,1998-03-02,3.51,Mexico,,TORTU,Tortuga Restaurante,México D.F.,Mexico,Tourtière,0,Meat/Poultry,7.45,10,0.0
10916,1998-02-27,1998-03-27,1998-03-09,63.77,Argentina,,RANCH,Rancho grande,Buenos Aires,Argentina,Pavlova,0,Confections,17.45,6,0.0
10916,1998-02-27,1998-03-27,1998-03-09,63.77,Argentina,,RANCH,Rancho grande,Buenos Aires,Argentina,Mascarpone Fabioli,0,Dairy Products,32.0,6,0.0
10916,1998-02-27,1998-03-27,1998-03-09,63.77,Argentina,,RANCH,Rancho grande,Buenos Aires,Argentina,Ravioli Angelo,0,Grains/Cereals,19.5,20,0.0
10917,1998-03-02,1998-03-30,1998-03-11,8.29,Spain,,ROMEY,Romero y tomillo,Madrid,Spain,Nord-Ost Matjeshering,0,Seafood,25.89,1,0.0
10917,1998-03-02,1998-03-30,1998-03-11,8.29,Spain,,ROMEY,Romero y tomillo,Madrid,Spain,Camembert Pierrot,0,Dairy Products,34.0,10,0.0
10918,1998-03-02,1998-03-30,1998-03-11,48.83,Canada,BC,BOTTM,Bottom-Dollar Markets,Tsawassen,Canada,Chai,1,Beverages,18.0,60,0.25
10918,1998-03-02,1998-03-30,1998-03-11,48.83,Canada,BC,BOTTM,Bottom-Dollar Markets,Tsawassen,Canada,Camembert Pierrot,0,Dairy Products,34.0,25,0.25
10919,1998-03-02,1998-03-30,1998-03-04,19.8,Venezuela,Nueva Esparta,LINOD,LINO-Delicateses,I. de Margarita,Venezuela,Pavlova,0,Confections,17.45,24,0.0
10919,1998-03-02,1998-03-30,1998-03-04,19.8,Venezuela,Nueva Esparta,LINOD,LINO-Delicateses,I. de Margarita,Venezuela,NuNuCa Nuß-Nougat-Creme,0,Confections,14.0,24,0.0
10919,1998-03-02,1998-03-30,1998-03-04,19.8,Venezuela,Nueva Esparta,LINOD,LINO-Delicateses,I. de Margarita,Venezuela,Boston Crab Meat,0,Seafood,18.4,20,0.0
10920,1998-03-03,1998-03-31,1998-03-09,29.61,UK,Essex,AROUT,Around the Horn,London,UK,Valkoinen suklaa,0,Confections,16.25,24,0.0
10921,1998-03-03,1998-04-14,1998-03-09,176.48,Denmark,,VAFFE,Vaffeljernet,Århus,Denmark,Steeleye Stout,0,Beverages,18.0,10,0.0
10921,1998-03-03,1998-04-14,1998-03-09,176.48,Denmark,,VAFFE,Vaffeljernet,Århus,Denmark,Vegie-spread,0,Condiments,43.9,40,0.0
10922,1998-03-03,1998-03-31,1998-03-05,62.74,Brazil,RJ,HANAR,Hanari Carnes,Rio de Janeiro,Brazil,Alice Mutton,1,Meat/Poultry,39.0,15,0.0
10922,1998-03-03,1998-03-31,1998-03-05,62.74,Brazil,RJ,HANAR,Hanari Carnes,Rio de Janeiro,Brazil,Guaraná Fantástica,1,Beverages,4.5,35,0.0
10923,1998-03-03,1998-04-14,1998-03-13,68.26,France,,LAMAI,La maison d'Asie,Toulouse,France,Singaporean Hokkien Fried Mee,1,Grains/Cereals,14.0,10,0.2
10923,1998-03-03,1998-04-14,1998-03-13,68.26,France,,LAMAI,La maison d'Asie,Toulouse,France,Ipoh Coffee,0,Beverages,46.0,10,0.2
10923,1998-03-03,1998-04-14,1998-03-13,68.26,France,,LAMAI,La maison d'Asie,Toulouse,France,Laughing Lumberjack Lager,0,Beverages,14.0,24,0.2
10924,1998-03-04,1998-04-01,1998-04-08,151.52,Sweden,,BERGS,Berglunds snabbköp,Luleå,Sweden,Ikura,0,Seafood,31.0,20,0.1
10924,1998-03-04,1998-04-01,1998-04-08,151.52,Sweden,,BERGS,Berglunds snabbköp,Luleå,Sweden,Rössle Sauerkraut,1,Produce,45.6,30,0.1
10924,1998-03-04,1998-04-01,1998-04-08,151.52,Sweden,,BERGS,Berglunds snabbköp,Luleå,Sweden,Rhönbräu Klosterbier,0,Beverages,7.75,6,0.0
10925,1998-03-04,1998-04-01,1998-03-13,2.27,Brazil,RJ,HANAR,Hanari Carnes,Rio de Janeiro,Brazil,Inlagd Sill,0,Seafood,19.0,25,0.15
10925,1998-03-04,1998-04-01,1998-03-13,2.27,Brazil,RJ,HANAR,Hanari Carnes,Rio de Janeiro,Brazil,Filo Mix,0,Grains/Cereals,7.0,12,0.15
10926,1998-03-04,1998-04-01,1998-03-11,39.92,Mexico,,ANATR,Ana Trujillo Emparedados y helados,México D.F.,Mexico,Queso Cabrales,0,Dairy Products,21.0,2,0.0
10926,1998-03-04,1998-04-01,1998-03-11,39.92,Mexico,,ANATR,Ana Trujillo Emparedados y helados,México D.F.,Mexico,Konbu,0,Seafood,6.0,10,0.0
10926,1998-03-04,1998-04-01,1998-03-11,39.92,Mexico,,ANATR,Ana Trujillo Emparedados y helados,México D.F.,Mexico,Teatime Chocolate Biscuits,0,Confections,9.2,7,0.0
10926,1998-03-04,1998-04-01,1998-03-11,39.92,Mexico,,ANATR,Ana Trujillo Emparedados y helados,México D.F.,Mexico,Mozzarella di Giovanni,0,Dairy Products,34.8,10,0.0
10927,1998-03-05,1998-04-02,1998-04-08,19.79,France,,LACOR,La corne d'abondance,Versailles,France,Sir Rodney's Marmalade,0,Confections,81.0,5,0.0
10927,1998-03-05,1998-04-02,1998-04-08,19.79,France,,LACOR,La corne d'abondance,Versailles,France,Filo Mix,0,Grains/Cereals,7.0,5,0.0
10927,1998-03-05,1998-04-02,1998-04-08,19.79,France,,LACOR,La corne d'abondance,Versailles,France,Lakkalikööri,0,Beverages,18.0,20,0.0
10928,1998-03-05,1998-04-02,1998-03-18,1.36,Spain,,GALED,Galería del gastrónomo,Barcelona,Spain,Zaanse koeken,0,Confections,9.5,5,0.0
10928,1998-03-05,1998-04-02,1998-03-18,1.36,Spain,,GALED,Galería del gastrónomo,Barcelona,Spain,Lakkalikööri,0,Beverages,18.0,5,0.0
10929,1998-03-05,1998-04-02,1998-03-12,33.93,Germany,,FRANK,Frankenversand,München,Germany,Sir Rodney's Scones,0,Confections,10.0,60,0.0
10929,1998-03-05,1998-04-02,1998-03-12,33.93,Germany,,FRANK,Frankenversand,München,Germany,Rhönbräu Klosterbier,0,Beverages,7.75,49,0.0
10929,1998-03-05,1998-04-02,1998-03-12,33.93,Germany,,FRANK,Frankenversand,München,Germany,Original Frankfurter grüne Soße,0,Condiments,13.0,15,0.0
10930,1998-03-06,1998-04-17,1998-03-18,15.55,Belgium,,SUPRD,Suprêmes délices,Charleroi,Belgium,Sir Rodney's Scones,0,Confections,10.0,36,0.0
10930,1998-03-06,1998-04-17,1998-03-18,15.55,Belgium,,SUPRD,Suprêmes délices,Charleroi,Belgium,Schoggi Schokolade,0,Confections,43.9,25,0.0
10930,1998-03-06,1998-04-17,1998-03-18,15.55,Belgium,,SUPRD,Suprêmes délices,Charleroi,Belgium,Pâté chinois,0,Meat/Poultry,24.0,25,0.2
10930,1998-03-06,1998-04-17,1998-03-18,15.55,Belgium,,SUPRD,Suprêmes délices,Charleroi,Belgium,Escargots de Bourgogne,0,Seafood,13.25,30,0.2
10931,1998-03-06,1998-03-20,1998-03-19,13.6,Switzerland,,RICSU,Richter Supermarkt,Genève,Switzerland,Konbu,0,Seafood,6.0,42,0.15
10931,1998-03-06,1998-03-20,1998-03-19,13.6,Switzerland,,RICSU,Richter Supermarkt,Genève,Switzerland,Ravioli Angelo,0,Grains/Cereals,19.5,30,0.0
10932,1998-03-06,1998-04-03,1998-03-24,134.64,France,,BONAP,Bon app',Marseille,France,Pavlova,0,Confections,17.45,30,0.1
10932,1998-03-06,1998-04-03,1998-03-24,134.64,France,,BONAP,Bon app',Marseille,France,Tarte au sucre,0,Confections,49.3,14,0.1
10932,1998-03-06,1998-04-03,1998-03-24,134.64,France,,BONAP,Bon app',Marseille,France,Mozzarella di Giovanni,0,Dairy Products,34.8,16,0.0
10932,1998-03-06,1998-04-03,1998-03-24,134.64,France,,BONAP,Bon app',Marseille,France,Rhönbräu Klosterbier,0,Beverages,7.75,20,0.1
10933,1998-03-06,1998-04-03,1998-03-16,54.15,UK,Isle of Wight,ISLAT,Island Trading,Cowes,UK,Perth Pasties,1,Meat/Poultry,32.8,2,0.0
10933,1998-03-06,1998-04-03,1998-03-16,54.15,UK,Isle of Wight,ISLAT,Island Trading,Cowes,UK,Sirop d'érable,0,Condiments,28.5,30,0.0
10934,1998-03-09,1998-04-06,1998-03-12,32.01,Germany,,LEHMS,Lehmanns Marktstand,Frankfurt a.M.,Germany,Grandma's Boysenberry Spread,0,Condiments,25.0,20,0.0
10935,1998-03-09,1998-04-06,1998-03-18,47.59,Brazil,SP,WELLI,Wellington Importadora,Resende,Brazil,Chai,1,Beverages,18.0,21,0.0
10935,1998-03-09,1998-04-06,1998-03-18,47.59,Brazil,SP,WELLI,Wellington Importadora,Resende,Brazil,Carnarvon Tigers,0,Seafood,62.5,4,0.25
10935,1998-03-09,1998-04-06,1998-03-18,47.59,Brazil,SP,WELLI,Wellington Importadora,Resende,Brazil,Tunnbröd,0,Grains/Cereals,9.0,8,0.25
10936,1998-03-09,1998-04-06,1998-03-18,33.68,USA,OR,GREAL,Great Lakes Food Market,Eugene,USA,Inlagd Sill,0,Seafood,19.0,30,0.2
10937,1998-03-10,1998-03-24,1998-03-13,31.51,Argentina,,CACTU,Cactus Comidas para llevar,Buenos Aires,Argentina,Rössle Sauerkraut,1,Produce,45.6,8,0.0
10937,1998-03-10,1998-03-24,1998-03-13,31.51,Argentina,,CACTU,Cactus Comidas para llevar,Buenos Aires,Argentina,Sasquatch Ale,0,Beverages,14.0,20,0.0
10938,1998-03-10,1998-04-07,1998-03-16,31.89,Germany,,QUICK,QUICK-Stop,Cunewalde,Germany,Konbu,0,Seafood,6.0,20,0.25
10938,1998-03-10,1998-04-07,1998-03-16,31.89,Germany,,QUICK,QUICK-Stop,Cunewalde,Germany,Ipoh Coffee,0,Beverages,46.0,24,0.25
10938,1998-03-10,1998-04-07,1998-03-16,31.89,Germany,,QUICK,QUICK-Stop,Cunewalde,Germany,Camembert Pierrot,0,Dairy Products,34.0,49,0.25
10938,1998-03-10,1998-04-07,1998-03-16,31.89,Germany,,QUICK,QUICK-Stop,Cunewalde,Germany,Flotemysost,0,Dairy Products,21.5,35,0.25
10939,1998-03-10,1998-04-07,1998-03-13,76.33,Italy,,MAGAA,Magazzini Alimentari Riuniti,Bergamo,Italy,Chang,1,Beverages,19.0,10,0.15
10939,1998-03-10,1998-04-07,1998-03-13,76.33,Italy,,MAGAA,Magazzini Alimentari Riuniti,Bergamo,Italy,Laughing Lumberjack Lager,0,Beverages,14.0,40,0.15
10940,1998-03-11,1998-04-08,1998-03-23,19.77,France,,BONAP,Bon app',Marseille,France,Uncle Bob's Organic Dried Pears,0,Produce,30.0,8,0.0
10940,1998-03-11,1998-04-08,1998-03-23,19.77,France,,BONAP,Bon app',Marseille,France,Konbu,0,Seafood,6.0,20,0.0
10941,1998-03-11,1998-04-08,1998-03-20,400.81,USA,ID,SAVEA,Save-a-lot Markets,Boise,USA,Gorgonzola Telino,0,Dairy Products,12.5,44,0.25
10941,1998-03-11,1998-04-08,1998-03-20,400.81,USA,ID,SAVEA,Save-a-lot Markets,Boise,USA,Tarte au sucre,0,Confections,49.3,30,0.25
10941,1998-03-11,1998-04-08,1998-03-20,400.81,USA,ID,SAVEA,Save-a-lot Markets,Boise,USA,Scottish Longbreads,0,Confections,12.5,80,0.25
10941,1998-03-11,1998-04-08,1998-03-20,400.81,USA,ID,SAVEA,Save-a-lot Markets,Boise,USA,Mozzarella di Giovanni,0,Dairy Products,34.8,50,0.0
10942,1998-03-11,1998-04-08,1998-03-18,17.95,Italy,,REGGC,Reggiani Caseifici,Reggio Emilia,Italy,Maxilaku,0,Confections,20.0,28,0.0
10943,1998-03-11,1998-04-08,1998-03-19,2.17,UK,,BSBEV,B's Beverages,London,UK,Konbu,0,Seafood,6.0,15,0.0
10943,1998-03-11,1998-04-08,1998-03-19,2.17,UK,,BSBEV,B's Beverages,London,UK,Gustaf's Knäckebröd,0,Grains/Cereals,21.0,21,0.0
10943,1998-03-11,1998-04-08,1998-03-19,2.17,UK,,BSBEV,B's Beverages,London,UK,Spegesild,0,Seafood,12.0,15,0.0
10944,1998-03-12,1998-03-26,1998-03-13,52.92,Canada,BC,BOTTM,Bottom-Dollar Markets,Tsawassen,Canada,Queso Cabrales,0,Dairy Products,21.0,5,0.25
10944,1998-03-12,1998-03-26,1998-03-13,52.92,Canada,BC,BOTTM,Bottom-Dollar Markets,Tsawassen,Canada,Gula Malacca,0,Condiments,19.45,18,0.25
10944,1998-03-12,1998-03-26,1998-03-13,52.92,Canada,BC,BOTTM,Bottom-Dollar Markets,Tsawassen,Canada,Gnocchi di nonna Alice,0,Grains/Cereals,38.0,18,0.0
10945,1998-03-12,1998-04-09,1998-03-18,10.22,Germany,,MORGK,Morgenstern Gesundkost,Leipzig,Germany,Konbu,0,Seafood,6.0,20,0.0
10945,1998-03-12,1998-04-09,1998-03-18,10.22,Germany,,MORGK,Morgenstern Gesundkost,Leipzig,Germany,Gorgonzola Telino,0,Dairy Products,12.5,10,0.0
10946,1998-03-12,1998-04-09,1998-03-19,27.2,Denmark,,VAFFE,Vaffeljernet,Århus,Denmark,Ikura,0,Seafood,31.0,25,0.0
10946,1998-03-12,1998-04-09,1998-03-19,27.2,Denmark,,VAFFE,Vaffeljernet,Århus,Denmark,Guaraná Fantástica,1,Beverages,4.5,25,0.0
10946,1998-03-12,1998-04-09,1998-03-19,27.2,Denmark,,VAFFE,Vaffeljernet,Århus,Denmark,Original Frankfurter grüne Soße,0,Condiments,13.0,40,0.0
10947,1998-03-13,1998-04-10,1998-03-16,3.26,UK,,BSBEV,B's Beverages,London,UK,Raclette Courdavault,0,Dairy Products,55.0,4,0.0
10948,1998-03-13,1998-04-10,1998-03-19,23.39,Spain,,GODOS,Godos Cocina Típica,Sevilla,Spain,Valkoinen suklaa,0,Confections,16.25,9,0.0
10948,1998-03-13,1998-04-10,1998-03-19,23.39,Spain,,GODOS,Godos Cocina Típica,Sevilla,Spain,Manjimup Dried Apples,0,Produce,53.0,40,0.0
10948,1998-03-13,1998-04-10,1998-03-19,23.39,Spain,,GODOS,Godos Cocina Típica,Sevilla,Spain,Pâté chinois,0,Meat/Poultry,24.0,4,0.0
10949,1998-03-13,1998-04-10,1998-03-17,74.44,Canada,BC,BOTTM,Bottom-Dollar Markets,Tsawassen,Canada,Grandma's Boysenberry Spread,0,Condiments,25.0,12,0.0
10949,1998-03-13,1998-04-10,1998-03-17,74.44,Canada,BC,BOTTM,Bottom-Dollar Markets,Tsawassen,Canada,Ikura,0,Seafood,31.0,30,0.0
10949,1998-03-13,1998-04-10,1998-03-17,74.44,Canada,BC,BOTTM,Bottom-Dollar Markets,Tsawassen,Canada,Alice Mutton,1,Meat/Poultry,39.0,6,0.0
10949,1998-03-13,1998-04-10,1998-03-17,74.44,Canada,BC,BOTTM,Bottom-Dollar Markets,Tsawassen,Canada,Tarte au sucre,0,Confections,49.3,60,0.0
10950,1998-03-16,1998-04-13,1998-03-23,2.5,Italy,,MAGAA,Magazzini Alimentari Riuniti,Bergamo,Italy,Chef Anton's Cajun Seasoning,0,Condiments,22.0,5,0.0
10951,1998-03-16,1998-04-27,1998-04-07,30.85,Switzerland,,RICSU,Richter Supermarkt,Genève,Switzerland,Geitost,0,Dairy Products,2.5,15,0.05
10951,1998-03-16,1998-04-27,1998-04-07,30.85,Switzerland,,RICSU,Richter Supermarkt,Genève,Switzerland,Jack's New England Clam Chowder,0,Seafood,9.65,6,0.05
10951,1998-03-16,1998-04-27,1998-04-07,30.85,Switzerland,,RICSU,Richter Supermarkt,Genève,Switzerland,Rhönbräu Klosterbier,0,Beverages,7.75,50,0.05
10952,1998-03-16,1998-04-27,1998-03-24,40.42,Germany,,ALFKI,Alfreds Futterkiste,Berlin,Germany,Grandma's Boysenberry Spread,0,Condiments,25.0,16,0.05
10952,1998-03-16,1998-04-27,1998-03-24,40.42,Germany,,ALFKI,Alfreds Futterkiste,Berlin,Germany,Rössle Sauerkraut,1,Produce,45.6,2,0.0
10953,1998-03-16,1998-03-30,1998-03-25,23.72,UK,Essex,AROUT,Around the Horn,London,UK,Sir Rodney's Marmalade,0,Confections,81.0,50,0.05
10953,1998-03-16,1998-03-30,1998-03-25,23.72,UK,Essex,AROUT,Around the Horn,London,UK,Gorgonzola Telino,0,Dairy Products,12.5,50,0.05
10954,1998-03-17,1998-04-28,1998-03-20,27.91,Venezuela,Nueva Esparta,LINOD,LINO-Delicateses,I. de Margarita,Venezuela,Pavlova,0,Confections,17.45,28,0.15
10954,1998-03-17,1998-04-28,1998-03-20,27.91,Venezuela,Nueva Esparta,LINOD,LINO-Delicateses,I. de Margarita,Venezuela,Gorgonzola Telino,0,Dairy Products,12.5,25,0.15
10954,1998-03-17,1998-04-28,1998-03-20,27.91,Venezuela,Nueva Esparta,LINOD,LINO-Delicateses,I. de Margarita,Venezuela,Rogede sild,0,Seafood,9.5,30,0.0
10954,1998-03-17,1998-04-28,1998-03-20,27.91,Venezuela,Nueva Esparta,LINOD,LINO-Delicateses,I. de Margarita,Venezuela,Camembert Pierrot,0,Dairy Products,34.0,24,0.15
10955,1998-03-17,1998-04-14,1998-03-20,3.26,Sweden,,FOLKO,Folk och fä HB,Bräcke,Sweden,Rhönbräu Klosterbier,0,Beverages,7.75,12,0.2
10956,1998-03-17,1998-04-28,1998-03-20,44.65,Germany,,BLAUS,Blauer See Delikatessen,Mannheim,Germany,Sir Rodney's Scones,0,Confections,10.0,12,0.0
10956,1998-03-17,1998-04-28,1998-03-20,44.65,Germany,,BLAUS,Blauer See Delikatessen,Mannheim,Germany,Zaanse koeken,0,Confections,9.5,14,0.0
10956,1998-03-17,1998-04-28,1998-03-20,44.65,Germany,,BLAUS,Blauer See Delikatessen,Mannheim,Germany,Manjimup Dried Apples,0,Produce,53.0,8,0.0
10957,1998-03-18,1998-04-15,1998-03-27,105.36,Venezuela,Táchira,HILAA,HILARION-Abastos,San Cristóbal,Venezuela,Nord-Ost Matjeshering,0,Seafood,25.89,30,0.0
10957,1998-03-18,1998-04-15,1998-03-27,105.36,Venezuela,Táchira,HILAA,HILARION-Abastos,San Cristóbal,Venezuela,Steeleye Stout,0,Beverages,18.0,40,0.0
10957,1998-03-18,1998-04-15,1998-03-27,105.36,Venezuela,Táchira,HILAA,HILARION-Abastos,San Cristóbal,Venezuela,Wimmers gute Semmelknödel,0,Grains/Cereals,33.25,8,0.0
10958,1998-03-18,1998-04-15,1998-03-27,49.56,Argentina,,OCEAN,Océano Atlántico Ltda.,Buenos Aires,Argentina,Chef Anton's Gumbo Mix,1,Condiments,21.35,20,0.0
10958,1998-03-18,1998-04-15,1998-03-27,49.56,Argentina,,OCEAN,Océano Atlántico Ltda.,Buenos Aires,Argentina,Uncle Bob's Organic Dried Pears,0,Produce,30.0,6,0.0
10958,1998-03-18,1998-04-15,1998-03-27,49.56,Argentina,,OCEAN,Océano Atlántico Ltda.,Buenos Aires,Argentina,Mozzarella di Giovanni,0,Dairy Products,34.8,5,0.0
10959,1998-03-18,1998-04-29,1998-03-23,4.98,Brazil,SP,GOURL,Gourmet Lanchonetes,Campinas,Brazil,Rhönbräu Klosterbier,0,Beverages,7.75,20,0.15
10960,1998-03-19,1998-04-02,1998-04-08,2.08,Venezuela,Táchira,HILAA,HILARION-Abastos,San Cristóbal,Venezuela,Guaraná Fantástica,1,Beverages,4.5,10,0.25
10960,1998-03-19,1998-04-02,1998-04-08,2.08,Venezuela,Táchira,HILAA,HILARION-Abastos,San Cristóbal,Venezuela,Jack's New England Clam Chowder,0,Seafood,9.65,24,0.0
10961,1998-03-19,1998-04-16,1998-03-30,104.47,Brazil,SP,QUEEN,Queen Cozinha,Sao Paulo,Brazil,Filo Mix,0,Grains/Cereals,7.0,6,0.05
10961,1998-03-19,1998-04-16,1998-03-30,104.47,Brazil,SP,QUEEN,Queen Cozinha,Sao Paulo,Brazil,Lakkalikööri,0,Beverages,18.0,60,0.0
10962,1998-03-19,1998-04-16,1998-03-23,275.79,Germany,,QUICK,QUICK-Stop,Cunewalde,Germany,Uncle Bob's Organic Dried Pears,0,Produce,30.0,45,0.0
10962,1998-03-19,1998-04-16,1998-03-23,275.79,Germany,,QUICK,QUICK-Stop,Cunewalde,Germany,Konbu,0,Seafood,6.0,77,0.0
10962,1998-03-19,1998-04-16,1998-03-23,275.79,Germany,,QUICK,QUICK-Stop,Cunewalde,Germany,Perth Pasties,1,Meat/Poultry,32.8,20,0.0
10962,1998-03-19,1998-04-16,1998-03-23,275.79,Germany,,QUICK,QUICK-Stop,Cunewalde,Germany,Gudbrandsdalsost,0,Dairy Products,36.0,9,0.0
10962,1998-03-19,1998-04-16,1998-03-23,275.79,Germany,,QUICK,QUICK-Stop,Cunewalde,Germany,Lakkalikööri,0,Beverages,18.0,44,0.0
10963,1998-03-19,1998-04-16,1998-03-26,2.7,Portugal,,FURIB,Furia Bacalhau e Frutos do Mar,Lisboa,Portugal,Camembert Pierrot,0,Dairy Products,34.0,2,0.15
10964,1998-03-20,1998-04-17,1998-03-24,87.38,France,,SPECD,Spécialités du monde,Paris,France,Carnarvon Tigers,0,Seafood,62.5,6,0.0
10964,1998-03-20,1998-04-17,1998-03-24,87.38,France,,SPECD,Spécialités du monde,Paris,France,Côte de Blaye,0,Beverages,263.5,5,0.0
10964,1998-03-20,1998-04-17,1998-03-24,87.38,France,,SPECD,Spécialités du monde,Paris,France,Gudbrandsdalsost,0,Dairy Products,36.0,10,0.0
10965,1998-03-20,1998-04-17,1998-03-30,144.38,USA,AK,OLDWO,Old World Delicatessen,Anchorage,USA,Manjimup Dried Apples,0,Produce,53.0,16,0.0
10966,1998-03-20,1998-04-17,1998-04-08,27.19,Switzerland,,CHOPS,Chop-suey Chinese,Bern,Switzerland,Gravad lax,0,Seafood,26.0,8,0.0
10966,1998-03-20,1998-04-17,1998-04-08,27.19,Switzerland,,CHOPS,Chop-suey Chinese,Bern,Switzerland,Gnocchi di nonna Alice,0,Grains/Cereals,38.0,12,0.15
10966,1998-03-20,1998-04-17,1998-04-08,27.19,Switzerland,,CHOPS,Chop-suey Chinese,Bern,Switzerland,Tarte au sucre,0,Confections,49.3,12,0.15
10967,1998-03-23,1998-04-20,1998-04-02,62.22,Germany,,TOMSP,Toms Spezialitäten,Münster,Germany,Teatime Chocolate Biscuits,0,Confections,9.2,12,0.0
10967,1998-03-23,1998-04-20,1998-04-02,62.22,Germany,,TOMSP,Toms Spezialitäten,Münster,Germany,Maxilaku,0,Confections,20.0,40,0.0
10968,1998-03-23,1998-04-20,1998-04-01,74.6,Austria,,ERNSH,Ernst Handel,Graz,Austria,Queso Manchego La Pastora,0,Dairy Products,38.0,30,0.0
10968,1998-03-23,1998-04-20,1998-04-01,74.6,Austria,,ERNSH,Ernst Handel,Graz,Austria,Guaraná Fantástica,1,Beverages,4.5,30,0.0
10968,1998-03-23,1998-04-20,1998-04-01,74.6,Austria,,ERNSH,Ernst Handel,Graz,Austria,Wimmers gute Semmelknödel,0,Grains/Cereals,33.25,4,0.0
10969,1998-03-23,1998-04-20,1998-03-30,0.21,Brazil,SP,COMMI,Comércio Mineiro,Sao Paulo,Brazil,Spegesild,0,Seafood,12.0,9,0.0
10970,1998-03-24,1998-04-07,1998-04-24,16.16,Spain,,BOLID,Bólido Comidas preparadas,Madrid,Spain,Filo Mix,0,Grains/Cereals,7.0,40,0.2
10971,1998-03-24,1998-04-21,1998-04-02,121.82,France,,FRANR,France restauration,Nantes,France,Thüringer Rostbratwurst,1,Meat/Poultry,123.79,14,0.0
10972,1998-03-24,1998-04-21,1998-03-26,0.02,France,,LACOR,La corne d'abondance,Versailles,France,Alice Mutton,1,Meat/Poultry,39.0,6,0.0
10972,1998-03-24,1998-04-21,1998-03-26,0.02,France,,LACOR,La corne d'abondance,Versailles,France,Geitost,0,Dairy Products,2.5,7,0.0
10973,1998-03-24,1998-04-21,1998-03-27,15.17,France,,LACOR,La corne d'abondance,Versailles,France,Gumbär Gummibärchen,0,Confections,31.23,5,0.0
10973,1998-03-24,1998-04-21,1998-03-27,15.17,France,,LACOR,La corne d'abondance,Versailles,France,Jack's New England Clam Chowder,0,Seafood,9.65,6,0.0
10973,1998-03-24,1998-04-21,1998-03-27,15.17,France,,LACOR,La corne d'abondance,Versailles,France,Rhönbräu Klosterbier,0,Beverages,7.75,10,0.0
10974,1998-03-25,1998-04-08,1998-04-03,12.96,USA,WY,SPLIR,Split Rail Beer & Ale,Lander,USA,Vegie-spread,0,Condiments,43.9,10,0.0
10975,1998-03-25,1998-04-22,1998-03-27,32.27,Canada,BC,BOTTM,Bottom-Dollar Markets,Tsawassen,Canada,Northwoods Cranberry Sauce,0,Condiments,40.0,16,0.0
10975,1998-03-25,1998-04-22,1998-03-27,32.27,Canada,BC,BOTTM,Bottom-Dollar Markets,Tsawassen,Canada,Rhönbräu Klosterbier,0,Beverages,7.75,10,0.0
10976,1998-03-25,1998-05-06,1998-04-03,37.97,Venezuela,Táchira,HILAA,HILARION-Abastos,San Cristóbal,Venezuela,Rössle Sauerkraut,1,Produce,45.6,20,0.0
10977,1998-03-26,1998-04-23,1998-04-10,208.5,Sweden,,FOLKO,Folk och fä HB,Bräcke,Sweden,Chartreuse verte,0,Beverages,18.0,30,0.0
10977,1998-03-26,1998-04-23,1998-04-10,208.5,Sweden,,FOLKO,Folk och fä HB,Bräcke,Sweden,Zaanse koeken,0,Confections,9.5,30,0.0
10977,1998-03-26,1998-04-23,1998-04-10,208.5,Sweden,,FOLKO,Folk och fä HB,Bräcke,Sweden,Manjimup Dried Apples,0,Produce,53.0,10,0.0
10977,1998-03-26,1998-04-23,1998-04-10,208.5,Sweden,,FOLKO,Folk och fä HB,Bräcke,Sweden,Vegie-spread,0,Condiments,43.9,20,0.0
10978,1998-03-26,1998-04-23,1998-04-23,32.82,Belgium,,MAISD,Maison Dewey,Bruxelles,Belgium,Northwoods Cranberry Sauce,0,Condiments,40.0,20,0.15
10978,1998-03-26,1998-04-23,1998-04-23,32.82,Belgium,,MAISD,Maison Dewey,Bruxelles,Belgium,Sir Rodney's Scones,0,Confections,10.0,40,0.15
10978,1998-03-26,1998-04-23,1998-04-23,32.82,Belgium,,MAISD,Maison Dewey,Bruxelles,Belgium,Boston Crab Meat,0,Seafood,18.4,10,0.0
10978,1998-03-26,1998-04-23,1998-04-23,32.82,Belgium,,MAISD,Maison Dewey,Bruxelles,Belgium,Gula Malacca,0,Condiments,19.45,6,0.15
10979,1998-03-26,1998-04-23,1998-03-31,353.07,Austria,,ERNSH,Ernst Handel,Graz,Austria,Uncle Bob's Organic Dried Pears,0,Produce,30.0,18,0.0
10979,1998-03-26,1998-04-23,1998-03-31,353.07,Austria,,ERNSH,Ernst Handel,Graz,Austria,Queso Manchego La Pastora,0,Dairy Products,38.0,20,0.0
10979,1998-03-26,1998-04-23,1998-03-31,353.07,Austria,,ERNSH,Ernst Handel,Graz,Austria,Guaraná Fantástica,1,Beverages,4.5,80,0.0
10979,1998-03-26,1998-04-23,1998-03-31,353.07,Austria,,ERNSH,Ernst Handel,Graz,Austria,Schoggi Schokolade,0,Confections,43.9,30,0.0
10979,1998-03-26,1998-04-23,1998-03-31,353.07,Austria,,ERNSH,Ernst Handel,Graz,Austria,Gorgonzola Telino,0,Dairy Products,12.5,24,0.0
10979,1998-03-26,1998-04-23,1998-03-31,353.07,Austria,,ERNSH,Ernst Handel,Graz,Austria,Vegie-spread,0,Condiments,43.9,35,0.0
10980,1998-03-27,1998-05-08,1998-04-17,1.26,Sweden,,FOLKO,Folk och fä HB,Bräcke,Sweden,Rhönbräu Klosterbier,0,Beverages,7.75,40,0.2
10981,1998-03-27,1998-04-24,1998-04-02,193.37,Brazil,RJ,HANAR,Hanari Carnes,Rio de Janeiro,Brazil,Côte de Blaye,0,Beverages,263.5,60,0.0
10982,1998-03-27,1998-04-24,1998-04-08,14.01,Canada,BC,BOTTM,Bottom-Dollar Markets,Tsawassen,Canada,Uncle Bob's Organic Dried Pears,0,Produce,30.0,20,0.0
10982,1998-03-27,1998-04-24,1998-04-08,14.01,Canada,BC,BOTTM,Bottom-Dollar Markets,Tsawassen,Canada,Ipoh Coffee,0,Beverages,46.0,9,0.0
10983,1998-03-27,1998-04-24,1998-04-06,657.54,USA,ID,SAVEA,Save-a-lot Markets,Boise,USA,Konbu,0,Seafood,6.0,84,0.15
10983,1998-03-27,1998-04-24,1998-04-06,657.54,USA,ID,SAVEA,Save-a-lot Markets,Boise,USA,Ravioli Angelo,0,Grains/Cereals,19.5,15,0.0
10984,1998-03-30,1998-04-27,1998-04-03,211.22,USA,ID,SAVEA,Save-a-lot Markets,Boise,USA,Pavlova,0,Confections,17.45,55,0.0
10984,1998-03-30,1998-04-27,1998-04-03,211.22,USA,ID,SAVEA,Save-a-lot Markets,Boise,USA,Guaraná Fantástica,1,Beverages,4.5,20,0.0
10984,1998-03-30,1998-04-27,1998-04-03,211.22,USA,ID,SAVEA,Save-a-lot Markets,Boise,USA,Inlagd Sill,0,Seafood,19.0,40,0.0
10985,1998-03-30,1998-04-27,1998-04-02,91.51,Ireland,Co. Cork,HUNGO,Hungry Owl All-Night Grocers,Cork,Ireland,Pavlova,0,Confections,17.45,36,0.1
10985,1998-03-30,1998-04-27,1998-04-02,91.51,Ireland,Co. Cork,HUNGO,Hungry Owl All-Night Grocers,Cork,Ireland,Carnarvon Tigers,0,Seafood,62.5,8,0.1
10985,1998-03-30,1998-04-27,1998-04-02,91.51,Ireland,Co. Cork,HUNGO,Hungry Owl All-Night Grocers,Cork,Ireland,Mascarpone Fabioli,0,Dairy Products,32.0,35,0.1
10986,1998-03-30,1998-04-27,1998-04-21,217.86,Argentina,,OCEAN,Océano Atlántico Ltda.,Buenos Aires,Argentina,Queso Cabrales,0,Dairy Products,21.0,30,0.0
10986,1998-03-30,1998-04-27,1998-04-21,217.86,Argentina,,OCEAN,Océano Atlántico Ltda.,Buenos Aires,Argentina,Sir Rodney's Marmalade,0,Confections,81.0,15,0.0
10986,1998-03-30,1998-04-27,1998-04-21,217.86,Argentina,,OCEAN,Océano Atlántico Ltda.,Buenos Aires,Argentina,Lakkalikööri,0,Beverages,18.0,10,0.0
10986,1998-03-30,1998-04-27,1998-04-21,217.86,Argentina,,OCEAN,Océano Atlántico Ltda.,Buenos Aires,Argentina,Original Frankfurter grüne Soße,0,Condiments,13.0,15,0.0
10987,1998-03-31,1998-04-28,1998-04-06,185.48,UK,,EASTC,Eastern Connection,London,UK,Uncle Bob's Organic Dried Pears,0,Produce,30.0,60,0.0
10987,1998-03-31,1998-04-28,1998-04-06,185.48,UK,,EASTC,Eastern Connection,London,UK,Ipoh Coffee,0,Beverages,46.0,6,0.0
10987,1998-03-31,1998-04-28,1998-04-06,185.48,UK,,EASTC,Eastern Connection,London,UK,Mozzarella di Giovanni,0,Dairy Products,34.8,20,0.0
10988,1998-03-31,1998-04-28,1998-04-10,61.14,USA,NM,RATTC,Rattlesnake Canyon Grocery,Albuquerque,USA,Uncle Bob's Organic Dried Pears,0,Produce,30.0,60,0.0
10988,1998-03-31,1998-04-28,1998-04-10,61.14,USA,NM,RATTC,Rattlesnake Canyon Grocery,Albuquerque,USA,Tarte au sucre,0,Confections,49.3,40,0.1
10989,1998-03-31,1998-04-28,1998-04-02,34.76,Brazil,RJ,QUEDE,Que Delícia,Rio de Janeiro,Brazil,Grandma's Boysenberry Spread,0,Condiments,25.0,40,0.0
10989,1998-03-31,1998-04-28,1998-04-02,34.76,Brazil,RJ,QUEDE,Que Delícia,Rio de Janeiro,Brazil,Queso Cabrales,0,Dairy Products,21.0,15,0.0
10989,1998-03-31,1998-04-28,1998-04-02,34.76,Brazil,RJ,QUEDE,Que Delícia,Rio de Janeiro,Brazil,Jack's New England Clam Chowder,0,Seafood,9.65,4,0.0
10990,1998-04-01,1998-05-13,1998-04-07,117.61,Austria,,ERNSH,Ernst Handel,Graz,Austria,Sir Rodney's Scones,0,Confections,10.0,65,0.0
10990,1998-04-01,1998-05-13,1998-04-07,117.61,Austria,,ERNSH,Ernst Handel,Graz,Austria,Sasquatch Ale,0,Beverages,14.0,60,0.15
10990,1998-04-01,1998-05-13,1998-04-07,117.61,Austria,,ERNSH,Ernst Handel,Graz,Austria,Pâté chinois,0,Meat/Poultry,24.0,65,0.15
10990,1998-04-01,1998-05-13,1998-04-07,117.61,Austria,,ERNSH,Ernst Handel,Graz,Austria,Sirop d'érable,0,Condiments,28.5,66,0.15
10991,1998-04-01,1998-04-29,1998-04-07,38.51,Germany,,QUICK,QUICK-Stop,Cunewalde,Germany,Chang,1,Beverages,19.0,50,0.2
10991,1998-04-01,1998-04-29,1998-04-07,38.51,Germany,,QUICK,QUICK-Stop,Cunewalde,Germany,Outback Lager,0,Beverages,15.0,20,0.2
10991,1998-04-01,1998-04-29,1998-04-07,38.51,Germany,,QUICK,QUICK-Stop,Cunewalde,Germany,Lakkalikööri,0,Beverages,18.0,90,0.2
10992,1998-04-01,1998-04-29,1998-04-03,4.27,USA,OR,THEBI,The Big Cheese,Portland,USA,Mozzarella di Giovanni,0,Dairy Products,34.8,2,0.0
10993,1998-04-01,1998-04-29,1998-04-10,8.81,Sweden,,FOLKO,Folk och fä HB,Bräcke,Sweden,Thüringer Rostbratwurst,1,Meat/Poultry,123.79,50,0.25
10993,1998-04-01,1998-04-29,1998-04-10,8.81,Sweden,,FOLKO,Folk och fä HB,Bräcke,Sweden,Jack's New England Clam Chowder,0,Seafood,9.65,35,0.25
10994,1998-04-02,1998-04-16,1998-04-09,65.53,Denmark,,VAFFE,Vaffeljernet,Århus,Denmark,Raclette Courdavault,0,Dairy Products,55.0,18,0.05
10995,1998-04-02,1998-04-30,1998-04-06,46.0,Mexico,,PERIC,Pericles Comidas clásicas,México D.F.,Mexico,Manjimup Dried Apples,0,Produce,53.0,20,0.0
10995,1998-04-02,1998-04-30,1998-04-06,46.0,Mexico,,PERIC,Pericles Comidas clásicas,México D.F.,Mexico,Camembert Pierrot,0,Dairy Products,34.0,4,0.0
10996,1998-04-02,1998-04-30,1998-04-10,1.12,Germany,,QUICK,QUICK-Stop,Cunewalde,Germany,Singaporean Hokkien Fried Mee,1,Grains/Cereals,14.0,40,0.0
10997,1998-04-03,1998-05-15,1998-04-13,73.91,Venezuela,Lara,LILAS,LILA-Supermercado,Barquisimeto,Venezuela,Mascarpone Fabioli,0,Dairy Products,32.0,50,0.0
10997,1998-04-03,1998-05-15,1998-04-13,73.91,Venezuela,Lara,LILAS,LILA-Supermercado,Barquisimeto,Venezuela,Spegesild,0,Seafood,12.0,20,0.25
10997,1998-04-03,1998-05-15,1998-04-13,73.91,Venezuela,Lara,LILAS,LILA-Supermercado,Barquisimeto,Venezuela,Filo Mix,0,Grains/Cereals,7.0,20,0.25
10998,1998-04-03,1998-04-17,1998-04-17,20.31,Poland,,WOLZA,Wolski  Zajazd,Warszawa,Poland,Guaraná Fantástica,1,Beverages,4.5,12,0.0
10998,1998-04-03,1998-04-17,1998-04-17,20.31,Poland,,WOLZA,Wolski  Zajazd,Warszawa,Poland,Sirop d'érable,0,Condiments,28.5,7,0.0
10998,1998-04-03,1998-04-17,1998-04-17,20.31,Poland,,WOLZA,Wolski  Zajazd,Warszawa,Poland,Longlife Tofu,0,Produce,10.0,20,0.0
10998,1998-04-03,1998-04-17,1998-04-17,20.31,Poland,,WOLZA,Wolski  Zajazd,Warszawa,Poland,Rhönbräu Klosterbier,0,Beverages,7.75,30,0.0
10999,1998-04-03,1998-05-01,1998-04-10,96.35,Germany,,OTTIK,Ottilies Käseladen,Köln,Germany,Jack's New England Clam Chowder,0,Seafood,9.65,20,0.05
10999,1998-04-03,1998-05-01,1998-04-10,96.35,Germany,,OTTIK,Ottilies Käseladen,Köln,Germany,Manjimup Dried Apples,0,Produce,53.0,15,0.05
10999,1998-04-03,1998-05-01,1998-04-10,96.35,Germany,,OTTIK,Ottilies Käseladen,Köln,Germany,Original Frankfurter grüne Soße,0,Condiments,13.0,21,0.05
11000,1998-04-06,1998-05-04,1998-04-14,55.12,USA,NM,RATTC,Rattlesnake Canyon Grocery,Albuquerque,USA,Chef Anton's Cajun Seasoning,0,Condiments,22.0,25,0.25
11000,1998-04-06,1998-05-04,1998-04-14,55.12,USA,NM,RATTC,Rattlesnake Canyon Grocery,Albuquerque,USA,Guaraná Fantástica,1,Beverages,4.5,30,0.25
11000,1998-04-06,1998-05-04,1998-04-14,55.12,USA,NM,RATTC,Rattlesnake Canyon Grocery,Albuquerque,USA,Original Frankfurter grüne Soße,0,Condiments,13.0,30,0.0
11001,1998-04-06,1998-05-04,1998-04-14,197.3,Sweden,,FOLKO,Folk och fä HB,Bräcke,Sweden,Uncle Bob's Organic Dried Pears,0,Produce,30.0,60,0.0
11001,1998-04-06,1998-05-04,1998-04-14,197.3,Sweden,,FOLKO,Folk och fä HB,Bräcke,Sweden,Gustaf's Knäckebröd,0,Grains/Cereals,21.0,25,0.0
11001,1998-04-06,1998-05-04,1998-04-14,197.3,Sweden,,FOLKO,Folk och fä HB,Bräcke,Sweden,Spegesild,0,Seafood,12.0,25,0.0
11001,1998-04-06,1998-05-04,1998-04-14,197.3,Sweden,,FOLKO,Folk och fä HB,Bräcke,Sweden,Pâté chinois,0,Meat/Poultry,24.0,6,0.0
11002,1998-04-06,1998-05-04,1998-04-16,141.16,USA,ID,SAVEA,Save-a-lot Markets,Boise,USA,Konbu,0,Seafood,6.0,56,0.0
11002,1998-04-06,1998-05-04,1998-04-16,141.16,USA,ID,SAVEA,Save-a-lot Markets,Boise,USA,Steeleye Stout,0,Beverages,18.0,15,0.15
11002,1998-04-06,1998-05-04,1998-04-16,141.16,USA,ID,SAVEA,Save-a-lot Markets,Boise,USA,Singaporean Hokkien Fried Mee,1,Grains/Cereals,14.0,24,0.15
11002,1998-04-06,1998-05-04,1998-04-16,141.16,USA,ID,SAVEA,Save-a-lot Markets,Boise,USA,Pâté chinois,0,Meat/Poultry,24.0,40,0.0
11003,1998-04-06,1998-05-04,1998-04-08,14.91,USA,MT,THECR,The Cracker Box,Butte,USA,Chai,1,Beverages,18.0,4,0.0
11003,1998-04-06,1998-05-04,1998-04-08,14.91,USA,MT,THECR,The Cracker Box,Butte,USA,Boston Crab Meat,0,Seafood,18.4,10,0.0
11003,1998-04-06,1998-05-04,1998-04-08,14.91,USA,MT,THECR,The Cracker Box,Butte,USA,Filo Mix,0,Grains/Cereals,7.0,10,0.0
11004,1998-04-07,1998-05-05,1998-04-20,44.84,Belgium,,MAISD,Maison Dewey,Bruxelles,Belgium,Gumbär Gummibärchen,0,Confections,31.23,6,0.0
11004,1998-04-07,1998-05-05,1998-04-20,44.84,Belgium,,MAISD,Maison Dewey,Bruxelles,Belgium,Lakkalikööri,0,Beverages,18.0,6,0.0
11005,1998-04-07,1998-05-05,1998-04-10,0.75,Finland,,WILMK,Wilman Kala,Helsinki,Finland,Chai,1,Beverages,18.0,2,0.0
11005,1998-04-07,1998-05-05,1998-04-10,0.75,Finland,,WILMK,Wilman Kala,Helsinki,Finland,Raclette Courdavault,0,Dairy Products,55.0,10,0.0
11006,1998-04-07,1998-05-05,1998-04-15,25.19,USA,OR,GREAL,Great Lakes Food Market,Eugene,USA,Chai,1,Beverages,18.0,8,0.0
11006,1998-04-07,1998-05-05,1998-04-15,25.19,USA,OR,GREAL,Great Lakes Food Market,Eugene,USA,Thüringer Rostbratwurst,1,Meat/Poultry,123.79,2,0.25
11007,1998-04-08,1998-05-06,1998-04-13,202.24,Portugal,,PRINI,Princesa Isabel Vinhos,Lisboa,Portugal,Northwoods Cranberry Sauce,0,Condiments,40.0,30,0.0
11007,1998-04-08,1998-05-06,1998-04-13,202.24,Portugal,,PRINI,Princesa Isabel Vinhos,Lisboa,Portugal,Thüringer Rostbratwurst,1,Meat/Poultry,123.79,10,0.0
11007,1998-04-08,1998-05-06,1998-04-13,202.24,Portugal,,PRINI,Princesa Isabel Vinhos,Lisboa,Portugal,Singaporean Hokkien Fried Mee,1,Grains/Cereals,14.0,14,0.0
11008,1998-04-08,1998-05-06,,79.46,Austria,,ERNSH,Ernst Handel,Graz,Austria,Rössle Sauerkraut,1,Produce,45.6,70,0.05
11008,1998-04-08,1998-05-06,,79.46,Austria,,ERNSH,Ernst Handel,Graz,Austria,Sasquatch Ale,0,Beverages,14.0,90,0.05
11008,1998-04-08,1998-05-06,,79.46,Austria,,ERNSH,Ernst Handel,Graz,Austria,Flotemysost,0,Dairy Products,21.5,21,0.0
11009,1998-04-08,1998-05-06,1998-04-10,59.11,Spain,,GODOS,Godos Cocina Típica,Sevilla,Spain,Guaraná Fantástica,1,Beverages,4.5,12,0.0
11009,1998-04-08,1998-05-06,1998-04-10,59.11,Spain,,GODOS,Godos Cocina Típica,Sevilla,Spain,Inlagd Sill,0,Seafood,19.0,18,0.25
11009,1998-04-08,1998-05-06,1998-04-10,59.11,Spain,,GODOS,Godos Cocina Típica,Sevilla,Spain,Camembert Pierrot,0,Dairy Products,34.0,9,0.0
11010,1998-04-09,1998-05-07,1998-04-21,28.71,Italy,,REGGC,Reggiani Caseifici,Reggio Emilia,Italy,Uncle Bob's Organic Dried Pears,0,Produce,30.0,20,0.0
11010,1998-04-09,1998-05-07,1998-04-21,28.71,Italy,,REGGC,Reggiani Caseifici,Reggio Emilia,Italy,Guaraná Fantástica,1,Beverages,4.5,10,0.0
11011,1998-04-09,1998-05-07,1998-04-13,1.21,Germany,,ALFKI,Alfreds Futterkiste,Berlin,Germany,Escargots de Bourgogne,0,Seafood,13.25,40,0.05
11011,1998-04-09,1998-05-07,1998-04-13,1.21,Germany,,ALFKI,Alfreds Futterkiste,Berlin,Germany,Flotemysost,0,Dairy Products,21.5,20,0.0
11012,1998-04-09,1998-04-23,1998-04-17,242.95,Germany,,FRANK,Frankenversand,München,Germany,Teatime Chocolate Biscuits,0,Confections,9.2,50,0.05
11012,1998-04-09,1998-04-23,1998-04-17,242.95,Germany,,FRANK,Frankenversand,München,Germany,Camembert Pierrot,0,Dairy Products,34.0,36,0.05
11012,1998-04-09,1998-04-23,1998-04-17,242.95,Germany,,FRANK,Frankenversand,München,Germany,Flotemysost,0,Dairy Products,21.5,60,0.05
11013,1998-04-09,1998-05-07,1998-04-10,32.99,Spain,,ROMEY,Romero y tomillo,Madrid,Spain,Tunnbröd,0,Grains/Cereals,9.0,10,0.0
11013,1998-04-09,1998-05-07,1998-04-10,32.99,Spain,,ROMEY,Romero y tomillo,Madrid,Spain,Singaporean Hokkien Fried Mee,1,Grains/Cereals,14.0,4,0.0
11013,1998-04-09,1998-05-07,1998-04-10,32.99,Spain,,ROMEY,Romero y tomillo,Madrid,Spain,Rogede sild,0,Seafood,9.5,20,0.0
11013,1998-04-09,1998-05-07,1998-04-10,32.99,Spain,,ROMEY,Romero y tomillo,Madrid,Spain,Scottish Longbreads,0,Confections,12.5,2,0.0
11014,1998-04-10,1998-05-08,1998-04-15,23.6,Venezuela,Nueva Esparta,LINOD,LINO-Delicateses,I. de Margarita,Venezuela,Jack's New England Clam Chowder,0,Seafood,9.65,28,0.1
11015,1998-04-10,1998-04-24,1998-04-20,4.62,Norway,,SANTG,Santé Gourmet,Stavern,Norway,Nord-Ost Matjeshering,0,Seafood,25.89,15,0.0
11015,1998-04-10,1998-04-24,1998-04-20,4.62,Norway,,SANTG,Santé Gourmet,Stavern,Norway,Original Frankfurter grüne Soße,0,Condiments,13.0,18,0.0
11016,1998-04-10,1998-05-08,1998-04-13,33.8,UK,Essex,AROUT,Around the Horn,London,UK,Gorgonzola Telino,0,Dairy Products,12.5,15,0.0
11016,1998-04-10,1998-05-08,1998-04-13,33.8,UK,Essex,AROUT,Around the Horn,London,UK,Inlagd Sill,0,Seafood,19.0,16,0.0
11017,1998-04-13,1998-05-11,1998-04-20,754.26,Austria,,ERNSH,Ernst Handel,Graz,Austria,Aniseed Syrup,0,Condiments,10.0,25,0.0
11017,1998-04-13,1998-05-11,1998-04-20,754.26,Austria,,ERNSH,Ernst Handel,Graz,Austria,Raclette Courdavault,0,Dairy Products,55.0,110,0.0
11017,1998-04-13,1998-05-11,1998-04-20,754.26,Austria,,ERNSH,Ernst Handel,Graz,Austria,Outback Lager,0,Beverages,15.0,30,0.0
11018,1998-04-13,1998-05-11,1998-04-16,11.65,USA,OR,LONEP,Lonesome Pine Restaurant,Portland,USA,Queso Manchego La Pastora,0,Dairy Products,38.0,20,0.0
11018,1998-04-13,1998-05-11,1998-04-16,11.65,USA,OR,LONEP,Lonesome Pine Restaurant,Portland,USA,Carnarvon Tigers,0,Seafood,62.5,10,0.0
11018,1998-04-13,1998-05-11,1998-04-16,11.65,USA,OR,LONEP,Lonesome Pine Restaurant,Portland,USA,Gnocchi di nonna Alice,0,Grains/Cereals,38.0,5,0.0
11019,1998-04-13,1998-05-11,,3.17,Argentina,,RANCH,Rancho grande,Buenos Aires,Argentina,Spegesild,0,Seafood,12.0,3,0.0
11019,1998-04-13,1998-05-11,,3.17,Argentina,,RANCH,Rancho grande,Buenos Aires,Argentina,Maxilaku,0,Confections,20.0,2,0.0
11020,1998-04-14,1998-05-12,1998-04-16,43.3,Germany,,OTTIK,Ottilies Käseladen,Köln,Germany,Ikura,0,Seafood,31.0,24,0.15
11021,1998-04-14,1998-05-12,1998-04-21,297.18,Germany,,QUICK,QUICK-Stop,Cunewalde,Germany,Chang,1,Beverages,19.0,11,0.25
11021,1998-04-14,1998-05-12,1998-04-21,297.18,Germany,,QUICK,QUICK-Stop,Cunewalde,Germany,Sir Rodney's Marmalade,0,Confections,81.0,15,0.0
11021,1998-04-14,1998-05-12,1998-04-21,297.18,Germany,,QUICK,QUICK-Stop,Cunewalde,Germany,Gumbär Gummibärchen,0,Confections,31.23,63,0.0
11021,1998-04-14,1998-05-12,1998-04-21,297.18,Germany,,QUICK,QUICK-Stop,Cunewalde,Germany,Manjimup Dried Apples,0,Produce,53.0,44,0.25
11021,1998-04-14,1998-05-12,1998-04-21,297.18,Germany,,QUICK,QUICK-Stop,Cunewalde,Germany,Mozzarella di Giovanni,0,Dairy Products,34.8,35,0.0
11022,1998-04-14,1998-05-12,1998-05-04,6.27,Brazil,RJ,HANAR,Hanari Carnes,Rio de Janeiro,Brazil,Teatime Chocolate Biscuits,0,Confections,9.2,35,0.0
11022,1998-04-14,1998-05-12,1998-05-04,6.27,Brazil,RJ,HANAR,Hanari Carnes,Rio de Janeiro,Brazil,Gudbrandsdalsost,0,Dairy Products,36.0,30,0.0
11023,1998-04-14,1998-04-28,1998-04-24,123.83,UK,,BSBEV,B's Beverages,London,UK,Uncle Bob's Organic Dried Pears,0,Produce,30.0,4,0.0
11023,1998-04-14,1998-04-28,1998-04-24,123.83,UK,,BSBEV,B's Beverages,London,UK,Ipoh Coffee,0,Beverages,46.0,30,0.0
11024,1998-04-15,1998-05-13,1998-04-20,74.36,UK,,EASTC,Eastern Connection,London,UK,Gumbär Gummibärchen,0,Confections,31.23,12,0.0
11024,1998-04-15,1998-05-13,1998-04-20,74.36,UK,,EASTC,Eastern Connection,London,UK,Geitost,0,Dairy Products,2.5,30,0.0
11024,1998-04-15,1998-05-13,1998-04-20,74.36,UK,,EASTC,Eastern Connection,London,UK,Louisiana Fiery Hot Pepper Sauce,0,Condiments,21.05,21,0.0
11024,1998-04-15,1998-05-13,1998-04-20,74.36,UK,,EASTC,Eastern Connection,London,UK,Flotemysost,0,Dairy Products,21.5,50,0.0
11025,1998-04-15,1998-05-13,1998-04-24,29.17,Finland,,WARTH,Wartian Herkku,Oulu,Finland,Chai,1,Beverages,18.0,10,0.1
11025,1998-04-15,1998-05-13,1998-04-24,29.17,Finland,,WARTH,Wartian Herkku,Oulu,Finland,Konbu,0,Seafood,6.0,20,0.1
11026,1998-04-15,1998-05-13,1998-04-28,47.09,Italy,,FRANS,Franchi S.p.A.,Torino,Italy,Carnarvon Tigers,0,Seafood,62.5,8,0.0
11026,1998-04-15,1998-05-13,1998-04-28,47.09,Italy,,FRANS,Franchi S.p.A.,Torino,Italy,Manjimup Dried Apples,0,Produce,53.0,10,0.0
11027,1998-04-16,1998-05-14,1998-04-20,52.52,Canada,BC,BOTTM,Bottom-Dollar Markets,Tsawassen,Canada,Guaraná Fantástica,1,Beverages,4.5,30,0.25
11027,1998-04-16,1998-05-14,1998-04-20,52.52,Canada,BC,BOTTM,Bottom-Dollar Markets,Tsawassen,Canada,Tarte au sucre,0,Confections,49.3,21,0.25
11028,1998-04-16,1998-05-14,1998-04-22,29.59,Germany,,KOENE,Königlich Essen,Brandenburg,Germany,Pâté chinois,0,Meat/Poultry,24.0,35,0.0
11028,1998-04-16,1998-05-14,1998-04-22,29.59,Germany,,KOENE,Königlich Essen,Brandenburg,Germany,Raclette Courdavault,0,Dairy Products,55.0,24,0.0
11029,1998-04-16,1998-05-14,1998-04-27,47.84,Switzerland,,CHOPS,Chop-suey Chinese,Bern,Switzerland,Gnocchi di nonna Alice,0,Grains/Cereals,38.0,20,0.0
11029,1998-04-16,1998-05-14,1998-04-27,47.84,Switzerland,,CHOPS,Chop-suey Chinese,Bern,Switzerland,Vegie-spread,0,Condiments,43.9,12,0.0
11030,1998-04-17,1998-05-15,1998-04-27,830.75,USA,ID,SAVEA,Save-a-lot Markets,Boise,USA,Chang,1,Beverages,19.0,100,0.25
11030,1998-04-17,1998-05-15,1998-04-27,830.75,USA,ID,SAVEA,Save-a-lot Markets,Boise,USA,Chef Anton's Gumbo Mix,1,Condiments,21.35,70,0.0
11030,1998-04-17,1998-05-15,1998-04-27,830.75,USA,ID,SAVEA,Save-a-lot Markets,Boise,USA,Thüringer Rostbratwurst,1,Meat/Poultry,123.79,60,0.25
11030,1998-04-17,1998-05-15,1998-04-27,830.75,USA,ID,SAVEA,Save-a-lot Markets,Boise,USA,Raclette Courdavault,0,Dairy Products,55.0,100,0.25
11031,1998-04-17,1998-05-15,1998-04-24,227.22,USA,ID,SAVEA,Save-a-lot Markets,Boise,USA,Chai,1,Beverages,18.0,45,0.0
11031,1998-04-17,1998-05-15,1998-04-24,227.22,USA,ID,SAVEA,Save-a-lot Markets,Boise,USA,Konbu,0,Seafood,6.0,80,0.0
11031,1998-04-17,1998-05-15,1998-04-24,227.22,USA,ID,SAVEA,Save-a-lot Markets,Boise,USA,Guaraná Fantástica,1,Beverages,4.5,21,0.0
11031,1998-04-17,1998-05-15,1998-04-24,227.22,USA,ID,SAVEA,Save-a-lot Markets,Boise,USA,Wimmers gute Semmelknödel,0,Grains/Cereals,33.25,20,0.0
11031,1998-04-17,1998-05-15,1998-04-24,227.22,USA,ID,SAVEA,Save-a-lot Markets,Boise,USA,Flotemysost,0,Dairy Products,21.5,16,0.0
11032,1998-04-17,1998-05-15,1998-04-23,606.19,USA,WA,WHITC,White Clover Markets,Seattle,USA,Inlagd Sill,0,Seafood,19.0,35,0.0
11032,1998-04-17,1998-05-15,1998-04-23,606.19,USA,WA,WHITC,White Clover Markets,Seattle,USA,Côte de Blaye,0,Beverages,263.5,25,0.0
11032,1998-04-17,1998-05-15,1998-04-23,606.19,USA,WA,WHITC,White Clover Markets,Seattle,USA,Raclette Courdavault,0,Dairy Products,55.0,30,0.0
11033,1998-04-17,1998-05-15,1998-04-23,84.74,Switzerland,,RICSU,Richter Supermarkt,Genève,Switzerland,Perth Pasties,1,Meat/Poultry,32.8,70,0.1
11033,1998-04-17,1998-05-15,1998-04-23,84.74,Switzerland,,RICSU,Richter Supermarkt,Genève,Switzerland,Gudbrandsdalsost,0,Dairy Products,36.0,36,0.1
11034,1998-04-20,1998-06-01,1998-04-27,40.32,USA,AK,OLDWO,Old World Delicatessen,Anchorage,USA,Sir Rodney's Scones,0,Confections,10.0,15,0.1
11034,1998-04-20,1998-06-01,1998-04-27,40.32,USA,AK,OLDWO,Old World Delicatessen,Anchorage,USA,Gula Malacca,0,Condiments,19.45,12,0.0
11034,1998-04-20,1998-06-01,1998-04-27,40.32,USA,AK,OLDWO,Old World Delicatessen,Anchorage,USA,Sirop d'érable,0,Condiments,28.5,6,0.0
11035,1998-04-20,1998-05-18,1998-04-24,0.17,Belgium,,SUPRD,Suprêmes délices,Charleroi,Belgium,Chai,1,Beverages,18.0,10,0.0
11035,1998-04-20,1998-05-18,1998-04-24,0.17,Belgium,,SUPRD,Suprêmes délices,Charleroi,Belgium,Steeleye Stout,0,Beverages,18.0,60,0.0
11035,1998-04-20,1998-05-18,1998-04-24,0.17,Belgium,,SUPRD,Suprêmes délices,Charleroi,Belgium,Singaporean Hokkien Fried Mee,1,Grains/Cereals,14.0,30,0.0
11035,1998-04-20,1998-05-18,1998-04-24,0.17,Belgium,,SUPRD,Suprêmes délices,Charleroi,Belgium,Tourtière,0,Meat/Poultry,7.45,10,0.0
11036,1998-04-20,1998-05-18,1998-04-22,149.47,Germany,,DRACD,Drachenblut Delikatessen,Aachen,Germany,Konbu,0,Seafood,6.0,7,0.0
11036,1998-04-20,1998-05-18,1998-04-22,149.47,Germany,,DRACD,Drachenblut Delikatessen,Aachen,Germany,Raclette Courdavault,0,Dairy Products,55.0,30,0.0
11037,1998-04-21,1998-05-19,1998-04-27,3.2,Spain,,GODOS,Godos Cocina Típica,Sevilla,Spain,Outback Lager,0,Beverages,15.0,4,0.0
11038,1998-04-21,1998-05-19,1998-04-30,29.59,Belgium,,SUPRD,Suprêmes délices,Charleroi,Belgium,Boston Crab Meat,0,Seafood,18.4,5,0.2
11038,1998-04-21,1998-05-19,1998-04-30,29.59,Belgium,,SUPRD,Suprêmes délices,Charleroi,Belgium,Filo Mix,0,Grains/Cereals,7.0,2,0.0
11038,1998-04-21,1998-05-19,1998-04-30,29.59,Belgium,,SUPRD,Suprêmes délices,Charleroi,Belgium,Flotemysost,0,Dairy Products,21.5,30,0.0
11039,1998-04-21,1998-05-19,,65.0,Venezuela,Nueva Esparta,LINOD,LINO-Delicateses,I. de Margarita,Venezuela,Rössle Sauerkraut,1,Produce,45.6,20,0.0
11039,1998-04-21,1998-05-19,,65.0,Venezuela,Nueva Esparta,LINOD,LINO-Delicateses,I. de Margarita,Venezuela,Steeleye Stout,0,Beverages,18.0,24,0.0
11039,1998-04-21,1998-05-19,,65.0,Venezuela,Nueva Esparta,LINOD,LINO-Delicateses,I. de Margarita,Venezuela,Maxilaku,0,Confections,20.0,60,0.0
11039,1998-04-21,1998-05-19,,65.0,Venezuela,Nueva Esparta,LINOD,LINO-Delicateses,I. de Margarita,Venezuela,Ravioli Angelo,0,Grains/Cereals,19.5,28,0.0
11040,1998-04-22,1998-05-20,,18.84,USA,OR,GREAL,Great Lakes Food Market,Eugene,USA,Sir Rodney's Scones,0,Confections,10.0,20,0.0
11041,1998-04-22,1998-05-20,1998-04-28,48.22,Switzerland,,CHOPS,Chop-suey Chinese,Bern,Switzerland,Chang,1,Beverages,19.0,30,0.2
11041,1998-04-22,1998-05-20,1998-04-28,48.22,Switzerland,,CHOPS,Chop-suey Chinese,Bern,Switzerland,Vegie-spread,0,Condiments,43.9,30,0.0
11042,1998-04-22,1998-05-06,1998-05-01,29.99,Brazil,SP,COMMI,Comércio Mineiro,Sao Paulo,Brazil,Gula Malacca,0,Condiments,19.45,15,0.0
11042,1998-04-22,1998-05-06,1998-05-01,29.99,Brazil,SP,COMMI,Comércio Mineiro,Sao Paulo,Brazil,Sirop d'érable,0,Condiments,28.5,4,0.0
11043,1998-04-22,1998-05-20,1998-04-29,8.8,France,,SPECD,Spécialités du monde,Paris,France,Queso Cabrales,0,Dairy Products,21.0,10,0.0
11044,1998-04-23,1998-05-21,1998-05-01,8.72,Poland,,WOLZA,Wolski  Zajazd,Warszawa,Poland,Tarte au sucre,0,Confections,49.3,12,0.0
11045,1998-04-23,1998-05-21,,70.58,Canada,BC,BOTTM,Bottom-Dollar Markets,Tsawassen,Canada,Geitost,0,Dairy Products,2.5,15,0.0
11045,1998-04-23,1998-05-21,,70.58,Canada,BC,BOTTM,Bottom-Dollar Markets,Tsawassen,Canada,Manjimup Dried Apples,0,Produce,53.0,24,0.0
11046,1998-04-23,1998-05-21,1998-04-24,71.64,Germany,,WANDK,Die Wandernde Kuh,Stuttgart,Germany,Queso Manchego La Pastora,0,Dairy Products,38.0,20,0.05
11046,1998-04-23,1998-05-21,1998-04-24,71.64,Germany,,WANDK,Die Wandernde Kuh,Stuttgart,Germany,Mascarpone Fabioli,0,Dairy Products,32.0,15,0.05
11046,1998-04-23,1998-05-21,1998-04-24,71.64,Germany,,WANDK,Die Wandernde Kuh,Stuttgart,Germany,Steeleye Stout,0,Beverages,18.0,18,0.05
11047,1998-04-24,1998-05-22,1998-05-01,46.62,UK,,EASTC,Eastern Connection,London,UK,Chai,1,Beverages,18.0,25,0.25
11047,1998-04-24,1998-05-22,1998-05-01,46.62,UK,,EASTC,Eastern Connection,London,UK,Chef Anton's Gumbo Mix,1,Condiments,21.35,30,0.25
11048,1998-04-24,1998-05-22,1998-04-30,24.12,Canada,BC,BOTTM,Bottom-Dollar Markets,Tsawassen,Canada,Scottish Longbreads,0,Confections,12.5,42,0.0
11049,1998-04-24,1998-05-22,1998-05-04,8.34,Brazil,SP,GOURL,Gourmet Lanchonetes,Campinas,Brazil,Chang,1,Beverages,19.0,10,0.2
11049,1998-04-24,1998-05-22,1998-05-04,8.34,Brazil,SP,GOURL,Gourmet Lanchonetes,Campinas,Brazil,Queso Manchego La Pastora,0,Dairy Products,38.0,4,0.2
11050,1998-04-27,1998-05-25,1998-05-05,59.41,Sweden,,FOLKO,Folk och fä HB,Bräcke,Sweden,Lakkalikööri,0,Beverages,18.0,50,0.1
11051,1998-04-27,1998-05-25,,2.79,France,,LAMAI,La maison d'Asie,Toulouse,France,Guaraná Fantástica,1,Beverages,4.5,10,0.2
11052,1998-04-27,1998-05-25,1998-05-01,67.26,Brazil,RJ,HANAR,Hanari Carnes,Rio de Janeiro,Brazil,Ipoh Coffee,0,Beverages,46.0,30,0.2
11052,1998-04-27,1998-05-25,1998-05-01,67.26,Brazil,RJ,HANAR,Hanari Carnes,Rio de Janeiro,Brazil,Sirop d'érable,0,Condiments,28.5,10,0.2
11053,1998-04-27,1998-05-25,1998-04-29,53.05,Austria,,PICCO,Piccolo und mehr,Salzburg,Austria,Carnarvon Tigers,0,Seafood,62.5,35,0.2
11053,1998-04-27,1998-05-25,1998-04-29,53.05,Austria,,PICCO,Piccolo und mehr,Salzburg,Austria,Mascarpone Fabioli,0,Dairy Products,32.0,20,0.0
11053,1998-04-27,1998-05-25,1998-04-29,53.05,Austria,,PICCO,Piccolo und mehr,Salzburg,Austria,Wimmers gute Semmelknödel,0,Grains/Cereals,33.25,25,0.2
11054,1998-04-28,1998-05-26,,0.33,Argentina,,CACTU,Cactus Comidas para llevar,Buenos Aires,Argentina,Geitost,0,Dairy Products,2.5,10,0.0
11054,1998-04-28,1998-05-26,,0.33,Argentina,,CACTU,Cactus Comidas para llevar,Buenos Aires,Argentina,Laughing Lumberjack Lager,0,Beverages,14.0,20,0.0
11055,1998-04-28,1998-05-26,1998-05-05,120.92,Venezuela,Táchira,HILAA,HILARION-Abastos,San Cristóbal,Venezuela,Guaraná Fantástica,1,Beverages,4.5,15,0.0
11055,1998-04-28,1998-05-26,1998-05-05,120.92,Venezuela,Táchira,HILAA,HILARION-Abastos,San Cristóbal,Venezuela,NuNuCa Nuß-Nougat-Creme,0,Confections,14.0,15,0.0
11055,1998-04-28,1998-05-26,1998-05-05,120.92,Venezuela,Táchira,HILAA,HILARION-Abastos,San Cristóbal,Venezuela,Manjimup Dried Apples,0,Produce,53.0,20,0.0
11055,1998-04-28,1998-05-26,1998-05-05,120.92,Venezuela,Táchira,HILAA,HILARION-Abastos,San Cristóbal,Venezuela,Ravioli Angelo,0,Grains/Cereals,19.5,20,0.0
11056,1998-04-28,1998-05-12,1998-05-01,278.96,UK,,EASTC,Eastern Connection,London,UK,Uncle Bob's Organic Dried Pears,0,Produce,30.0,40,0.0
11056,1998-04-28,1998-05-12,1998-05-01,278.96,UK,,EASTC,Eastern Connection,London,UK,Pâté chinois,0,Meat/Poultry,24.0,35,0.0
11056,1998-04-28,1998-05-12,1998-05-01,278.96,UK,,EASTC,Eastern Connection,London,UK,Camembert Pierrot,0,Dairy Products,34.0,50,0.0
11057,1998-04-29,1998-05-27,1998-05-01,4.13,UK,,NORTS,North/South,London,UK,Outback Lager,0,Beverages,15.0,3,0.0
11058,1998-04-29,1998-05-27,,31.14,Germany,,BLAUS,Blauer See Delikatessen,Mannheim,Germany,Sir Rodney's Scones,0,Confections,10.0,3,0.0
11058,1998-04-29,1998-05-27,,31.14,Germany,,BLAUS,Blauer See Delikatessen,Mannheim,Germany,Camembert Pierrot,0,Dairy Products,34.0,21,0.0
11058,1998-04-29,1998-05-27,,31.14,Germany,,BLAUS,Blauer See Delikatessen,Mannheim,Germany,Sirop d'érable,0,Condiments,28.5,4,0.0
11059,1998-04-29,1998-06-10,,85.8,Brazil,RJ,RICAR,Ricardo Adocicados,Rio de Janeiro,Brazil,Konbu,0,Seafood,6.0,30,0.0
11059,1998-04-29,1998-06-10,,85.8,Brazil,RJ,RICAR,Ricardo Adocicados,Rio de Janeiro,Brazil,Alice Mutton,1,Meat/Poultry,39.0,12,0.0
11059,1998-04-29,1998-06-10,,85.8,Brazil,RJ,RICAR,Ricardo Adocicados,Rio de Janeiro,Brazil,Camembert Pierrot,0,Dairy Products,34.0,35,0.0
11060,1998-04-30,1998-05-28,1998-05-04,10.98,Italy,,FRANS,Franchi S.p.A.,Torino,Italy,Camembert Pierrot,0,Dairy Products,34.0,4,0.0
11060,1998-04-30,1998-05-28,1998-05-04,10.98,Italy,,FRANS,Franchi S.p.A.,Torino,Italy,Original Frankfurter grüne Soße,0,Condiments,13.0,10,0.0
11061,1998-04-30,1998-06-11,,14.01,USA,OR,GREAL,Great Lakes Food Market,Eugene,USA,Camembert Pierrot,0,Dairy Products,34.0,15,0.0
11062,1998-04-30,1998-05-28,,29.93,Italy,,REGGC,Reggiani Caseifici,Reggio Emilia,Italy,Perth Pasties,1,Meat/Poultry,32.8,10,0.2
11062,1998-04-30,1998-05-28,,29.93,Italy,,REGGC,Reggiani Caseifici,Reggio Emilia,Italy,Outback Lager,0,Beverages,15.0,12,0.2
11063,1998-04-30,1998-05-28,1998-05-06,81.73,Ireland,Co. Cork,HUNGO,Hungry Owl All-Night Grocers,Cork,Ireland,Sasquatch Ale,0,Beverages,14.0,30,0.0
11063,1998-04-30,1998-05-28,1998-05-06,81.73,Ireland,Co. Cork,HUNGO,Hungry Owl All-Night Grocers,Cork,Ireland,Boston Crab Meat,0,Seafood,18.4,40,0.1
11063,1998-04-30,1998-05-28,1998-05-06,81.73,Ireland,Co. Cork,HUNGO,Hungry Owl All-Night Grocers,Cork,Ireland,Jack's New England Clam Chowder,0,Seafood,9.65,30,0.1
11064,1998-05-01,1998-05-29,1998-05-04,30.09,USA,ID,SAVEA,Save-a-lot Markets,Boise,USA,Alice Mutton,1,Meat/Poultry,39.0,77,0.1
11064,1998-05-01,1998-05-29,1998-05-04,30.09,USA,ID,SAVEA,Save-a-lot Markets,Boise,USA,Jack's New England Clam Chowder,0,Seafood,9.65,12,0.0
11064,1998-05-01,1998-05-29,1998-05-04,30.09,USA,ID,SAVEA,Save-a-lot Markets,Boise,USA,Perth Pasties,1,Meat/Poultry,32.8,25,0.1
11064,1998-05-01,1998-05-29,1998-05-04,30.09,USA,ID,SAVEA,Save-a-lot Markets,Boise,USA,Pâté chinois,0,Meat/Poultry,24.0,4,0.1
11064,1998-05-01,1998-05-29,1998-05-04,30.09,USA,ID,SAVEA,Save-a-lot Markets,Boise,USA,Scottish Longbreads,0,Confections,12.5,55,0.0
11065,1998-05-01,1998-05-29,,12.91,Venezuela,Lara,LILAS,LILA-Supermercado,Barquisimeto,Venezuela,Nord-Ost Matjeshering,0,Seafood,25.89,4,0.25
11065,1998-05-01,1998-05-29,,12.91,Venezuela,Lara,LILAS,LILA-Supermercado,Barquisimeto,Venezuela,Tourtière,0,Meat/Poultry,7.45,20,0.25
11066,1998-05-01,1998-05-29,1998-05-04,44.72,USA,WA,WHITC,White Clover Markets,Seattle,USA,Pavlova,0,Confections,17.45,3,0.0
11066,1998-05-01,1998-05-29,1998-05-04,44.72,USA,WA,WHITC,White Clover Markets,Seattle,USA,Teatime Chocolate Biscuits,0,Confections,9.2,42,0.0
11066,1998-05-01,1998-05-29,1998-05-04,44.72,USA,WA,WHITC,White Clover Markets,Seattle,USA,Sasquatch Ale,0,Beverages,14.0,35,0.0
11067,1998-05-04,1998-05-18,1998-05-06,7.98,Germany,,DRACD,Drachenblut Delikatessen,Aachen,Germany,Jack's New England Clam Chowder,0,Seafood,9.65,9,0.0
11068,1998-05-04,1998-06-01,,81.75,Brazil,SP,QUEEN,Queen Cozinha,Sao Paulo,Brazil,Rössle Sauerkraut,1,Produce,45.6,8,0.15
11068,1998-05-04,1998-06-01,,81.75,Brazil,SP,QUEEN,Queen Cozinha,Sao Paulo,Brazil,Ipoh Coffee,0,Beverages,46.0,36,0.15
11068,1998-05-04,1998-06-01,,81.75,Brazil,SP,QUEEN,Queen Cozinha,Sao Paulo,Brazil,Original Frankfurter grüne Soße,0,Condiments,13.0,28,0.15
11069,1998-05-04,1998-06-01,1998-05-06,15.67,Mexico,,TORTU,Tortuga Restaurante,México D.F.,Mexico,Chartreuse verte,0,Beverages,18.0,20,0.0
11070,1998-05-05,1998-06-02,,136.0,Germany,,LEHMS,Lehmanns Marktstand,Frankfurt a.M.,Germany,Chai,1,Beverages,18.0,40,0.15
11070,1998-05-05,1998-06-02,,136.0,Germany,,LEHMS,Lehmanns Marktstand,Frankfurt a.M.,Germany,Chang,1,Beverages,19.0,20,0.15
11070,1998-05-05,1998-06-02,,136.0,Germany,,LEHMS,Lehmanns Marktstand,Frankfurt a.M.,Germany,Pavlova,0,Confections,17.45,30,0.15
11070,1998-05-05,1998-06-02,,136.0,Germany,,LEHMS,Lehmanns Marktstand,Frankfurt a.M.,Germany,Gorgonzola Telino,0,Dairy Products,12.5,20,0.0
11071,1998-05-05,1998-06-02,,0.93,Venezuela,Lara,LILAS,LILA-Supermercado,Barquisimeto,Venezuela,Uncle Bob's Organic Dried Pears,0,Produce,30.0,15,0.05
11071,1998-05-05,1998-06-02,,0.93,Venezuela,Lara,LILAS,LILA-Supermercado,Barquisimeto,Venezuela,Konbu,0,Seafood,6.0,10,0.05
11072,1998-05-05,1998-06-02,,258.64,Austria,,ERNSH,Ernst Handel,Graz,Austria,Chang,1,Beverages,19.0,8,0.0
11072,1998-05-05,1998-06-02,,258.64,Austria,,ERNSH,Ernst Handel,Graz,Austria,Jack's New England Clam Chowder,0,Seafood,9.65,40,0.0
11072,1998-05-05,1998-06-02,,258.64,Austria,,ERNSH,Ernst Handel,Graz,Austria,Valkoinen suklaa,0,Confections,16.25,22,0.0
11072,1998-05-05,1998-06-02,,258.64,Austria,,ERNSH,Ernst Handel,Graz,Austria,Wimmers gute Semmelknödel,0,Grains/Cereals,33.25,130,0.0
11073,1998-05-05,1998-06-02,,24.95,Mexico,,PERIC,Pericles Comidas clásicas,México D.F.,Mexico,Queso Cabrales,0,Dairy Products,21.0,10,0.0
11073,1998-05-05,1998-06-02,,24.95,Mexico,,PERIC,Pericles Comidas clásicas,México D.F.,Mexico,Guaraná Fantástica,1,Beverages,4.5,20,0.0
11074,1998-05-06,1998-06-03,,18.44,Denmark,,SIMOB,Simons bistro,Kobenhavn,Denmark,Pavlova,0,Confections,17.45,14,0.05
11075,1998-05-06,1998-06-03,,6.19,Switzerland,,RICSU,Richter Supermarkt,Genève,Switzerland,Chang,1,Beverages,19.0,10,0.15
11075,1998-05-06,1998-06-03,,6.19,Switzerland,,RICSU,Richter Supermarkt,Genève,Switzerland,Spegesild,0,Seafood,12.0,30,0.15
11075,1998-05-06,1998-06-03,,6.19,Switzerland,,RICSU,Richter Supermarkt,Genève,Switzerland,Lakkalikööri,0,Beverages,18.0,2,0.15
11076,1998-05-06,1998-06-03,,38.28,France,,BONAP,Bon app',Marseille,France,Grandma's Boysenberry Spread,0,Condiments,25.0,20,0.25
11076,1998-05-06,1998-06-03,,38.28,France,,BONAP,Bon app',Marseille,France,Tofu,0,Produce,23.25,20,0.25
11076,1998-05-06,1998-06-03,,38.28,France,,BONAP,Bon app',Marseille,France,Teatime Chocolate Biscuits,0,Confections,9.2,10,0.25
11077,1998-05-06,1998-06-03,,8.53,USA,NM,RATTC,Rattlesnake Canyon Grocery,Albuquerque,USA,Chang,1,Beverages,19.0,24,0.2
11077,1998-05-06,1998-06-03,,8.53,USA,NM,RATTC,Rattlesnake Canyon Grocery,Albuquerque,USA,Aniseed Syrup,0,Condiments,10.0,4,0.0
11077,1998-05-06,1998-06-03,,8.53,USA,NM,RATTC,Rattlesnake Canyon Grocery,Albuquerque,USA,Chef Anton's Cajun Seasoning,0,Condiments,22.0,1,0.0
11077,1998-05-06,1998-06-03,,8.53,USA,NM,RATTC,Rattlesnake Canyon Grocery,Albuquerque,USA,Grandma's Boysenberry Spread,0,Condiments,25.0,1,0.02
11077,1998-05-06,1998-06-03,,8.53,USA,NM,RATTC,Rattlesnake Canyon Grocery,Albuquerque,USA,Uncle Bob's Organic Dried Pears,0,Produce,30.0,1,0.05
11077,1998-05-06,1998-06-03,,8.53,USA,NM,RATTC,Rattlesnake Canyon Grocery,Albuquerque,USA,Northwoods Cranberry Sauce,0,Condiments,40.0,2,0.1
11077,1998-05-06,1998-06-03,,8.53,USA,NM,RATTC,Rattlesnake Canyon Grocery,Albuquerque,USA,Ikura,0,Seafood,31.0,1,0.0
11077,1998-05-06,1998-06-03,,8.53,USA,NM,RATTC,Rattlesnake Canyon Grocery,Albuquerque,USA,Queso Manchego La Pastora,0,Dairy Products,38.0,2,0.05
11077,1998-05-06,1998-06-03,,8.53,USA,NM,RATTC,Rattlesnake Canyon Grocery,Albuquerque,USA,Konbu,0,Seafood,6.0,4,0.0
11077,1998-05-06,1998-06-03,,8.53,USA,NM,RATTC,Rattlesnake Canyon Grocery,Albuquerque,USA,Tofu,0,Produce,23.25,1,0.03
11077,1998-05-06,1998-06-03,,8.53,USA,NM,RATTC,Rattlesnake Canyon Grocery,Albuquerque,USA,Pavlova,0,Confections,17.45,2,0.03
11077,1998-05-06,1998-06-03,,8.53,USA,NM,RATTC,Rattlesnake Canyon Grocery,Albuquerque,USA,Sir Rodney's Marmalade,0,Confections,81.0,1,0.04
11077,1998-05-06,1998-06-03,,8.53,USA,NM,RATTC,Rattlesnake Canyon Grocery,Albuquerque,USA,Tunnbröd,0,Grains/Cereals,9.0,2,0.0
11077,1998-05-06,1998-06-03,,8.53,USA,NM,RATTC,Rattlesnake Canyon Grocery,Albuquerque,USA,Mascarpone Fabioli,0,Dairy Products,32.0,1,0.0
11077,1998-05-06,1998-06-03,,8.53,USA,NM,RATTC,Rattlesnake Canyon Grocery,Albuquerque,USA,Chartreuse verte,0,Beverages,18.0,2,0.05
11077,1998-05-06,1998-06-03,,8.53,USA,NM,RATTC,Rattlesnake Canyon Grocery,Albuquerque,USA,Jack's New England Clam Chowder,0,Seafood,9.65,3,0.0
11077,1998-05-06,1998-06-03,,8.53,USA,NM,RATTC,Rattlesnake Canyon Grocery,Albuquerque,USA,Spegesild,0,Seafood,12.0,3,0.02
11077,1998-05-06,1998-06-03,,8.53,USA,NM,RATTC,Rattlesnake Canyon Grocery,Albuquerque,USA,Filo Mix,0,Grains/Cereals,7.0,2,0.0
11077,1998-05-06,1998-06-03,,8.53,USA,NM,RATTC,Rattlesnake Canyon Grocery,Albuquerque,USA,Pâté chinois,0,Meat/Poultry,24.0,2,0.0
11077,1998-05-06,1998-06-03,,8.53,USA,NM,RATTC,Rattlesnake Canyon Grocery,Albuquerque,USA,Camembert Pierrot,0,Dairy Products,34.0,2,0.06
11077,1998-05-06,1998-06-03,,8.53,USA,NM,RATTC,Rattlesnake Canyon Grocery,Albuquerque,USA,Wimmers gute Semmelknödel,0,Grains/Cereals,33.25,2,0.03
11077,1998-05-06,1998-06-03,,8.53,USA,NM,RATTC,Rattlesnake Canyon Grocery,Albuquerque,USA,Louisiana Hot Spiced Okra,0,Condiments,17.0,1,0.0
11077,1998-05-06,1998-06-03,,8.53,USA,NM,RATTC,Rattlesnake Canyon Grocery,Albuquerque,USA,Röd Kaviar,0,Seafood,15.0,2,0.01
11077,1998-05-06,1998-06-03,,8.53,USA,NM,RATTC,Rattlesnake Canyon Grocery,Albuquerque,USA,Rhönbräu Klosterbier,0,Beverages,7.75,4,0.0
11077,1998-05-06,1998-06-03,,8.53,USA,NM,RATTC,Rattlesnake Canyon Grocery,Albuquerque,USA,Original Frankfurter grüne Soße,0,Condiments,13.0,2,0.0
